사용자,평점,댓글 내용,감정
이동진 평론가,3,눈길을 끄는 설정에 맞게 제대로 캐스팅한 후 명확한 목표지점을 향해 질주한다.,긍정
JY,3,"그 상황에 모두 최선을 다한다는게
이 영화의 미덕이고
중반까지 나름 힘있게 유지한다
.
.
하지만
라스트씬은 반드시
그의 손으로 끝을봐야겠다고 결론지어놓고
역산하듯 진행되는 후반부가
매우매우매우 아쉽다
그 고집을 위해서
인물들이 하나둘씩
바보가 되기 시작하기 때문에",긍정
손정빈 기자,3,"난 이 영화에 불만이 없다. 의도한대로 만들었고, 목표를 달성한 영화였다.

물론 한 장면 씩 따지고 들어가면 다양한 비판을 할 수 있을 것이다. 하지만 이 영화 내에 있는 다소 엉성한 부분들은 미처 생각하지 못한 게 아니라 미리 생각하고 포기한 것들로 보인다. 별점으로 얘기하자면 애초에 별 세 개 이상을 받을 생각이 없는 영화랄까. 다른 건 상관하지 않고, 관객과 함께 아무 생각 없이 1시간30분을 내달리는 것. 그게 '인질'의 목표다. 난 이게 영화의 역할 중 하나라고 생각한다. 많은 관객이 이런 영화를 원할 것이다.

이 영화의 가장 큰 힘은 캐스팅이다. '1000만 배우 황정민' 납치됐다는 설정은 캐스팅으로 성립한다. 이 영화에 출연하는 배우 중 관객이 얼굴을 알 만한 배우는 황정민 외에 없다. 말하자면, 정말 황정민이 납치된 느낌을 준다는 것이다.

이 선택엔 꽤나 용기가 필요했을 거라고 본다. 황정민이 국내 최고 흥행 배우이긴 해도 뒷받침해줄 배우를 생각 안 할 수는 없지 않나. 그런데 '인질'은 그걸 과감하게 내려놨다(그렇게 제작비도 줄였다). 그게 이 영화를 살리는 길이라고 생각했을 것이다. '배우 황정민이 납치됐다'는 다소 유치한 설정은 그렇게 힘을 갖게 됐다.

황정민 납치범으로 나오는 배우들의 연기가 매우 인상적이다. 앞으로 많은 작품에서 이들의 얼굴을 볼 수 있을 것 같다.

(이 캐스팅에 대해선 앞으로 쓰게 될 기사에서 다뤄보고 싶다. '캐스팅이 곧 메시지'라는 식의 기사가 될 것 같다.)

다만 아쉬운 게 있다면, 이렇게 캐스팅을 잘해놓고 다소 전형적인 캐릭터를 만들어버렸다는 점이다. 황정민 납치범들이 전형성을 벗어나 더 거칠고 더 리얼했다면 긴장감은 배가 됐을 것이다.",긍정
겨울비,2,"실제 황정민이 납치 되었다는 설정만 새로울뿐 모든건 예상 가능한, 보아온 것들의 총집합

+ 몇몇 배우 제외하곤 전체적인 연기톤이 너무나 연극톤
+ 늘 무능한건 경찰이란 클리셰는 그렇다쳐도 막판엔 그저 헛웃음만",부정
영화보고 밥먹고 커피마시고 산책해요,2,"더 리얼 했어야 했다.  본인을 완전히 오픈해 더 나아가 페이크 다큐와 유사한 영화로 제작했다면 이 영화의 특징이 더 잘 살지 않았을까?
대중들이 익히 알고 있는 스크린 속 황정민의 이미지만 보일 뿐이다.",부정
박서하,2.5,배우의 고생을 최대한 과시하려는 강박.,중립
Dh,3,"어이 브라더, 돈만 내놔 살려는 드릴께
  나쁘지 않은 선택과 접근. 다만, 갠적으로 악역 배우들 연기가 다소 아쉽다
#드루와 이쒸 (리얼하게)
#롯데시네마",긍정
뭅먼트,1.5,그럴싸한 컨셉의 뒤꽁무니를 쫓아가기에만 급급한 영화.,부정
이건영(everyhuman),2.5,드루온 것은 쉬이 나가지 못한다.,중립
윤제아빠,2.5,"분명히 뭔가를 더 기대했는데 익숙한 맛에 더이상 찾지않을 맛집의 허무함.
.
.
#현실과영화를아우른대범함이
#현실과영화를양분화한실수로",중립
황재윤,3,죽기살기로 뛰는 황정민을 보는 것은 언제나 즐겁구나.,긍정
리얼리스트,3,"어이 정민 부라더 행님 ..
영화가 아주 실감나고 죽여주는구만유..",긍정
CHAEYOOE,2.5,어디선가 많이 본 캐릭터의 전형성이 어디서 못 본 얼굴들의 신선함을 누른다.,중립
석미인,3,이미 잡혀와 있는 애도 한통속이고 나중에 직쏘로 밝혀지는 거 영화 국룰 아니었낭. 또 헛다리 짚었네 헤헤,긍정
언논논,2,#NAME?,부정
다솜땅,3.5,"진짜 황정민의 배우가 자신이름으로 등장하는 영화 ㅋ
시작은 그럴듯 했는데…  지날 수록 ""아. 역시 영화구나'
라는 느낌을 지울수가 없다 ㅎㅎ
모두 수고하셨어요 ㅎㅎ
#21.12.12 (1363)",긍정
Random cul,2,"신박한 소재.
도입부는 빨려들어가나
갈수록 막장의 수준이 많이 어이가 없다.
주인공은 찰떡같이 어울리나
범인이고 경찰이고 강해보이려는 연기?와
과한 설정들이 정말 보기힘들다....
황정민만 황정민했다.",부정
인생은 한편의 영화,3,"황정민만 보인다 너무 황정민 스럽다.
그래도 좋았다 황정민이라",긍정
Zut,3,아니 그냥 총을 쏘라고... 사제 총기 들고 있는 놈들한테도 총을 안 쏘면 어떡해,긍정
Jay Oh,3,"황정민일 필요는 없었지만, 황정민이라 다행이었던. 그래도 더 리얼했다면 어땠을까.
A one-man show, one-man concept.",긍정
martie,3,황정민이 아니었다면 그저그런 범죄물이었을 듯  생각보다 폭력적인장면들이 많다  관전포인트는 황정민인데 그의 맛깔나는 연기들을 즐겨볼 수는 없었다 ㅜ  그냥 열심히 벗어나려는 모습?   <곡성>의 무당역이 훨씬 흡입력있었다,긍정
주령,2.5,"영화의 최초 편집본이었던 청불버전은 과연 어느 정도였을까
이거보다 독했다 이거지...

'배우' 황정민은 영화를 살렸지만
실존 인물 '황정민'은 영화의 한계를 가져온다.",중립
김병우,3.5,캐스팅과 리얼리티가 일궈낸 가장 특별한 성과.,긍정
수진,3,하드보일드 황정민의 혼신의 힘을 다한 고군분투.,긍정
차지훈,3,"인제
질리는 캐릭터들의 나열과 그 과도한 폭력. 딱 그만큼.",긍정
P1,3,박성웅: 정민이형 뭐야?ㅋㅋ 뭐 납치라도 당했어?ㅋㅋㅋㅋ하 이거원~,긍정
팬서,2.5,종점에 도착하고 나서 돌아보니 정작 이야기를 받쳐줘야 했던 인상적 설정은 잊힌지 오래.,중립
임판호,2.5,"호기롭게 시작하고 이다지도 진부할수가.
덧! 러닝이 94분이라는게 아쉬울 줄 알았는데 차라리 다행이었다.
덧덧! 뒷자리 앉은 커플 작작 좀 떠듭시다. 전세가 아니라 자가인줄 알겠어..보고 나온 사람들 다 그쪽 욕하면서 나옵디다.",중립
Lemonia,2.5,"영화는 인질극을 소재로 한 만큼 큰 틀에서 클리셰를 벗어나지는 못한다. 큰 목적의식이 없는 범인들과 무능한 경찰이 벌이는 수사 과정을 보다 보면, 이입할 대상이 없어져 관객은 길을 잃어버리기 마련이다. 애초에 톱스타인 황정민은 평범함과는 거리가 먼 존재이고, 이 장르급에서 경찰이 범인을 잡을 거라 믿는 관객은 거의 없을 것이다. 그래서 할 수 있는 건 그저 이야기를 멀리서 지켜보는 것뿐이다. 황정민의 원 맨 쇼에만 의지하다 보니, 이로 인하여 부득이하게 단순해지고만 납치 플롯까지. 다만 이를 조금씩 변주하며 결말로 향하기까지 긴장감을 놓지 않게 만들려고 부단히 노력은 하는 편이다.",중립
크리스 X 엔터테인먼트,3.5,황정민이 보여줄수 있는/가장 잘하는 모든 연기를 여기서 다 볼수 있다.,긍정
지수_evol,2.5,"선하고 인간적이며 용감무쌍한 배우 황정민의 단독 플레이를 위해 볼모로 잡힌 단순하고 납작하며 멍청한 악역 캐릭터들.
(배우들의 연기력과 무관하게 감독의 연출은 욕설과 고함치는 것 말고는 악당을 표현할 줄 모르는 듯하고, 한동안 한 배우를 'C컵 배우'로 낙인찍히게 할 것 같은 장면은 불쾌하며, 게다가 결말 부분은 대한민국 경찰의 위상을 너무 떨어뜨리지 않나 싶을 정도다.)",중립
leo,2.5,"대배우 황정민을 위한 리스펙
다음편은 박성웅으로 기대합니다",중립
뚱이에요,2.5,황정민은 리얼리티를 만들고 그 리얼리티는 긴장감을 자아낸다. 의도에 충실하지만 간혹 긴장감을 해치는 요소들과 다소 과해보이는 지점들은 영화의 본질을 흐리고만다.,중립
HBJ,3,"'인질'은 톱스타 황정민이 어느 날 괴한들에게 납치당하게 된 스릴러 영화다. 황정민이 본인을 연기하는 납치극이라는 점에서 분명 흥미로운 설정을 영화는 적절히 활용하여 평범한 납치 스릴러를 좀 더 몰입감 있게 전개한다.

대한민국 최고의 흥행 배우 중 한 명인 황정민을 원톱으로 내세우는 이 영화는 황정민의 가장 유명한 필모들, 아니면 적어도 그 내용이나 명대사들을 어느 정도 알면 분명 더 재미있게 볼 수 있긴 하다. 하지만 생각보다 황정민이라는 인물은 영화의 큰 흐름에서는 크게 중요하지 않고, 사실 그냥 유명 배우이기만 하면 아무나 넣어도 되긴 했을 것 같다. 하지만 한국에서 가장 유명한 얼굴들 중 하나이자 연기력도 최고인 배우가 본인을 연기하는 만큼 분명 더욱 진실되고 실감있고 몰입감 있게 느껴진다. 그런 면에서 이 영화는 황정민이라는 배우와 그의 카리스마의 덕을 굉장히 많이 본다. 하지만 그에 못지 않게 영화의 수많은 조연 배우들은 각자 좋은 연기를 보여주며, 특히 납치범들을 연기한 배우들은 상대역이 황정민이라는 대배우임에도 불구하고 존재감에 있어서는 전혀 밀리지 않는다. 개인적으로 이 영화에서 김재범 배우가 가장 인상적이었다. 그 외에 영화의 이야기 자체는 사실 납치/감금 스릴러의 전형적인 전개와 클리셰들을 충실하게 따라가긴 하며, 개연성 면에서도 분명 아쉬운 점들이 있다. 하지만 영화는 배우들의 열연과 스릴있는 액션을 통해 그런 단점들을 최대한 가리고, 그 단점들에 대해 생각하기 전에 끝나는 짧은 러닝타임의 덕도 본다.",긍정
신상훈남,4,"한국영화깨나 본 사람들은 '이미 본 적이 있는' 인물에게 익숙함을 느끼고 있다. 그 배우는 한 작품에서 두각을 나타내어 앞으로의 영화에 캐스팅을 받게 되는 것이다. 식상하지만 영화를 제작하는 입장에선 어쩔 수 없는 것이다. 라이징 스타를 캐스팅해야 화제성도 높아지고, 그만큼 탄탄한 연기력을 가지고 있는 배우를 누구나 필요로 하니까. 그런데, 이 영화엔 '처음 보는 낯선' 인물들이 대거 등장한다. 이렇게나 모르는 배우들이 많이 나오는 한국영화는 정말 오랜만이다. 그래서인지 신선하고 여태껏 맛보지 않았던 새로운 맛을 발견한 기분이다. 장르는 흔할지언정 그 장르를 어떻게 풀어나가는지에 대한 고찰은 충분히 희귀했다.

신선한 캐스팅은 흥미 유발하기엔 제격이었으나 그 흥미는 그리 오래 가지 못했다. 사실적임과 동시에 구체적이고 공감되는 부분이 조금이라도 있어야 좋은 캐릭터라고 할 수 있는데, 주인공은 그렇다 쳐도 악역들의 캐릭터 분배가 매우 부적절했다고 생각한다. 전체적인 스타일 자체는 나쁘지 않았다. 점잖으면서도 내면의 차가움이 느껴지는 드레스코드, 반삭과 바람막이의 힙한 조화, 탈모가 의심되는 헤어의 배불뚝이. 의상과 이미지가 주는 인식은 분명 괜찮았는데, 하나같이 '인상이 강하다'거나 '이렇다 할 행동' 같은 건 보여주지 않는다. 그나마 사랑하는 여자가 죽고 나서 태도가 돌변하는 '염동훈'이라는 캐릭터가 제일 나았다.

[이 영화의 명장면 🎥]

1. 납치

사실 '주인공이 납치가 될 것이다'는 사실을 몰랐던 사람은 아무도 없다. 제목부터 '인질'이고, 이 이야기는 납치가 된다는 사실 자체를 인지하는 것보다 납치가 된 후로부터의 이야기에 초점이 맞추어져있기 때문이다. 그래도 '어떻게 납치되는지'를 '어떻게 보여주는지'도 중요한 건 사실이었다. 때문에 더 유심히 지켜봤던 것 같다.
우선 인질범들의 접근이 생각보다 느슨해서 많이 놀랐다. 술에 취한 악동들로 보이기도 하고, 생각도 많이 없어 보였다. 그런데도 분명 알 수 없는 공포가 느껴졌다. 정말 저런 식으로 납치가 행해진다면 별다르게 손쓸 도리가 없다고 느껴져서 더욱 무서웠던 장면. 이게 현실에서 일어나겠어?라며 안심하다가도, 괜히 숨이 가빠지게 된다.

2. 탈출

주인공은 납치됐다고 해서 울지도, 기죽지도 않는 강단을 가지고 있고, 침착하게 이 상황을 어떻게 빠져나갈지 고민한다. 그리고 혼신의 힘을 다해 연기를 하여 모두를 속인다. 심지어는 영화를 관람하는 관객까지도. 한 가지 아쉬운 건, 납치를 한 사람들의 입장에선 황정민은 절대 탈출하면 안 되는 사람일 텐데 잠금 장치나 느슨한 주변 환경 같은 것들이 몰입을 방해했다. 그러나 산에서 발을 헛디뎌 고꾸라지는 장면은 스턴트 액션이 미치도록 사실적이고 박진감이 넘쳐서 몇 번이고 계속 돌려보고 싶었다.

3. 최후

왜 황정민이라는 '배우'에게 '배우'라는 직업을 가진 인물을 연기시킨 걸까. 왜 하필 배우일까 생각을 많이 해보았다. 배우는 실로 많은 경험을 겪어봐야 하며, 누구를 연기하든 그에 맞는 감정선을 찾을 수 있어야 한다. 거기에 답이 있었다. 이 영화 속에서 납치를 당한 사람은 납치를 행한 사람에게 어떤 감정을 가지고 있는지, 그 사람이 내 앞에 있다면 어떻게 행동해야 하는지 미리 알고 있던 사람인 것마냥 처절하게 달려든다. 겁이 나지 않았던 건 아니다. 2년 후 인질범을 떠올리는 트라우마가 이를 증명한다. 인간이기에 겁은 날 수 있다. 그러나, 그는 배우이기에 더 이상 겁을 내지 않으려고 한다. 그래서 인질범과 배우가 벌이는 최후의 전투가 이토록 인상적이었던 것 같다.

시간 가는 줄 모르긴 했지만
이제는 시간이 가는 줄 모르는 게 마냥 좋은 것인지는 잘 모르겠다.",긍정
차칸수니리,3.5,"주연 조연(특히 김재범)들 연기는 뛰어나지만 납치범들이 하는 행동 (황정민을 이유없이 싫어하고 갑자기 때리는 ""알고있지만""의 윤솔 , 김재범이 영화 마지막 20분동안 하는 언행 등) 들은 이해하기 힘든 경우가 많았다.",긍정
chan,3,"기대이상으로 재밌다. 이만하면 한 편의 팝콘무비로서 더할나위 없을 정도다. 그런데 황정민이 황정민을 연기한다는 설정상의 독특함을 제대로 활용한 구석이 거의 없다. 카메오의 출연을 통해 이를 단발적인 개그코드로 써먹는다거나 그저 관객의 순간적 흥미만을 이끌어내는 데에 그칠 뿐이다. 나중에는 황정민이 황정민이 아니라 그가 이전에 연기했던 캐릭터인 서도철 내지는 최철기로 보일 지경이다. 물론 영화가 이를 의도하여 새로운 의미를 생산해냈을 리는 만무하다.
.
(스포일러)
굳이 따지자면 영화의 엔딩만큼은 꽤 인상적이었는데 이 영화가 마지막에 이르러서야 이 소재의 특수성을 그럭저럭 잘 써먹었다는 느낌이 들어서다. 영화의 마지막, 황정민은 영화세트장에서 최기환의 모습을 빼닮은 한 신인배우의 얼굴을 보고 질겁한다. 허나 이내 그 공포심을 감춘 뒤 그의 사진촬영에 응하며 영화는 황정민의 상충하는 겉과 속을 포착하며 끝이난다. 황정민은 비단 스크린 내에 종속될 때만 무언가를 연기하지 않는다. 그는 한국영화계의 대들보이자 한명의 스타로서 스크린 밖에서조차 본심을 숨기고 자신에게 덧씌워진 황정민이라는 이미지를 부단히 연기해야만 하는 것이다. <인질>은 이러한 배우와 스타의 존재적 숙명을 드러낸다.",긍정
진태,4,난 보는 동안 설정의 헛점이 보이지 않았다. 그거면 높은 점수를 줄 만하다!,긍정
5jp,3,"인 - 인간적으로 진짜 납치범들 인성이
질 - 질리게끔 느껴졌다.",긍정
예비 작가 장시우,3,명확한 목표지점을 익숙한 경로를 통해 안내한다.,긍정
TERU,2.5,"Good : 황정민의 살신성인
Caution : ﻿가상의 캐릭터라도 성립할 이야기",중립
영미남(영화에 미친 남자),2.5,"(49)실제같아 더 허술해보이는.
👍 : 황정민 배우의 개고생,
👎 : 타 배우의 부족한 연기와 허술한 전개,
스토리 8/20 연기 12/20 연출 9/20 재미 20/40",중립
진면목,4,배우 황정민이 황정민으로 나와서 황정민처럼 연기함.,긍정
Doo,3.5,예고편을 봤을때는 나름 긴장감을 푸는 개그도 있나 했는데 그런것없이 긴장을 풀 수가 없었던 작품이었다. 나름 예상과 다르게 흘러가기도 했는데 아무튼 잘 마무리돼서 다행이다. '황정민' 은 이번 작품에서도 꽤나 이야기에 몰입하게 만들었다.,긍정
스탕달,2,"너무 익숙한 범죄영화인듯.
배우들이 좋았다.
소재의 특성상 심장은 무리없이 쫄깃해짐.
실제와 허구의 부조화도 조금 보인다.",부정
Niknik,2,장소외 치중보다 한정된 공간에서 리얼한 이벤트가 더 그럴싸했더라면. 요밀조밀한 디테일 없이 본래의 취지 이자 핵심이었던 리얼함도 과장으로 전락했다.,부정
OhJoonHo,3,"이 대담한 설정에는 서로를 양 극단으로 끌어당기는 무지막지한 양면성이 존재한다. 하나는 황정민을 납치한다는 설정으로 황정민이 본인을 연기해 ‘실제감을 증폭’시킨다는 점이며, 하나는 공인을 납치한다는 것 자체가 납치범들 스스로를 바보로 만드는 행위라는 것, 즉 특별한 설정을 위해 가장 큰 것을 포기해가며 결국 이것이 ‘영화임을 인정’한다는 점이다. 다행히 포기한 것들을 억지로 주워담으려하지만 않는다면 이것이 나름의 ‘영화적 실제상황’임을 납득하는데는 오래 걸리지 않는다. 쉼 없이 내달리는 동안 황정민이 겪는 모든 고통을 함께 겪게 되고 빠져나갈 여러가지 궁리 또한 함께한다. 그러나 종국에는, 똑똑한 척하는 범인들에게 황정민을 제외한 모든 인물들이 바보가 되어버리면서, 꼭 그의 손으로 모든 상황을 마무리했어야 했나 하는 의문으로 끝난다. 제목이 <황정민>이라면 어땠을지.

P.S
이 영화에서 유일하게 입체적인 캐릭터를 잘 소화해낸 ‘염동훈’ 역, 류경수 배우의 앞날이 기대된다.",긍정
idaein,2.5,참신함과 진부함이 넘나드는 황정민의 팝콘무비.,중립
이진구,2.5,'황정민'이라는 요소를 너무 자세하게 파고들면 자칫 팬무비처럼 보일까봐 조심스러웠던 걸까,중립
임희봉,3,"황정민이라는 배우가 영화에 부여하는 사실성,  끝까지 밟지 못한 엑셀은 아쉽다",긍정
황재민,3,새로운 배우들을 발굴한 것 만으로도 충분한 가치가 있었다,긍정
박상환,3.5,전형적이지만 타율은 높은편,긍정
살벌한놈,2,현실감 있게 질주하다가도 몰입감을 뚝 떨어트리는 지점들이 왕왕 드러난다. 시작은 비범했으나 득점보다 실점이 많아 결국 평이한 범작으로 귀결된다.,부정
최대한 🎬,3,"전국에서 가장 유명한 인질
이렇게까지 공권력이 유명무실 하나 싶다가도
뭔가 '그렇게 될 수도 있겠구나' 하는 허무한 이해",긍정
까망콩,3,가끔 ‘아이디어의 참신함’이 ‘영화로서의 완성도’보다 중요한 영화가 있다. 천만배우 타이틀의 보유자가 선뜻 ‘황정민이 황정민을 연기’할 결심을 하기는 쉽지 않았을텐데 연기자로서의 그릇이 크다는 느낌. 김재범을 스크린에서 보는 반가움도 쏠쏠. 하지만 [퍼니게임]류의 이유없는 악의와 폭력이 불편하다면 보는 내내 좀 힘들 수도 있다.,긍정
새벽,0.5,이제 이런 영화는 그만 나와도 되지 않나 싶습니다 솔직히 별 반 개도 아깝습니다......캐릭터 빌딩이 잘 된 것도 아니고 매우 납작하며 앞뒤없이 자극적인 것만 나열된 전개....원래 이런 감성을 노렸던 거라면 예 말은 더 하지 않겠습니다 근데 앞으로 이 감독 영화를 다시 볼 일은 없을듯 개인적으로 정말 고통스러운 94분이었습니다,부정
킴지,1.5,아이디어 선점에만 급급한 결과,부정
문준모,4,"대한민국 톱스타 황정민이 납치되어 벌어지는 이야기. 뭔가 한번쯤은 상상해본 내용을 그대로 영화로 만든 느낌. 배우들의 연기와 캐스팅이 뭔가 잘어울리기도 했었다. 무엇보다 인질범 배우들을 비교적 대중들에게 덜 알려진 배우들로 캐스팅해서 그런지 더더욱 신선해보이기도 하다. 전개도 빠른 편이고. 근데 생각보다 몇몇 장면은 보면서 살찍 놀라기도. 흠이라면 전개가 조금 예상이 잘 간다는게 단점이라면 단점? 그러나 황정민 배우의 팬이라면 아주 재밌게 볼 듯 하다. 중간중간에 배우의 팬이라면 딱 알아챌만한 재밌는 요소들이 곳곳에 있으니까. 결론적으로 나쁘지 않았던 작품. 뭐 협상같은 작품들에 비하면 잘만든 오락영화.
.
.
.
.
.
.
.
.
(카메오 스포일러)
.
.
.
.
.
.
.
.
+황정민 배우가 황정민 본인으로 출연하는 영화. 보고나서 오늘도 그가 왜 A급 배우인지 다시한번 깨달았다.
+인질범 두목으로 나오는 김재범 배우. 찾아보니까 뮤지컬과 연극 쪽에서 활동하신분이더라. 이 분 차기작 기대된다.
+인질범 일행 중에서 빡빡머리를 하신 분은 류경수 배우. 어디서 본 것 같았는데 항거에서 니시다 역을 맡은 배우였다. 이분도 연기 잘하시더라.
+여성 인질 역할로 나오는 이유미 배우. <박화영>의 세진 역으로 출연한 배우다. 박화영 때도 꽤 매력있다고 생각했었는데 차기작 빨리 보고싶더라...
+인질범 일행 중에서 숏컷을 한 여성은 이호정 배우. <청년경찰>에서 납치당하는 역할로 나오신 분 맞다. 여기서는 정반대인 캐릭터를 연기하시는데, 볼때마다 마스크가 매력적이신듯. 이분도 차기작이 참 기대되는 배우.
+박성웅 배우의 특별출연. 아마 황정민 배우와 신세계 때의 인연으로 출연하신듯?
+이외에 맨 처음 자료화면으로 잠깐 출연하시는 배우들이 있다. 이성민 배우가 대표적.",긍정
황콩이,4,"황정민을 전면에 내세우지만,
실상은 ‘조연’들이 마음껏 뛰어노는 판.
새로운 얼굴들이 너무나 반갑다.
하지만 내용은 스트레쑤…
-
210820. 1215. CGV청주율량. 우기.",긍정
시바견,2.5,주인공만큼이나 익숙한 기성품 종합선물세트,중립
진상명,2.5,"'정말 실제 상황일 때 그는 어떻게 행동할까?'가 자연스레 궁금해진다면 이 프로젝트는 성공인가, 실패인가.",중립
타퇴엽절,3,"황정민이 황정민을 연기하고, 그가 납치된다는 설정의 이 영화에서 가장 중요한 것은 바로 리얼리티이다.. 때문에 가짜라는 생각이 강하게 드는 순간 관객들의 몰입도는 곤두박질칠 것이며, 그에 따라 영화에 대한 만족감이 달라질 것이다.. 개인적으론 황정민을 비롯한 모든 배우들의 열연과  군더더기없이 속도감있게 전개되는 이야기 덕분에 시간 가는 줄 모르고 관람했다..^^",긍정
델라,1.5,"황정민이 본인 배우 이름까지 걸고 찍을만한 영화였는가 라는 고민을 하게 됨.  뜬금없는 섹스씬과 갑자기 가슴을 까며 컵사이즈 운운하는 여캐, 범인한테 무차별적으로 폭행당하는 여자 형사 등 필요없는데 포르노적으로 소비되는 장면이 많금. 베테랑 시절에서 벗어나지 못한 외유내강의 남루한 작품.",부정
ajin,3,"각자 제 역할을 충분히 하고 있는데도 이 영화가 묘하게 어색한 이유는 뭘까

1. 황정민 외 다른 배우들의 연극같은 연기
2.평소 하고 싶었던 것을 이번 기회에 몽땅 때려넣겠다는 신인감독의 의지
3. 큰 테두리는 리얼리티에 초점을 뒀지만 전혀 다른 방향으로 가는 극 후반의 작위적인 연출

그렇지만.. 뭐 조조 정도로는 볼만한 영화 였따",긍정
너른벌  김기철,4,"왠지 충분히 일어날법 한 데다가 황정민이면 저럴거 같은 느낌이었다.
그것 역시 인간 황정민의 모습이 아니라 배우 황정민의 모습일테지만.

#070. 2021. 10. 13. D",긍정
Magnolia,3,"황정민은 역시나, 조연들은 어머나?
생각보다 뻔한 소재를 막힘없이 풀어낸다.",긍정
펭귄펭펭해,4,스포일러가 포함되어 내용을 생략했습니다.,긍정
마르키토,3,인질을 두고 삽질,긍정
강탑구,2.5,"배우를 적극 이용한 괜찮은 기획이 이 영화의 최대 장점이나, 앞이 뻔히 보이는 스릴러적 장치와 상황을 지나치게 많이 우겨넣은 설정 때문에 뒤로 갈수록 힘이 빠지는 건 사실이다. 현실과 영화사이의 간격을 극복하려는 엔딩은 나름 인상적이다.",중립
매영남,1,"명분도, 이유도, 설득도 없이 러닝타임 내내 불편하고 불쾌한 이미지와 장면의 연속이었던 올해 최악의 영화

고생하신 정민이형 생각해서 그나마 별 하나 드립니다",부정
"꽃,,",1.5,소재 빼면 시체인 너무 뻔한 영화.,부정
괴무리,2,영화인들 끼리 재미로 만든거 같다,부정
모나드25,1,관객을 인질로 삼는데는 완전실패한 영화. 배우만 모셔왔다고 영화가 저절로 되는게 아니란다 이 모지리들아!,부정
모란,2.5,"황정민이 연기를 진짜 실감나게 잘한다
황정민이 이 영화를 영화로 만든 것 같다
다른 사람이었다면 이 정도 재미를 만들지 못했을 거다
황정민 외에 연기 연출 스토리가 다 2점인데 황정민 연기가 4점이라 2.5점
예고편만 보고 재밌는 건 줄 알았는데
너무 ㅜ 잔인해서 ㅜ 정말 너무 놀랐다 ; _ ;
.
2021.8.21.광주터미널cgv with fanny",중립
영사남,3.5,"캐스팅으로 완성된 서스펜스, 배우들이 만든 리얼리티",긍정
jyjea,3,고급재료에 자극적인 조미료를 얹는 요리실력으로 만든 밥상...,긍정
유권민,3,"이건 무조건 청불로 갔어야지...
보여줄거 같으면서도 안보여줘서 답답하다.",긍정
슬기로운 영화생활,3,영화 속 황정민이 인질이이라는 설정만 기억에 드루와~,긍정
filmaholic9,4,"재밌다. 황정민과 박성웅 외에는 전부 익숙하지 않은 배우들임에도 불구하고 리얼한 연기로 몰입감을 한층 높여준다. 특히 악당 보스는 정말 무서웠다.

+) 영화에 '불필요한 장면'이란 없다. '꼭 필요한 장면'도 없다. 단지 '재미있는 장면'과 '재미없는 장면'이 있을 뿐이다.",긍정
운앤,0.5,개병신쓰레기영화,부정
S군,0.5,"영화 관련 공부하는사람들은 봐야한다
안좋은 예를 전부다 모아둠
여기서 나온 형식만 피해도 쓰레기영화는 면할 수 있을정도

그냥 클레멘타인 수준의 못만든 영화가 아니라
일부러 허접하게 만드려고 노력한 영화
마치 분야에 해박한 권위자들이 힘을 합쳐서
'어떻게 하면 최악의 작품을 만들 수 있을까
노력을 한 느낌

개연성, 재미, 연출, 액션, 캐릭터, 매력, 연기, 리얼리티 몰입도 모두 부재
킬링타임이라기에도 타임킬링이 너무 안됨

0점이 아닌 -4점정도",부정
ㅠㄹ,2.5,"훌륭한 현장감을 따라가지 못하는 연출과, 특별한 인물이 아닌 가상의 캐릭터로도 가능하다는 사실이 영화의 발목을 잡는다.",중립
DK,,"[21.08.18. 개봉 / 관객수 1,638,437명]
[크랭크인/업 19.05.15.-19.08.13.]
[제작비 80억원]
+ 영화 ‘세이빙 미스터 우’ 리메이크작",알 수 없음
샌드,2.5,"처음 이 영화를 봤을 땐 신선한 기획이다란 생각이 있었는데 다른 영화에서 이미 했었다는 말을 듣고 사실 김이 좀 샜습니다. 어쨌거나 이 영화는 너무나도 익숙한 배우를 납치했다는 설정 자체가 주는 독특한 인상이 있는데, 그 하나만으로 영화를 만들었다고 해도 좋을 정도로 설정에서 나오는 에피소드로 가득합니다.

이 영화의 첫 시작부터 완성하는 끝까지에 가장 유효했던 건 역시 황정민이라는 배우를 캐스팅했다는 점일 것입니다. 영화는 황정민이라는 저명한 배우의 실제 모습을 영화 속으로 끌어 와서 재미를 만들어가기도 하는데, 많은 사람이 알고 있는 배우를 적재적소에 캐스팅해 넣었다는 자체가 영화의 가장 큰 힘이 됩니다.

그러면서 등장하는 다양한 배우가 영화를 짊어지고 있는 한 배우에 기대는 게 아니라 어느 한 곳이 무너지지 않고 서로 합이 맞아가는 연기를 보여준다는 점이 이 영화에서 가장 좋은 점이였습니다. 영화를 보고 있는 동안에서부터 끝나고 나서까지 정말 좋은 배우를 정확한 곳에 위치했다는 생각만큼은 확고하게 들었습니다.

다만 영화에서 가장 아쉬운 점은, 모든 영화가 그럴 수도 있겠다만 특히나 이 영화는 설정과 깔린 판이 유독 가상으로 느껴진다는 점입니다. 당연히 실제로 납치된 것도 아니고 영화라는 걸 가정하고 영화가 만든 볼거리를 즐기면서 보면 되는데, 그만큼 팽팽한 재미가 있진 않아서 극에 완전히 몰입할 수 없었습니다.

영화의 액션이 뚜렷하게 좋은 것도 아니고, 이야기의 동력이 좋아 뒤가 궁금해지는 영화도 아니라 이 영화가 가지고 있는 가장 큰 장점이 그저 나올 것 같은 장면이 그대로 나와서 재밌긴 하구나 정도의 단발적인 소모일 뿐이라 아쉬움이 남았습니다.

그래도 최선의 선택을 해야 하는 상황에서 그를 해낸 영화가 주는 어떤 기본적인 좋은 인상이 있고, 그를 통해서 일반적으로 예상할 수 있는 재미를 착실히 밟아 나가는 점 정도는 좋게 느껴졌습니다.",중립
세훈,2,심지어! 황정민 본인이 본인을 연기해도 그간 보아왔던 모습과 다르지 않다는 점.,부정
손 건,2.5,초반 긴장감의 페이스가 갈수록 옅어진다.,중립
카이,2,황정민배우 고군분투하지만 역부족이었다.,부정
Cinefilo_wd7,2.5,"픽션과 논픽션 사이에 신인이라는 양날의 검은 생각보다 날카롭지 못했다.
.
다른 장점을 극대화하기 위해 포기한 것들이 많아보였고, 그 장점이랄만한 것들이 그런 엉성함을 가리기엔 부족하지 않았나 싶다.
.
신선하지 않은것을 신선하게끔 느껴지게하려고 노력한 듯 보인다.",중립
예린이,3,"Of 황정민, By 황정민, For 황정민",긍정
왕은혜,3,실감나는 황정민 납치극,긍정
김현승,3,"사실 우리나라 경찰은 절대 총을 못 쏘는 걸 풍자한게 아닐까?!
/
등장인물을 실제 인물로 설정한 것이 득이 되지도 실이 되지도 않는다. 유명 배우가 악역으로 나왔다면 몰입감 확 깨졌을텐데 다행.
/
이호정 진짜 이쁘다..
평소에 욕은 잘 안 하는 거 같긴 하네..",긍정
앙리,2.5,악역은 무적이다......,중립
망고무비,2,각본보다 인질 캐스팅에 신경쓴듯한.,부정
Ben,3,이 영화가 자체적으로 가지고 있는 성취랄 것이 딱히 없어서 마땅히 평가할게 없다. 그냥 배우 황정민이 대중에게 어떤 이미지였는지가 전부이다. 그리고 종국에는 우리가 이 배우를 얼마나 사랑하는지 깨닫게 된다.,긍정
윤노,1.5,"동기 없는 멍청한 납치범들과 멍청한 황정민의 두뇌싸움
각본의 허술함에 사라진 긴박감을 어지러운 카메라워킹으로 숨기려한다.

+ 그리고 개뜬금 없는 C컵 드립은 왜 넣을까.. 이런 표현을 쓰기도 싫지만 정말 여성캐릭터를 소모적으로 사용하는 대표적인 예시 ㅂㅅ같음 개ㅂㅅ같다.",부정
지혜,0.5,뭐지? 5억은 내가 받아야 되겠는데.,부정
카라멜마껴놔또,1.5,"아… 황정민배우 연기는 매우 인정!
근데 난 극비수사 스타일…
잔인한 장면이 없어도 스릴이 넘쳤던…",부정
헵번공주,3.5,스포일러가 포함되어 내용을 생략했습니다.,긍정
BeBe,3,"심장병 때문에 오줌 지릴 때 정말 죽는줄 알았어요!!!
아... 그게 연기였구나
그럼 연기 속에서 연기를 한거네요?
황정민이 지리고 나도 지렸다 ㅋㅋㅋ",긍정
유지철,3,주연과 조연들이 잘 어우러져 차려놓은 식상하지 않은 밥상.,긍정
라우라,3,"황정민아저씨 맞느라 수고했으니 돈 많이 줘요..
돌비사운드로 때리는 소리 듣는데 개 찰진 타격감..!
+ 스토리는 게으르고 설정은 뻔한데 어라? 재미없지는 않음",긍정
동구리,2.5,"스타 영화배우 황정민(황정민)은 제작발표회를 마치고 집으로 돌아간다. 그는 귀가 중 괴한의 습격을 받고 납치된다. 인질범 일당은 리더 최기완(김재범)과 2인자 염동훈(류경수)을 비롯해 5명(정재원, 이규원, 이호정)으로 구성되어 있다. 이들은 이미 세간의 화제인 ‘카페사장 납치사건’의 범인이기도 하며, 다른 인질인 소연(이유미)를 붙잡고 있다. 이들은 황정민에게 돈을 요구하며, 돈을 주면 풀어주겠다고 말한다. 홍콩영화 <세이빙 미스터 우>를 원작으로 삼는 <인질>은 독특하게도 황정민 배우가 본인으로 출연한다. 이는 원작과의 차이점이기도 하다. 원작은 영화배우가 납치되었던 실제 사건을 모티프로 만들어졌지만 주연인 유덕화가 본인을 직접 연기하지는 않았다. <인질>은 황정민이 청룡영화상에서 처음 남우주연상을 수상했을 때의 수상소감 영상으로 시작한다. “저는 숟가락만 얹었을 뿐입니다”라고 말하는 그의 모습과 함께 <신세계>, <베테랑>, <부당거래>, <히말라야>, <국제시장> 등 그가 출연한 히트작들의 영상과 포스터가 등장한다. 때문에 <인질>은 황정민(과 함께 극중 영화에 출연한 박성웅)을 제외한 모든 배우를 관객들에게 익숙하지 않은 얼굴들로 꾸렸다. 이는 인질범뿐 아니라 황정민의 매니저나 사건을 쫓는 경찰들 또한 마찬가지다.
_
이와 같은 설정 때문에 <인질>의 리얼리티는 독특한 방식으로 구성된다. 최근 10여년 간 가장 많은 관객을 불러모은 스타가 주인공이기에 영화의 많은 부분은 황정민의 실제 모습에서 따왔다. 극중 그의 말투는 영화 속 캐릭터라기보단 그가 이번 영화의 홍보를 위해 출연한 여러 인터뷰 속 말투에 가깝기도 하다. <인질>은 이를 바탕으로 영화가 누릴 수 있는 장점들을 끌어오려 한다. 인질범 중 한 명이 황정민 배우의 팬이어서 그에게 <신세계> 속 “드루와~ 드루와~” 대사를 하도록 시킨다던가, 황정민이 자신의 상황을 알리기 위해 <베테랑>의 서도철이나 <부당거래>의 최철기처럼 자신이 연기했던 경찰 캐릭터의 이름을 말하는 등의 상황이 그러하다. 영화는 이러한 포인트들을 관객에게 친절히 설명해주는 것까지 잊지 않는다. 서도철과 최철기라는 이름을 곧바로 알아듣지 못하는 박성웅에게 황정민의 매니저는 그것이 황정민의 극중 이름임을 알려준다.
_
이러한 지점은 단순히 황정민의 기존 출연작 속 요소를 극에 끌어오는 것만으로 머무르지 않는다. <인질>은 황정민이라는 한국 영화계의 거대한 존재감을 바탕으로 최근 20년 간의 한국 상업영화를 패러디/오마주한다. 영화의 마지막을 장식하는 황정민과 최완기의 폭우 속 결투는 자연스럽게 <인정사정 볼 것 없다>의 포스터를 떠올리게 하며, 경찰이 체포된 인질범을 취조하는 장면은 수많은 한국 범죄영화와 동일한 방식으로 촬영되었다. <인질>을 보며 황정민의 출연작 뿐 아니라 <추격자>, <공공의 적>, <독전>, <악마를 보았다>, <내가 살인범이다> 등을 떠올리는 것은 극히 자연스러운 일이다. 어쩌면 <인질>은 황정민이라는 형상을 통해 한국형 누아르를 되짚어보는 기획이 될 수 있었을지도 모른다. 하지만 <인질>은 그러한 길을 가지 못한다. 영화는 배우로서 경찰, 변호사, 검사를 다 연기해보고 무술 훈련과 캐릭터 연구 등을 수행했던 황정민이 그것들을 활용해 상황을 벗어나려 한다는 것에 집중한다. 물론 이것이 나쁜 선택은 아니다.
_
문제는 황정민을 제외한 캐릭터들이 한국 범죄영화 속 싸이코패스 범죄자들의 전형을 벗어나지 못한다는 점이다. 얼굴이 잘 알려지지 않은 신인 배우들을 대거 기용하며 이들의 연기력을 선보이려 하지만, 이들에게 주어진 캐릭터는 치밀한 연기 대신 고성과 폭력, 욕설을 반복할 뿐이다. 다시 말해 이들의 모습은 앞서 언급한 한국 범죄영화 속 범죄자들의 열화된 버전이다. 하정우, 김윤석, 최민식, 조진웅, 유아인, 정재영, 김남길, 조우진, 그리고 황정민 등이 연기했던 영화 속 범죄자들은 이들의 직계 조상이며, 납치된 황정민이 묶여 있는 인질범 일당의 아지트는 김지운, 나홍진, 강우석, 류승완 등이 만들어낸 공간을 물려받는다. 황정민이 황정민을 연기한다는 개성을 내세웠지만, 아쉽게도 <인질>은 거기서 멈추고 만다. 적당히 영리한 선택을 했지만, 충분하진 못했다.",중립
Cine_Dragon,4.5,스포일러가 포함되어 내용을 생략했습니다.,긍정
민용준,3,"<인질>이라는 제목처럼 황정민이 인질이 된다는 설정의 스릴러물. 말 그대로 황정민이 황정민하는 영화인데 의도된 긴장도 웃음도 모두 바로 그 리얼리티 설정 안에서 자연스럽게 추출되는 인상.

90여분 남짓한 러닝타임 동안 인질이 된 황정민이 맞닥뜨린 '이거 실화임?' 같은 상황에 이입하는 것 자체가 목표인 영화인데 군더더기 없이 직선 주행하는 서사 자체를 즐기는 데 큰 무리가 없다. 그야말로 장르적인 오락성을 적절히 갖춘 소품 같은 결과물.

한편으로는 유명배우가 처할 법한 곤란하고 무례한 상황 자체가 공포스럽게 다가오는 측면도 있는데 황정민이라는 배우의 지난 경력이 리얼리티의 담보로서 극적인 설정을 잘 설득하는 인상. 간단하지만 영민한 기획의 성공이랄까. 적당하다.",긍정
콩까기의 종이씹기,3,"소재가 주는 매력은 초반에 사라지나, 그 대신 현란한 스릴러로 팽팽하게 밀고 간다.

+) 기대 별로 안했는데 시간 가는 줄도 모르고 봄. 국내 스릴러 영화들 중에서 이 정도로 현란하고 팽팽한 작품은 정말 오랜만에 본다.",긍정
고정규,3,반조리 영화 : <황정민과 5마리의 말종>,긍정
정녕,2,황정민을 좋아하는 사람에게는 차마 권장하고 싶지 않은 영화. 배우들 모두가 연기를 너무 잘해서인지 염동훈 역을 맡은 류경수 배우님이 살짝 미워졌다..,부정
dinozzo,3,편의점 알바생도 그의 인생에서는 ‘황정민’이라는…아니 납치범 성별 비율은 예능과 드라마처럼 4:1이란 희한한 설정…,긍정
138층,3,좋은 배우들의 넘쳐 흐르는 연기는 성공적이긴 하지만,긍정
bin,3,"몰입도 괜찮은 오락 영화다. 그게 끝!
굉장히 폭력적이고 부모님이랑 같이 볼 영화는 아니다
처음 보는 얼굴의 배우들 연기 보는 재미가 있다
이호정이 여기 나온 배우 중에 제일 잘생겼다
황정민 피땀눈물 묻을수록 예뻐 보인다 왜 이쁘게 생겼지?
(스포일 수도 있음)
.
.
퍼니게임 같은 느낌, 아니면 애초에 가벼운 톤의 블랙코미디인 줄 알았는데 뻔한 한국형 범죄스릴러 중 하나일 뿐이다
여자 캐릭터 셋 나오는데 쓰임새가 아쉽다 (벡델테스트... 통과 안 될 것 같은데. 그리고 이호정 캐릭터가 너무 아깝다. 진짜 뻔하게 소모된다. 더 재미있을 수도 있었고 비주얼도 신선하고 좋았는데)
범인들의 관계성을 촘촘하게 보여주면서 약육강식이 무너지는 모습에 좀 더 집중했으면 어땠을까 싶다",긍정
watchandnote,3,잘 만든 킬링타임용 납치 스릴러,긍정
김호진 펠릭스,,"기왕 이렇게 할 거
<황정민 납치사건의 전말>이나
<황정민, 납치될 순 없다> 이런 식으로
제목 지었어도 좋았을거 같다",알 수 없음
명기,3,"보기전엔 가벼운 느낌이겠지..했는데 생각보다 폭력적이고 하드해서 조금 놀람😲
납치범 역을 맡은 배우들이 연기를 잘해서 살벌한 느낌 제대로.
90분 남짓되는 시간동안 적절하게 긴장감을 잘 유지한다.",긍정
이팔청춘,4,"황정민이라 가능했던 영화.
황정민이라 가능했던 연기.
마지막 그 눈빛마저 황정민이라 가능했겠지ㄷㄷㄷ
[20210809 시사회]",긍정
johnpaulmacqueen,1,"“이거 진짜야 병신아” ……진짜??!!??
“웃겨?” ….. 웃으라고 한거야??!!
모든 대사가 감독의 자아분열같다.
찍으면서 아 이건 아니다 싶었을 것 같다.",부정
보정,3,"황정민이 황정민을 연기하는 것이지
다큐로 받아들일 이는 없을테니,
드루와 드루와 대사 치는 것 같은
소소한 농담 따먹기 이외 별 의미가
있나 싶은... 결국 스릴러 영화로 판단
해야할텐데 그 부분에서 진부하기만 할 뿐.",긍정
카섬,3,"똑똑한 애
지능 딸리는 애
욱하는 애
미친 여자애
여기저기서 본 조합들이긴한데
또 봐도 재미는 있네.",긍정
_9dong,3,"의도와 기획을 실현 했다는 것 만으로도
충분히 성공한 영화라 생각한다.",긍정
이현준,0.5,이게 왜 15세야 쒸빨럼들아,부정
천유림,1.5,킹받네,부정
영화잡식주의,2,"원작 <세이빙 미스터 우>가 원작 바탕이라 담백했다면
이 영화는 조미료가 많이 들어간 느낌
-
긴장감을 잘 유지하던 영화는 이해할 수 없는 경찰과 인질범의 행동들로 한 순간 맥이 풀려버린다. 그 아쉬움을 제한다면 그래도 괜찮은 영화
-
덧. 류경수 배우가 점점 조아진다",부정
Moretz,4,그립던 20년전 화양연화,긍정
Torii,0.5,이 돈으로 와플이나 사먹을걸..,부정
김민재,4,솔직히 말해서 너무 재미있게 봤다. 94분동안 한사건에 끝까지 집중하는게 좋았다.,긍정
티후김이박모미지도원시야웅현빈,2.5,"황정민이란 네임드만으로 혁신을 꿈꾸다니 죄송할 따름이다.

👍: 가장 눈여겨볼만한 기획력과 나쁘지않은 연출, 촬영.
👎: 내겐 너무 익숙한 그들. 류경수, 김재범, 이유미.",중립
Eagleeye17,2.5,굳이 배우 그 자체를 끌어올 필요가 없었던 픽션.,중립
별빠,2.5,"「다크 나이트」의 메세지 초이스, 「인정사정 볼 것 없다」의 장대비 액션, 「장 클로드 반담」의 자학개그, 이것저것 영화적 야심 가득한 ‘씨네-필감성’, 부담스런 천만 타이틀 자체가 「랜섬」, 코로나 시국의 극장 위기 상황에, 배우 ‘황정민’이 살아남기 위해 시도한 셀프 디스.",중립
DC,2.5,좋은 설정의 무궁무진한 가능성들을 뒤로하고 영화를 어떻게 끌고 갈지에 더 골몰한다,중립
천지민,3.5,"군더더기 없이 몰입감을 제공합니다.
영화는 실제 영화배우 황정민의 납치라는 소재 하나만으로 구성되어 있습니다. 다만 소재에서 떠올릴 수 있을 법한 현실과 설정을 넘나드는 코믹한 부분이나 유쾌한 장면은 거의 없다시피 합니다.
그저 시종일관 납치를 당한 황정민이 긴박한 상황에서 어떻게 대처하는지를 긴장감 있게 보여줄 뿐입니다.
그 과정에서 황정민을 비롯한 주요 등장 인물들의 사연이나 배경을 이야기 진행에 필요한 만큼을 제외하고 싹 들어내거나 경찰의 대응이 지나치게 무기력한 부분들도 있습니다. 때문에 쉬어가는 구간도 없고 답답하기도 해요.
다만 그걸 덮을 정도로 놓칠 수 없는 이야기를 자아냅니다. 그만큼 건너뛸 부분이 없습니다. 영화 시작할 때부터 가고 싶었던 화장실을 끝까지 참게 만들 정도로요.",긍정
낡은호출기,3,최선을다했다 라는 표현을 이럴때써야한다,긍정
MMXXII,,메타픽션이냐구 메타버스냐구,알 수 없음
내 낡은 서랍 속의 바다,3,배역만 본인 명일 뿐.,긍정
이혜원,3,"지루하진 않은데 판이 너무 자주 뒤집혀서 피로하고 거기다 인물들이 죄다 칙칙하다.범죄자뿐 아니라 모두가.;;
이번 설명절은 명절 느낌나네 오랜만에.
따끈한 신작들 방영 감솨~",긍정
Kyuzinz,2.5,쟝르적 순발력도 캐릭터의 흥미도도 좋은데 스토리가 단조로워 기대이상의 뭔가가 없어 공허하다.,중립
대중적 B,3,신선한 소재에 비해서 설정이 지나치게 쎄다. 아이스크림을 맵게 만들 필요가 있나?,긍정
붉은 돼지,3,굳이 배우 황정민 본인일 이유가 너무 약하네.,긍정
토깽이산책,3,"중반부터는 의아하긴 했어도, 속도감으로 드라이브 건 전개는 분명 유효했다.",긍정
wonst,1.5,예상을 조금도 벗어나질 않네 납치범들은 천하무적 똑똑이에 경찰은 아주 바보로 만들어 놨음 실제 황정민이 납치됐다는 신선한 설정이 무색하게 진부하기 그지없다 차라리 나부터 살려달라고 울고불고 빌고 혼자 도망치는 게 더 신선할 뻔,부정
이단헌트,3,오로지 황정민 원톱만으로 끌고 갈 수 있는 천만배우의 힘이 무엇인지 확실히 보여주었다..,긍정
김민규,3.5,이걸보니 도지원 납치사건이 생각난다,긍정
마리누스,3,"'황정민의, 황정민에 의한, 황정민을 위한 영화'의 좋은 점과 나쁜 점이 동시에 담겨있다. 원맨팀은 우승할 수 없는 이유.",긍정
김은중,3,스포일러가 포함되어 내용을 생략했습니다.,긍정
Seo Jun Lim,3,흥미로운 시도에 그치지 않고 한 발짝 더.,긍정
청소년관람불가,3,캐릭터들의 행동들이 점점 바보같아지는게 단점,긍정
하루키,2,배우도 전개도 이상해요...,부정
라이너스,3,충실하게 목적을 향해 질주하는 깔끔한 상업 영화. 특별할 것 없는 이야기에 몰입감을 만드는 일등 공신은 (당연히) 황정민의 열연과  감각있는 촬영의 힘이 크다.,긍정
김영철,3,쉼 없이 내달리며 끝내 도달한다.,긍정
TK Lee,5,"외유내강과 의리를 소중히 여기는 사람.
내가 생각한 것 보다, 사회적인 것을 많이 녹여 냈네요.
무엇보다 배우라는 직업에 대해, 많이 생각 해 보길 바랍니다.
배우는 하늘에서 내려준 탤런트를  태어난  사람이다.
하지만 선천적이지 않아도 노력과 경험 연륜으로 더 좋은 배우가 될 수 있다. 스타 배우뿐 아니라 모든 배우들이 존중 받는 세상을 바라며.
황정민씨 힘내고 더 좋은 연기 하시길.",긍정
김우빈,3.5,빙글빙글 돌기만 하는 놀이기구같다.,긍정
랩퍼 M군,4,"초반부는 아주 쫄깃하나 주제가 간결하다보니 뒤로갈수록 조금 아쉽다

- 메가박스 동대문 -",긍정
MissH,3.5,'황정민' 배우는 영화배우 '황정민' 역도 진짜 잘하는구나? (감탄) 실제랑 페이크를 오고 가면서 이렇게 완급 조절을 잘할 수가 있나? (또 감탄) 근데 영화가 킬링타임용이라기엔 액션 강도가 세서 이것도 다른 의미로 놀랐잖아.,긍정
🌊🌊🌊,1,자의식과잉 조커들의 향연. 예상을 벗어나지 못하는 스토리와 구린 대사들.,부정
송좌,2.5,"설정에 비해 후반에 몰아넣은 클리셰
허나 긴장감,몰입감은 좋았다고 본다.",중립
Ji Hoon  Jung,0.5,"29년 살면서 30분 보고 탈주한 영화는 처음이에요
내가 인질로 잡혀있는 느낌",부정
조정희 영화평론자,2.5,"인질 : 배우 황정민의 개 같은 날의 오후.

내러티브의 독창성이 없다면 연출의 탁월함이 있어야 한다.
첫 장편 데뷔작으로 필감성 감독은 연출력의 승부를 선택했다.
극중 불필요한 카 체이싱 신을 강도 높게 삽입한 것은 액션 연출 신의 역량을 발휘하고 싶었던 것 같다.
말이 안되는 설정이나 앞뒤가 안맞는 전개는 신인 감독의 귀여운 실수도 접어 두기로 한다.
분명 영화 “장 끌로드 반담”과 비교해서 보는 것이 좋겠다.",중립
시리우스,2.5,"고생한 황정민
그러나 고생한 결과를 바라지는
말아야 할 듯.",중립
이용희,2,"호랑이 굴에 잡혀가도 정신을 차리고, 
연기를 잘하며, 예절을 잘 지키고, 목을 잘 조르면 살 수 있다. 

예상에서 거의 벗어나지 않는 전개 속에 예상에서 전혀 벗어나지 않는 황정민쇼가 펼쳐진다. 그의 납치에 특별한 이유는 없었으며, 황정민을 연기하는 황정민은, 그냥 황정민이었다. 
2021년 10월 9일에 봄",부정
킹갓진인,2.5,개성 있는 설정과 개성 없는 스릴러,중립
coenjung,2.5,영리한 영화지만 정말 뻔해서 마무리의 긴장감이 전혀없다.,중립
Fred의 영화일기,3,"'인간 황정민'이라기 보단, '관객이 기대하는 인간 황정민'의 모습인 거 같아 아쉬웠다. 조금 더 나갔어도 충분히 이해 가능하고 더 몰입할 수 있었을텐데.",긍정
Steve,3,"황정민이 이번에도 황정민했네
특히 초반 몰입감이 좋고
완벽한 개연성까지는 아니어도
이정도면 배우들도 좋았다
알려지지 않은 조연급 배우들의
연기가 더욱 사실감 있다 굳^^",긍정
삼락,3,"실존하는 캐릭터를 빌려 쓰면서 구현되는 메타성
(p.s. 누구 말처럼 다른 배우는 이럴 때 어떻게 대응할까 궁금하다.)",긍정
장호박,0.5,쓰레기,부정
윤지,3,으이~ 씨빠 뿌라더,긍정
영화시청기계,2,"그저 (배우)황정민이 연기하는 (캐릭터)황정민이라는 컨셉만 남겼을 뿐
ㆍ
무난한 범죄영화 구성과 스토리에 앞서 말한 컨셉을 스킨마냥 씌워 놓기만 했다.
물론 그 컨셉이 드러날때 잠깐 흥미롭긴 하지만
그게 딱히 이야기나 전개에 어떤 변화를 주지는 못한듯 싶다.
ㆍ
게다가 극이 진행될 수록 실존 캐릭터(황정민)여야만 하는 이유가 없기때문인지 컨셉의 영향력이 생각보다 훨씬 약해지면서 장점은 눈에 안띄고, 단점만 보이는 영화가 됐다.
ㆍ
+ 후반부 인질로서 끝나지 못하고 영웅이 되고자 하면서
주변인물 머저리로 만들고 급격하게 무너지는 건 덤
+ 컨셉도 영화속 설정으로 기능하기보단 그냥 마케팅 수단으로서의 기능이 더 큰듯.",부정
닝닝,1.5,"최악. 황정민이 황정민을 연기하니까 오글. 그나마 후반가서는 영화다웠는데 그 전까지는 뭔가 이질감 듦. 가장 아쉬웠던 건 빌런들. 하나같이 오합지졸. 보스는 싸패짓거리하는데도 위협감, 공포감 전혀없고 대본대로만 연기하는 느낌. 나머지 다 연기가 말잇못. 몰입이 아예 안됨. 근 몇 개월간 본 영화 중 최악. 박성웅까지도 오글거리게 느껴짊. 매니저도 마찬가지. 경찰 보스인가 그 아저씨도 예외없음. 그냥 총체적난국.",부정
최현진,1.5,"자극적일 수록 재밌을 것이란 착각, 힘만 잔뜩 주면 좋은 연기일 것이란 착각, 이 정도 리메이크면 괜찮을 것이란 착각.",부정
LeeCh,3.5,"납치 감금물의 클리셰를 충실히 따르는 작품이지만, 영화의 설정을 살리기 위해 스타배우 본인 뿐 아니라 무명의 낯선 배우들을 잔뜩 캐스팅해 영화를 채운 선택이 상당한 현실감을 준다.

무능한 경찰 클리셰 정도야 이런 장르에선 유구한 전통인데, 한발 나아가 배우보다 힘도 약하고 싸움도 못하는 경찰은 좀 산통을 깨뜨리긴 한다.
이 부분만 빼면 꽤나 만족스럽게 몰입할 수 있었다.",긍정
우니,1.5,굳이 필요없는 장면을 안넣은 영화는 언제쯤 나올런지,부정
조슈아,3,존 말코비치 되는 영화나 세스 로건과 친구들이 세계 종말을 앞두는 영화 같은 걸 기대하면 곤란한 황정민 납치극.,긍정
강동엽,3.5,"'인질'은 목표가 뚜렷한 영화다. 짧은 러닝타임동안 오로지 관객들의 스릴과 오락을 원하는 것인데, 결과적으로 성공이라고 볼 수 있겠다.

이 영화는 시작부터 다른 납치인질극과는 차별성을 두는데, 배우 황정민이 실제로 납치된 상황을 그린다는것이 매우 신선한 요소이다. 구구절절 상황 설명 보단 초반부를 과감히 생략하고, 곧바로 인질극이 시작된다.

이러한 과정속에 얻은 이영화의 가장 큰 장점은 ""가벼움""이다. 덧붙여, 영화 전반적으로 불필요한 불쾌한 장면은 등장하지않는다. 황정민의 신체를 훼손,고문하며 억지로 공포감을 조성한다던가, 이유미를 성적으로 학대하는 장면도 전혀 볼수없다. 필감성 감독은 이런 인위적인 장치 없이도 훌륭히 스릴러 영화를 만들수있는 능력을 보여준다.

물론 영화의 시작부터 끝까지 관객들은 황정민에 몰입하여 즐거운 관람을 할수있었지만, 다소 아쉬운 부분도 적지않다. 피해자 황정민은 상상이상으로 훌륭했지만 정작 인질극을 벌이는 악역들은 몰입도가 떨어진다는 것이 가장 큰 문제이다.  연기력이 너무나 훌륭하지만, 정작 악역 패거리가 모인 이유, 이들의 범죄 이유와 과정은 영화를 끝까지봐도 쉽게 납득이 가질 않는다.

특히 김재범과 류경수는 상당히 인상적일 정도로 절륜한 연기를 펼치지만 정작 이들이 연기하는 캐릭터는 그정도로 기억에 남질않는다. 다른 조연들은 더 심각한데, 이호정을 비롯한 몇몇 배우들은 단순히 코믹과 불필요한 감정선을 위해 의미없이 소모된것같아 조금은 아쉽다. 더군다나 직접 무기를 제작해 범죄를 벌인다는 설정도 단순히 지나가버려 더더욱 아쉽다. 개인적으로는 김재범과 류경수 2인조를 악역으로 설정하는 것도 흥미로웠을것같다.

결론적으로 인질은 여름철 킬링타임영화로는 전혀 나쁘지 않은 영화다. 군더더기 없는 깔끔한 스릴러 영화를 보고싶다면 더할나위없이 좋은 선택이다. 굳이 음식으로 비유한다면 저렴하지만 든든한 도시락 같다고 할 수 있을까. 이상하리만큼 도시락에서 깊은 맛이 나는 이유는 배우 황정민의 힘이다.",긍정
솔샘,3.5,"신선한 소재로 긴장감 있게 잘 만든 스릴러
실제 황정민 배우의 신상을 가져 오다니 너무 재밌다ㅎㅎ
하지만 악역이 요새 흔히 나오는 만들어내기 쉬운 걍 싸이코라는 깊이가 얕은게 아쉽다",긍정
김주원,3,스포일러가 포함되어 내용을 생략했습니다.,긍정
처리포터,3,어려운 문제는 넘기고 맞출 수 있는거만 확실히,긍정
J Kim,2,아.. 진짜…. 황정민…,부정
이원빈,3,실속은 챙기는 오천만 배우의 포트폴리오.,긍정
쿨호,3,"몰입도있게 봤다
킬링타임용으로 최고",긍정
여운,1.5,"황정민님 이 영화를 찍어라고 협박당했다면
다음 영화 시사회땐 당근을 흔들어주세요
🥕🥕🥕",부정
밈이,4,두루와 두루와,긍정
win윈,3,"숫자(돈)놀이 살인.
심각한 이 사회문제는 언제쯤 나아지려나.
황정민배우님 정말고생 많이하셨습니다.
제몸도 덩달아 지끈지끈 ;;
÷
롯데시네마 월드타워",긍정
미카엘,3.5,루즈하지 않은 인질극이 반갑다.,긍정
Rebekah,1,왜 폭력을 액션스릴러라고 하는거냐,부정
인욱,2.5,스포일러가 포함되어 내용을 생략했습니다.,중립
코기,2.5,"영리한 기획, 황정민이라는 노련함.",중립
김쇼닝,3.5,이제 황정민X박성웅의  <냉혈한> 개봉부탁드립니다.,긍정
Hun,3,영화상에 보이는 설정오류(전에 살해한 장면을 핸드폰으로 보여주는 부분 등)들과 캐릭터의 아쉬운 부분들이 있지만 황정민 배우님의 독보적인 연기력에 집중을 하게 만들어준다.,긍정
안토끼,4.5,"황정민이 황정민했다 ❤️

2021/08/24",긍정
대별이,1,"작품 속 여성 캐릭터에 대한 의문이 들었다.
배우 이유미가 연기한 역할, 이름 조차 언급이 한두번 되었으려나.
그저 황정민이 마땅히 구해줘야할 약한 여성으로밖에 사용되지 않는다.
힘있는 남성 캐릭터가 약한 여성 캐릭터를 구출한다- 라니 이 얼마나 시대착오적인가.
'샛별'이라는 역할도 마찬가지이다. 최기완의 애인이지만 염동훈과 바람을 피우고 있는 샛별은 그 존재가 염동훈이 결정적으로 최기완을 등돌리는 계기는 될뿐, 딱 거기까지다.
남성 캐릭터들의 구도를 부추기기 위한 기폭제라는 생각밖에 안든다.
그 와중에 남성캐릭터가 샛별과 동훈의 섹스를 훔쳐보는.. 참 구시대적이라고 생각했다.

페미니즘 성향을 전부 빼고 봐도 영화는 지루하다.
황정민 배우가 '황정민'을 연기해야할 이유가 있었나- 의문이 들었다.
그저 조연들이 새로운 얼굴이고 이들을 발굴해낸 영화라는것에만 의미를 둬야할것 같다.",부정
갱민,2,납치범들은 서로서로 믿어야지,부정
수원,3,"전형적이든 어쨌든, 경찰을 뺀 거의 모든 캐릭터를 알맞게 써냈다.

그러나 목적을 다한 캐릭터는 가차없이 버린다. 무서우면서도 대담한 감독이다.",긍정
하얀나무,2.5,황정민과 조연들의 연기로 처음과 끝을 마무리했다.,중립
양찬결,1,최기원 역할 맡은 배우는 연기도 못하고 중간중간 개연성도 떨어지고 보기만 불편한 영화.,부정
강민수,4.5,대선배의 커리어를 인질 삼은 신인들의 섬뜩한 패기,긍정
양기자 (YCU),3,황정민이 '황정민'을 연기해서 좋았던 점과 반대로 그랬기 때문에 아쉬운 점이 동시에 묻어난 인질극.,긍정
보고리뷰,3,"셰프가 끓인 라면을 먹는 듯하다. 누구나 알법한 내용을 배우들의 훌륭한 연기로 살렸기에.

이 영화는 중국에서 2004년에 실제 벌어졌던 '배우 오약보 납치사건'을 바탕으로 만들어진 영화 《세이빙 미스터 우》를 리메이크 한 작품이다. 배우 황정민에 맞춰 상당한 각색이 들어갔음에도 불구하고 원작만큼이나 무난하게 잘 만들어진 것 같다.

배우 황정민이 배우 황정민으로 등장하여 작품의 리얼리티를 높이고, 최소한의 공간을 활용하여 극을 전개시켰다. 이 점은 꽤나 좋게 보여졌으나, 각본이 후반부로 갈수록 엉성하게 느껴졌다. 나오는 캐릭터들마다 도입부부터 쌓아올린 캐릭터성이 결말부에서 조금 무너진달까..

하지만 이 점 또한 어찌보면 의도적일 수도 있다. 애초에 홍보 자체도 '납치된 황정민'에 초점을 맞추면서 진행되었고, 작중에서도 중점이 되는 것은 '황정민의 탈출극'으로 보였기 때문이다. 극의 큰 전개를 정해두고 세부적인 스토리텔링보단 배우들의 연기력에 모든 것을 노골적으로 집중시킨 듯 했다.

확실히 그래서인지 배우들의 연기력은 모두 훌륭했다! 황정민을 제외한 작중 등장인물들을 맡은 배우들이 대부분 일반적인 관객들이라면, 영화를 많이 본 관객들이라도 많이 접해보지는 못했을 배우들이 출연했기에 이 또한 리얼리티를 더했다고 보여졌다. 특히 김재범 배우는 정말 인상깊었다. 앞으로의 작품이 기대되는 배우라고 생각한다.

이처럼 본작은 배우들에게 초점을 맞추며 각본은 간단하게, 제작비도 절감하려는 의도가 개인적으론 매우 노골적으로 보였다. 그럼에도 불구하고 이만한 영화가 나왔다는 점에서, 캐스팅 능력이 매우 훌륭했다는 점도 포함하여 괜찮은 영화였다고 감상을 남기고 싶다.",긍정
스테민,3,"설정은 재미있다.
실제 황정민을 영화상에서 실제 캐스팅 했으니깐.
영화가 시작하고 1시간 동안은 꽤 긴장감이 넘치나 후반부에 내용이 꼬이면서 감독의 연출력이 힘이 딸리는 모양새.
황정민 연기는 역시나 였지만 김재범 연기는 뭔가 추격자의 하정우를 따라하는 느낌이라 딱히 잘한다라는 느낌은 받지 못했다.
누군가 나에게 추천유무를 물어본다면 그냥 볼만해 라고 할 정도.
외유내강 류승완 제작이라 그런지 자동차 추격신을 비롯한 역동적인 장면은 꽤 긴박하다.

#210818",긍정
나홍진,,보고싶네,알 수 없음
캡틴테일러,2.5,쫀득한 땀방울,중립
신주쿠상어,2.5,"캐스팅과 세팅은 좋지만,
원작에 비해 부족한 서사는 결국 아쉬울 수 밖에…",중립
한스기,3,아쉬운 부분은 있지만 처음부터 끝까지 소재를 밀고 나가는 힘은 좋았다 좀 더 깔끔하게 다듬었다면 더 멋진 작품이 됬을 것 같다,긍정
airness,3,"연기들로는 깔 수가 없다..
근데 너무 진부하고 뻔해서 아쉽다.",긍정
김형태,3,"예상치 못한 전개인데 ..
그냥 황정민 대 빌런의 머리 싸움 이었다리면",긍정
김태영,2.5,다른 배우들을 인질로 황정민을 살렸네 ㅜㅜ,중립
그대의 눈동자에 Cheers,3,"21.12.03 1261번째 영화.

초반 몰입도는 훌륭, 뒤로 갈수록 감흥은 떨어지는 영화.

딱 줄거리에 맞는 정도의 이야기를 보여준 것 같다. 특별할 건 없었고 그렇다고 못난 것도 없었음. 한 번 재밌게 보기에 충분한 듯. 또 볼 것 같지는 않다.",긍정
소영,2,"폭탄터질때마다 혼자만 안다치는 최기완..
경찰들은 아무리 멀리 서있어도 다쓰러짐",부정
MinChul Lee,3,"역시나 결국 영화의 틀을 벗어나진 못한다

초반부까지는 리어리티가 사라있었지만
중반부터는 그냥 영화를 보는듯하다",긍정
김꽃,0.5,내 소중한 시간을 이 영화에 인질로 잡혀있다 풀려난 기분이다 .,부정
Seong-taeck Oh,2.5,신선한 소재의 매력이 애매한 선상에서 끝난 아쉬움,중립
hojang,3.5,새로운 배우들의 발견,긍정
부자연,2.5,"인질 황정민(황정민), 최기완
(김재범), 방소연(이유미)주연.
필감성 감독 작품.
20211002 네이버 밴드",중립
승민,2.5,"깊은 스토리텔링 대신 초고속 진행을.
무모함으로 인상 찌푸리기 전에 끝나는 영화",중립
양동철,3.5,영화가 너무 영화 같다.,긍정
사월🌱,3,"그럴 수도 있겠다는 가능성에서 비집고 들어온 범죄 스릴러.
.
.
# 영화가 영리한 느낌. 자기들의 설정값을 최대한 이용하면서 장르적인 절차들을 잘 따른다. 막판에는 조금 싸움을 위한 전개 같았지만 또 그래야만 했던 전개 같기도.
.
# 손도 크고 발도 크고 팔도 길고 다리도 긴 황시의 액션을 개짱좋아하지만🥰🥰 황시가 너무 고생해서 마음이 아팠다. 극 중 황시가 맡은 역할이 배우이다보니까 감정 연기 구경하는 게 재미있었다. 캐릭터의 실제 감정을 연기하는 거랑 가짜로  연기하는 연기랑 비교하는 재미가 쏠쏠. 아무튼 둘 다 실감난다는 결론. 황시 연기 너무 잘하신다. 황저씨 사랑해.
.
# 스산한 눈빛을 발산하는 범시의 싸늘한 연기 톤을 개짱좋아하지만🥰🥰 범시가 너무 무서워서 마음 졸였다. 범시 바람개비 같이 나긋나긋한 사람이면서 왜 이렇게 무서운 연기를 잘해요...? 다음에는 황시랑 범시랑 웃으면서 한 화면에 잡히는 걸 보고 싶다. 둘 다 너무 좋아하는 배우들인데 서로 너무 싸워서 괜히 마음이 아픔.",긍정
김현영,2.5,"왜 악당들이 (다른 부자 인질 대신 리스크가 확연히 높은) ‘스타 배우 황정민’ 을 납치했는지가 전혀 납득되지 않으니 현실 소재인데 제작의도와 달리 마냥 붕 뜬 판타지 같았다.

하지만 제일 중요한 건,
결국 이 스토리를 통해 뭘 얘기하고 싶었나?에 대한 답이 없으니(안보이니) 영화가 끝나고 나서도 관객은 공허할 뿐.",중립
park,3.5,싱싱한 컨셉의 저력이 예상보다 금방 휘발된다. 애당초 그다지 큰 야심이 없었던 건지도. 득인지 실인지는 저마다의 판단.,긍정
조성윤,0.5,"인질이 된거 같은 관람
탈출하고 싶어요

21년 최악의 영화 1순위 예정",부정
LP,3,자기 자신을 영화로 끌고가야 한다는 책임과 동력.,긍정
이상해,1.5,유명영화배우가 납치되어 인질극에 휘발린다는 아이디어에서 출발해 한발짝도 나아가지 못하는 아이디어의 빈곤함. 밑도 끝도 없는 바보들로 구성된 납치범들의 무모함. 어디서 많이 본듯한 폭력과 사이코패스의 행동들을 과도하게 나열만함으로써 러닝 타임 두시간을 채우는 가상한 용기. 저따위 묻지마 폭력을 전시하여 얻을거라곤 모방범죄뿐일거라는 결론.,부정
Mean Han,2.5,스피디한 전개로  아웅하기,중립
Rim,0.5,"언제적 감성인지 감도 안 잡히지만…
여튼 아주 오래된 감성인건 알겠어요…",부정
몌님,3.5,"대장 역할한 배우분,
웹툰 ‘타인은 지옥이다’ 캐스팅 했으면 딱이었을 듯.",긍정
moviemon94,2,흥미로운 설정과 아이디어를 기존 영화의 틀에 처박기,부정
미드나잇인파리,1,"황정민 사단의 외연적 확장을 꾀했으나
내연적 완성도 챙기지 못했으니",부정
라씨에이,4,"8.7/막상 뚜껑을 까보니 황정민이 꼭 황정민이었어야 할 이유는 딱히 보이지 않지만, 어쨌든 영화는 적당히 재밌게 볼 만했음.
/
주인공 캐릭터를 파악하는 데 드는 시간이 현저히 줄어들어 빠른 몰입이 가능함. 우리가 아는 그 황정민이 황정민으로 나오니까. 영화는 이런 점을 십분 활용해 초반 후딱 황정민을 훑고난 뒤 바로 납치해버리며 빠르게 본론으로 들어감.
/
납치범 역할의 배우들이 대부분 생소한 얼굴들임. 대한민국 탑클래스 배우 황정민의 상대역으로 나오는 배우들치곤 인지도가 현저히 떨어지는 편인데, 아무래도 영화 설정상의 리얼리티를 더욱 살리기 위한 선택인 듯함. 허나 솔직히 그 생소한 얼굴들로 인해 리얼리티가 살아난 부분은 딱히 없어보임. 다만 그 배우들의 비중이 생각보다 높음에도 다들 역할을 잘 소화해준 덕에 초반 배우들 인지도 밸붕으로 인한 위화감이나 연기공백 등의 우려는 금새 걷어낼 수 있었음. 더불어 캐릭터들의 활용도 준수한 편임. 냉철하고 잔인한 리더, 뒤에 가서 그 리더와 대립각을 세우는 다혈질 부하, 그리고 좀 모자란 듯 하다가 막판 극에 적잖이 영향을 끼치는 부하까지 인질범 캐릭터들의 구성 자체는 클리셰스러움. 허나 이 캐릭터들을 적절한 타이밍에 납득할 수 있는 방식으로 활용해준 덕에 지들끼리 자멸하고 있는 와중에도 주인공들에게 위협이 되는 악당으로서의 존재감까지 충실히 확보할 수 있었음.
/
사실 황정민이 황정민으로 나온다는 설정 외엔 연기적으로나 연출적으로나 딱히 리얼리티를 의식하며 만든 것 같진 않음. 황정민이 본인을 연기한다는 설정은 거의 어그로가 목적이라 해도 과언이 아닐 만큼 극 전개에 별다른 차별성을 부여해주진 않음. 주인공이 그 배우 황정민이 아니었더라도 이야기가 크게 달라지지 않았을 정도로 리얼리티에는 크게 신경을 쓰지 않은 채 전개됨. 물론 곳곳에 황정민이 지금껏 여러 영화들에서 보여줘온 클리셰들을 포인트로 살리는 연출들이 꽤 보이긴 하지만, 그건 사실 황정민에게만 국한되지 않는, 유사한 장르의 한국영화 전반이 가지는 클리셰라 봐도 무방하기에 황정민이 황정민을 연기한다는 설정은 끝날 때까지도 어그로 목적 외에 뚜렷한 가치를 띄진 못함. 허나 그럼에도 스릴로서의 긴장감이나 추격전의 긴박함, 액션의 박진감 등 장르적인 재미와 캐릭터의 활용, 극의 완급조절 등 영화 자체의 완성도가 준수한 편이라 어그로가 괘씸하게 느껴지지 않았음은 물론, 나아가 영화도 적당히 재밌게 볼 수 있었음.
/
초반에 납치됐다가 죽은 카페사장 순간 배우 이광수 까메오인줄;;;
/
극중 황정민 박성웅 주연의 영화 <냉혈한>은 포스터만 봤는데도 겁나 보고싶음. 개재밌을 듯.
/
막판에 수염 많이 기르고 싱글싱글 웃고 있는 황정민 보고 순간 매니 파퀴아오인 줄;;;",긍정
지은,3,독한것들,긍정
이재훈,3.5,적재적소에 쓸 줄 아는 흐름,긍정
최지수,1,황정민 아녔으면 바로 극장내려갔을듯,부정
동진,3,인질극 이라는걸 알고 봤음에도 초반부터 몰아치는 범인들의 변주에 나까지 납치된 것 같은 느낌을 받는다. 극 중 사제총기나 산 속 아지트 같은 부분은 조금 과한 부분인 것 같았으나 선택과 집중을 위해 설명을 건너뛰기로 한 것으로 보인다.,긍정
CineVet,2.5,"보편적인 반응은 무난~별로 사이의 어딘가가 아닐까 싶다. 적당히 몰입감 있고, 적당히 납득할 만한 전개로 흘러가지만 개연성으로 지적 가능한 여러 디테일의 결여가 사뭇 아쉽다. 흥미로울 수 있었던 ""배우가 본인을 연기한다""는 설정마저 매력을 잃고 흔하디 흔한 납치범죄극에 머무른다는 인상을 받았다. 이야기를 이끄는 배우 황정민의 힘은 대단하다. 항상 비슷해보이는 연기 톤에도 불구하고 그는 표정에 특유의 생동감을 품고 있다. 하지만 그가 보여주는 다채롭고 사실적인 표정들에도 불구하고, 보는 이들에게 전달되는 감정이나 긴장은 <인질>에 관객을 몰입시키기엔 많이 부족하다.",중립
김현경,1.5,"2년전에 찍었지만 코로나때문에 늦춘영화

그냥 김재범배우만 기억에 남는다

박성웅???? ㅇ 0 ㅇ  보다 깜짝놀람",부정
톄슈,4,원톱일때도 빛나는 그의 호연,긍정
Recloser,3,"15세 등급을 위해 청불 장면을 다 잘라내서 그런지 몰입되다가 점점 진부해지지만, 황정민과 일부 조연들의 연기력으로 간신히 커버",긍정
박찬욱,3.5,진짜 ‘황정민’과 어쨌든 가짜인 ‘황정민’이라는 캐릭터 사이의 ‘이미지 게임’이라는 장르.,긍정
Gooson,3,황정민에 취할 준비,긍정
석재현,3,"황정민이 차린 새 밥상, 맛집은 아니어도 먹을 만 하다.
94분짜리 '인질'을 보고 있자면, 그의 대표작 중 하나인 '베테랑'에서 남긴 명대사가 생각난다. ""우리가 돈이 없지, 가오가 없냐"". 엄청난 제작비를 들이며 화려하게 만들진 않았어도, 휘둘리지 않겠다는 자존심을 앞세우며 우직하게 밀고 갔기 때문이다.
그간 굵직한 행보를 보였던 황정민이 가상 캐릭터가 아닌 자기 자신을 연기했다. 그래서인지 그가 표현하는 인질이 된 톱배우 황정민은 어떤 모습일까 궁금했다. 개봉 전부터 '황정민의, 황정민에 의한, 황정민을 위한' 영화 식으로 홍보했기에 초점은 여기에 맞춰질 수 밖에. 황정민은 확실히 '천만 배우' 타이틀에 걸맞은 존재감과 열연을 펼쳤다. 화제를 낳았던 밥상 소감을 시작으로 납치된 후 살기 위해 고군분투하는 모습까지 리얼리티 그 자체였다. 후반부 실제상황 같은 어색한 액션 또한 현실성을 높이며 94분 내내 지루할 틈 없이 영화를 이끌어갔다.
톱배우가 인질이 된 만큼, 그를 납치하는 인질범 5인방은 신선한 얼굴로 대체됐다. 염동훈을 연기한 류경수가 이미 지난해 방영한 JTBC '이태원 클라쓰'로 눈도장을 받긴 했으나, 그와 함께 한 팀을 이룬 인질범들이 생소한 건 사실. 특히 인질범 리더 최기완을 맡은 김재범은 새로운 발견이다. 최기완이 등장할 때마다 자세를 고쳐 잡을 만큼 긴장한 것만으로도 그가 얼마큼 영향력을 끼쳤는지 알 수 있는 대목. 뉴페이스 발견이긴 하나, 이들이 연기한 인질범들이 스토리가 전개되면서 상투적으로 바뀌었고 반사효과처럼 인질 황정민이 부각되는 건 아쉬웠다. 이는 한정된 제작비에서 선택과 집중하면서 아쉬운 부분을 과감히 내려놓겠다는 필감성 감독의 의도처럼 보였다. 인질범들을 좀 더 입체적으로 그렸다면 더할나위없이 좋았겠지만, 짧은 러닝타임과 단조로운 서사를 리얼하게 살리겠다는데 초점을 맞춘 것에 대한 기회비용이라고 봐야할 것이다. 딱 적당히 즐길 수준으로 정한 것.
그렇다고 노력을 아예 안한 건 아니다. 최대한 원테이크 형식처럼 담아 긴박감 넘치게 연출한 카체이싱 신들만 봐도 '인질'은 자신들에게 주어진 여건 속에서 최선을 다한 셈. 황정민이 차린 밥상이 맛집처럼 극찬까진 아니더라도, 충분히 먹고 만족할만 맛이다",긍정
푸돌이,2,"미안, 관객도 인질이야.",부정
ㅇㅈㅇ,3,"황정민이 황정민해서 리얼리티 있게 보다가
납치범과의 마지막 장면에서 90분간 이어온 몰입도가 무너졌다.
.
근데 알고보면
그게 진짜 황정민의 모습이었을지도.",긍정
이공사육,2.5,"겨우 취업했다.
나도 인터뷰 백번 떨어졌었다
하는 인질들끼리의 휴머니즘 노린 대사들이 억지스러웠음",중립
문혁준,3,진부함 속에서 살아남기 위해 최선을 다해서 허우적거린다.,긍정
청비,2.5,흥행을 위한 어그로에 불과했던 설정.,중립
이윤형,1,본인이 어떤 역할이든 똑같은거 알고있네 저사람.,부정
No name,1,"외유내강이었네 ㅋ
기획까지만 참신한 거 같았어",부정
최재훈,3,즐기기 충분한 황정민 영화,긍정
쯔욧,3,황정민이 또 제대로 구르는 영화.,긍정
찐뷰,3,"어디서 본것같은 뻔함은 전부였지만
스릴러의 기본만틈은 충실했기에 평작은 되었다
예상보다는 조금 더 괜찬은 엉화.",긍정
제프박,3,유명 배우가 그 배우를 연기하며 무명 배우들과 대결을 펼친다는 흥미로움. 유명인에게 요구되는 굴레에 대한 의미있는 메시지.,긍정
조토끼,3,형사 역할 10년이면 웬만한 경찰보다 낫다.,긍정
종진,3,설정이 특이해서 매력은 있다.,긍정
곽승현,2.5,"기획 의도도 알겠고, 모티프가 될 만한 몇가지 실제 사건도 알겠고, 고생도 알겠다. 참신한 얼굴들과 참신한 황정민은 마음에 든다.
다만, 그림 위에 덧대 그린 모사작같은 흐름, 강박적인 과시욕으로 가득한 캐릭터들이 참신하지는 않았다.
무엇보다 리얼리티를 고집하고 싶은 건지 아닌 건지 분간이 가지 않는다.",중립
이윤석,3.5,"뭔가 급히 서두르는 느낌이 있지만
이 정도면 낫배드
악당이 그냥 악당같아서 좋았음
황정민씨 현실에서도 너무 용감하고 똑똑한거 아닙니꽈 ㅋ",긍정
아만보 무비,2,"현실 황정민이 납치되는 영화적 이점이 없다.
생각해보라 그냥 허구의 유명 연예인이 나온다 한들 전혀 이질감 없는 각본이다.
김재범이 연기한 싸이코도 그냥 답습하듯 흔히봐 왔던 그 악당에 또 그 눈빛이다.
짧은 러닝타임에 오히려 뭘 안 하려고한  킬링타임용 충실함이 오히려 높게 평가된다.",부정
월터 핑크맨,2.5,"황정민을 캐스팅했으니 다 됐다라는 마인드였던건가. 너무 성의가 없다. 연출도 대충, 각색도 대충, 황정민을 제외한 조연들의 연기도 대충. 대충대충 90분을 때웠다. 그래도 100분 넘어가지 않은 것만 해도 감사한다.",중립
림군이,3.5,황정민의 황정민 되기,긍정
Eomky,3.5,"늘어짐없는 스피디한 전개와 연기가 좋다.
2021년  9월 17일 씨네Q 신도림",긍정
권영민,3,"'살려주세요. 나는 개새끼입니다. 저 년만 죽여주세요.'
.
.
이 영화에서 가장 흥미로운 부분은 뭐니뭐니해도 '황정민의 연기'다. 영화 밖 황정민이 영화 속 황정민을 연기하는 것은 물론, 영화 속 황정민은 인질이 되어 납치범들에게서 살아남기 위한 필사의 연기를 펼친다. 즉 황정민이 황정민을 연기하고 그 황정민이 또 연기를 하는 것인데 이런 메타 연기야말로 이 영화만의 특장점이다. 다만 그것이 딱 그 선이었을 뿐 흥미 유발 이상의 단계론 넘어가지 못한건 아쉬운 부분이다.
.
.
이 영화에서 황정민이 갖는 힘은 상상 이상이다. 하지만 그렇다고 나머지 배우들이 황정민의 이름값에 숨은 채 아무런 존재감이 없느냐 하면 또 그것은 아니다. 영화계에서 보기 힘든 배우들이나 신인 배우들로 구성되어 낯선 얼굴들이 많아서 그런지 배우가 가지고 있는 이미지보단 온전히 연기에 집중해서 보게 됐는데, 개인적으론 아주 만족스러웠다. 보면서 배우들의 대사와 표정 하나하나가 긴장감을 유지시켜준다.
.
.
그러나 결국 이 영화의 가장 큰 약점은 그 이외엔 전혀 특별할 것 없다는 전형성이다. 황정민을 비롯한 배우들이 열연하지만, 스토리와 캐릭터는 뻔하다. 납치범은 영화의 진행을 위해 개연성 없이 인질들을 위한 쥐구멍을 군데군데 남겨두고, 경찰은 항상 두 발자국 이상 늦거나 결정적인 순간에 도움은 커녕 방해만 된다. 스릴러로선 아주 흔히 볼 수 있는 킬링타임 이상이 될 수 없다는 말이기도 하다.",긍정
팻트릭,4,배우들 두들겨 맞느라고 고생함. 베드액션 여 조연 배우 살아있네. 바보역으로 출연한 조연이 연기 젤 잘했다! 리스펙! ㅎㅎㅎ,긍정
Lj,2.5,"1. 굉장히 게으른 서사와 트릭
2. 모든 캐릭터가 후진 대사만 내뱉음
3. 기능적인 서비스컷을 위해 존재하는 여성 악역
4. 류승완 제작사가 만든 영화가 맞나 싶을 정도로 어설픈 액션
5. 악역의 행동이 불필요하게 과함",중립
하주완,3.5,"킬링타임용 영화라는 말이 왜 나쁜가, 시간을 죽이는 게 얼마나 힘든데.",긍정
sunm5ng,3.5,"피흘리고 뛰는 연기도 매번 다르게 느껴진다.
황정민파워. 다음 영화가 기대되는 걸?",긍정
유정란,3,C컵 처음 보냐?,긍정
임지호,1.5,스포일러가 포함되어 내용을 생략했습니다.,부정
젠젠,2,연기는 잘하네요..그게 다네요..세상에 분노를 그따위로밖에 표현이 안되냐? 에휴 머저리들...납치범은 황이 혼자 잡고ㅠ 경찰은 쏘 무능력...,부정
동 진리 병론가,2.5,"감독님 이름부터가 미스다
어떤 느낌을 주려고 하는지 모르겠다",중립
이용우,3.5,황정민을 제외하면 어디선가 본 캐릭터들. 그럼에도 불구하고 곁가지를 차치한 채 올곧게 나아간다.,긍정
고망쥐,2.5,"가벼운 마음으로 갔다가 생각보다 잔인하고 스릴 넘쳐서 놀람. 기본에 충실했지만 그 이상은 느껴지지 않아서 주는 별점.
대학로 연극이나 드라마 조연들을 눈여겨 본 분들이라면 제법 익숙한 얼굴들이 많이 등장함. 일부러 캐스팅 신경썼다고 들었는데 배우분들 이 작품으로 승승장구하기를.",중립
마넴리,2,스포일러가 포함되어 내용을 생략했습니다.,부정
김참치,5,납치범들 캐스팅이 한수였다. 영화가 끝나고 몇 시간이 흐른 후에도 여운이 가시지 않아 조만간 2회차 도장 찍으러 갈 예정!,긍정
효정이,3,와 19세인줄 알았는데 15세라니..,긍정
임현빈,2.5,처음부터 마케팅을 염두에 둔 듯한 기획력이 전부,중립
NamEuihyun,2,넷플에 올라올때 볼걸.. 아니 보지말걸,부정
배윤경,3.5,이 별점 모두 김재범 배우에게 주고싶다,긍정
김국수,3.5,몸에 힘 바짝 들어가는 여름 스릴러의 묘미,긍정
김기모,3.5,"황정민이 황정민을 연기했다는
신선함만 남겼다",긍정
최하림,3,스포일러가 포함되어 내용을 생략했습니다.,긍정
죨죨,3,5억을 얻기에 그들은 너무나 허술했다.,긍정
텐렙스,2.5,뭔가엉성한..근데 김재범배우님은 띠겁게 연기잘한듯,중립
냥냥빔,2.5,"리얼해서 찝찝함만 남는다.

영화를 통해 느낄 수 있는 카타르시스도 없고, 그냥 폭력적이기만 함. 그래서 더욱 찝찝하고, 유쾌하지 않다. 쫄깃함도 잘 모르겠고, 그냥 자극적이기만 하다. 그래서 불쾌했음. 현실성을 높인 리얼한 연출에 현재 어디선가 일어나고 있는 범죄 현장을 엿본 듯한 기분이 들어 썩 즐겁진 않다. 그만큼 리얼하다 싶겠지만 어쩌면 영화는 영화이기만 했음 싶다. 다크나이트의 인질극 처럼.",중립
권샤방,2.5,연기 좋고 스토리 좋은데 내용이 큰 오류가 있는듯 본사람은 알것임 모르면 재미있을 수 있는듯,중립
정혜원,1.5,"너무 뻔뻔뻔했던 영화.

황정민이란 실제 캐릭터를 왜 썼는지 의문이다..

악역 캐릭터들도 매력이 없어 아쉬웠고..
두 악역의 자존심 싸움으로 끝..",부정
김PD,3,"어려운 시도.
모큐멘터리처럼 조연들은 더 과감한 캐스팅이었어야 했나.

마지막 15분의 황정민이란 배우의 존재감은 엄청나다.
영화의 목표는 결국 황정민의 개고생이었던건가.",긍정
Bryan Jo,3,배우 황정민을 연기한 황정민의 캐스팅은 절묘했으나 후반으로 갈수록 극중 배우 황정민이 아닌 황정민이 연기했던 다른 영화 속 캐릭터들의 집합체가 되면서 오히려 매력이 덜해졌다,긍정
김만기,3,"힙한 접근과 다소 뻔한 플롯, 인상적인 연출",긍정
송우석,3,잘 차려진 인물들의 끈질긴 시너지와 함께 소모되어버린 소재들의 간결하고도 아쉬운 조응방식.,긍정
강져니,3,아쉽다,긍정
이종호,3.5,납치된 황정민이 너무 의연함. 조폭 배역을 많이 해봐서 그런듯.,긍정
드플레,2.5,"리얼리티의 극대화를 위해 배우가 자신을 연기하게 만드는 영화. 이 기획의 초점은 오로지 현실감에 맞춰진 듯 보인다. 짚고 넘어가야 할 점은, 이 영화에는 영화와 현실의 경계를 무너뜨리겠다는 의지 자체가 보이지 않는다는 점이다. 아니 영화는 일부러 그 의지를 버리고자 한다. 대신 영화가 선택하는 건 현실감을 곱씹을 수 있는 구간들을 번뜩이는 영화적 체험으로 가공하는 일이다. 이 선택은 곧 영화의 정체성을 재단하며, 더 나아가 이 영화의 매력을 형상화한다. 여기까진 괜찮아 보일지 모르겠으나, 이 영화는 그 과정에서 스스로 어떤 매력을 발산해야 할지 고뇌하다가 결국 아쉬운 길로 접어들고야 만다.
.
황정민이 극 중 납치범들에게 잡혀 스마트폰 속 동영상을 확인하는 신이 있다. 이때 영화는 휴대폰 속의 영상을 바라보는 황정민의 모습을 핸드헬드로 포착하는 쇼트 대신 재생되는 영상 자체를 관객에게 독립적인 쇼트로 제공한다. 즉, 관객이 이 순간 느낄 수 있는 감정은 영화의 설계 하에 제한될 수밖에 없다. 관객은 두려움과 쇼크로 둘러싸인 황정민의 모습 말고, 영상 속 내용이 전해주는 끔찍함에 몰입할 기회를 얻는다. 이러한 장면의 연결로 인해 실제 현실에 손길을 건네는 영화의 사실성에 균열이 간다. 즉, 영화 속 황정민은 실제 인물처럼 보이지만, 결국 황정민이 아닌 다른 사람으로 대체되어도 문제가 없다는 점이다. 왜냐하면, 스마트폰 속 영상이 관객한테 독립적으로 제시되는 순간, 관객은 실제 황정민이 잡혔다는 데서 오는 사실감보다도, 제시되는 상황 자체를 음미하게 되기 때문이다.
.
거듭 말하지만, <인질>은 황정민을 본인으로 등장시킨다. 톱스타 황정민이 실제로 의문의 괴한에게 납치가 되는 아찔한 상황을 실감 나게 연출하기 위해서 황정민과 박성웅을 제외한 주요 인물들을 전부 대중에게 잘 알려지지 않은 배우로 캐스팅했으며, 황정민과 박성웅은 함께 출연했던 영화 <신세계>를 연상시키는 대사로 현실감을 환기한다. 황정민의 대표작 가운데 하나인 <부당거래>와 <베테랑>을 서사적 연료로 활용하는 구간 또한 존재한다. 현실을 영화에 편입시키려는 이러한 순간들은 모두 철저하게 도구로만 쓰인다. 즉, 이 요소들은 <인질>이라는 영화의 각본을 굴러가게 만드는 윤활유처럼만 활용될 뿐이다. 그러니까 <인질>은 철저히 영화처럼 보이길 원하는 영화다. <인질>에는 황정민의 하루를 밀도 있게 취재하려는 다큐멘터리의 작법도 없고, 황정민의 소탈한 일상을 들여다볼 수 있게 만드는 유튜브 영상의 질감도 없다. 오해할까 싶어 다시 짚고 넘어간다. 이 선택이 잘못되었다는 말이 전혀 아니다. 이 영화는 배우 황정민이 뿜어내는 리얼리티를 영화 자체의 핍진성을 확보하는 데에만 얄팍하게 소비할 뿐이다. 따라서 황정민이 다른 누구로 대체되든 유사한 결과물로 귀결될 가능성이 매우 크다.
.
다만 예상치 못한 만족감이 느껴지는 순간이 있었다. 후반부 처절한 액션 신에서 황정민이 싸우는 모습을 보고 있자니, 그 몸짓에 그간 그가 출연해 왔던 배역(형사 역할 등)을 통해 축적된 노하우가 반영이 되어 있을까 싶은 궁금증이 피어났다. 물론 해당 신은 무술 감독 및 액션 연출부와 잘 협의하고 연구한 끝에 나온 장면이겠지만, 어쩐지 배우 황정민이 뿜어내는 리얼리티(그의 연기 경력에서 나오는 노하우)가 영화의 설정이나 연출 및 기획 등보다도 자연스럽게 나의 몰입을 도와주는 느낌이 들었다. 하지만 이는 <인질>이 애당초 의도했던 바와는 거리가 있는 나만의 돌출된 감상에 불과할지도 모른다. 어쩌면 이 구간에서 감독은 그저 처절한 싸움 끝에 황정민이 일상으로 돌아가게 된다는 서사의 한자락만을 담아내려고 했을 뿐이지 않을까.",중립
WonSoul,3,"중반까지의 긴박감까진 좋았으나,
황정민이라는 배우의 납치라는 소재 하나로 퉁치기엔
전체적으로 뻔하게 예상되는 스토리전개였다.",긍정
SooooodaL,2.5,"망할 수 없는 스토리&주연의 조합.황정민은 언제나처럼 황정민했음👍특히 마지막씬 눈빛 한방으로 엄청난 부연설명이 되고 관객으로써  이해되는 경험.. 소름끼쳤음!!😍

BUT!

""덜 예쁘고,덜 잘생기고, 낯선 배우""들이 출연하면, 나처럼 외모지상주의에 세뇌된 관객은 자동으로 엄청난 내공과 연기력을 기대함..하지만 아무도 그렇지 않았음🙄

""실존하는 배우 황정민"" 과 ""영화 속 배우 황정민""의 경계를 확실히 하고싶은 설정의 캐스팅 같았으나 글쎄... 잘 모르는 사람들이 떼로나와 쎈척한다고 연기파로 보이지는 않았어요.",중립
주마등,3,"영화는 처음부터 끝까지 예상한 대로 흘러간다.
하지만 식상하지 않았다.
마치 어릴적 비싼돈인데도 4D롤러코스터를 탔을 때 처럼, 스토리는 모르겠고 관객들이 윽윽 거리며 체험하게 한다.

- 최근 ‘깡철개그부대’ 를 봤는데 납치범 대장 볼때마다 KBS 장윤석 개그맨이 자꾸 떠올랐다..
특히 이마깠을땐..ㅋㅋㅋ",긍정
배성진,3,"신선한 소재에 긴장감은 괜찮았다
유명배우들 안쓴 것도 좋은 선택인듯?",긍정
한민영,2.5,스포일러가 포함되어 내용을 생략했습니다.,중립
오세동,3.5,"한국에 많이 없는 신선한 소재. 배우층에 새로운 얼굴이 많이 보여서 즐겁다.
정말 연기력으로 승부한다.
그러나 제 4의 벽을 깨기엔 몰입감이 부족했다.
감독은 관객들로 하여금 현실의 배우 황정민이 보이길 원했겠지만 배역 황정민이 보일 뿐. 아쉬웠다.
역동적인 카메라 워킹과 빠른 자동차 추격전으로 스릴러의 몫은 톡톡히 했다.
다만 뻔한 내용에선 벗어나기 어려웠다.
.
ㅡ스포있음ㅡ
.
배우 황정민이 납치된다.
이러쿵 저러쿵 탈출을 시도했지만 실패한다.
결국 경찰이 찾게되고, 납치범들이 내분하며 황정민과 어떤 여자아이는 무사히 탈출한다.
해피엔딩.
하지만 2년 후, 황정민은 트라우마에 시달린다. 그래도 프로 배우기 때문에 오늘도 겁먹지 않은척 연기를 한다.
ㅡㅡㅡㅡㅡㅡㅡㅡㅡㅡㅡㅡㅡㅡㅡㅡㅡㅡㅡㅡ
황정민의 팬이기에 잘 봤다.
연기를 이용하여 위기을 모면하는 장면이 인상깊다.
다리에 찔린 나무를 뽑은 뒤 서럽게 우는 장면도 좋았다. 언제나의 영화 속 모습처럼 영웅이 아닌, 정말 사람 황정민이라는 감정을 느꼈다.
.
개인적으로, 납치범 무리의 샛별?이라는 배역이 참 아쉽다.
걸크러쉬하게 비춰지고싶었으나 막상 대사는 쎄보이는(안어울리는) 욕 몇마디와 C컵 처음보냐는 뜬금없는 한마디. 뭔가 팀과 조화롭게 어울리지 못하고 붕 뜬 캐릭터여서 아쉽다. 빡빡이의 애인으로서 빡빡이의 분노를 폭발하게 하는 트리거로만 소모된것같다.
.
다른 배역은 참 인상깊다. 각각의 캐릭터가 너무도 매력적이다. 특히 그 찐따님.. 기억에 남는 배우.
.
2021.08.19
.",긍정
별비,2,신선함으로 승부해야 할 영화였으나 어떤 새로움도 느끼지 못했음,부정
Sanghyun Sim,3,"영화 속에서 가상의 캐릭터가 아닌 배우 황정민이 납치를 당한다는 시작점은 참신하고 좋았으나 납치범들의 캐릭터와 이야기 진행은 그닥 참신하지 못한 게 좀 아쉽다. 하지만 괜시리 납치범들에게 개연성을 부여한다고 구구절절 설명하지 않고 간단하게만 짚고 납치사건에 집중한 점, 조악하고 투박한 사제 무기로 공포감을 높이고 스릴러답게 끝까지 긴장을 놓지 못하게 만든 점은 칭찬할 만 하다.

#인질 #배우황정민 #황정민개고생 #개아퍼보임",긍정
함성규,0.5,"국내 big4배급사 4가지 편견
1. 톱스타가 2명 이상 나와서 팬몰이 하던가, 가족 단위로 볼 수 있는 영화, 기승전 감성 팔이류의 흥행몰이 할 수 있는 작품들은 CJ가 배급한다. 그래서 CJ는 영화의 작품성 같은 건 안중에도 없고 오로지 흥행하냐 안 하냐만 따지기 때문에 확실한 승부가 아니면 패를 숨긴다.

2. 영화의 완성도도 흥행보증도 높은 작품은 쇼박스가 배급한다 - 이 생각은 작년 한국 영화계의 3대 재앙 중 하나인 <국제수사> 그리고 지난주 한국 영화계의 개망신 <싱크홀>로 깨졌다.

3. 국내 작품이든 외국 작품이든 영화의 완성도가 엉망진창이면 롯데가 배급한다. 가끔 기억도 가물가물한 <아이 캔 스피크>라던가 <증인> 그리고 외국영화에서는 미션임파서블 시리즈라던가 콰이어트 플레이스 시리즈처럼 의외의 복병이 있었지만 나는 아직도 트랜스포머 5를 다시 보는 악몽을 꾸곤 한다..

4. 그리고 이런 2019년도에 제작되어 개봉도 못하고 창고에 처박혀있던 황정민이 아니라 황정민 할아버지가 와도 살릴 수 없는 쓰레기 삼류영화는 new가 배급한다. 여러 인터넷 여기저기 쁘락지 여럿 심어놓고 대단한 명작인 것 마냥, 흥행작 인척, 여론몰이 해가며 선량한 관람객들 이성적인 판단에 큰 도움 주시면 되니까 어떤 망작을 졸작을 배급해도 든든하다.

왜 개봉 못하고 창고에 박혀있었는지 보면 알 수 있다. 영화 동아리가 UCC 만든 수준의 영상물에 톱스타 한 명이 출연했을 뿐, 모든 대사가 싼 티 나는 10원짜리 욕들이랑 말 같잖은 허접한 연출, 불쾌한 장면들과 치명적인 빌런인 척 연기하는 엉성한 배우들 밖에 없다. 낙원의 밤을 보고 욕을 했던 나 자신이 부끄럽다. 4개월 뒤에 이런 쓰레기를 만나게 될 자신을 모르고.. 시간이 너무 빨리 가서 고민이신 분들은 꼭 보시길 바랍니다. 황정민님 배우 커리어 최대의 오점이 될 기록적인 망작",부정
이재성,3.5,스포일러가 포함되어 내용을 생략했습니다.,긍정
송씨네,4,"황정민이 부릅니다. 드루’Wa’… 드루와 드루와 Babe… 톱스타 황정민이 납치되었다는 발상으로 출발한 영화로 95분의 러닝타임을 알차게 채우고 인질범 역의 배우들도 신인들로 채워 호기심을 일으킵니다. 새롭진 않죠, 하지만 황정민이 맡은 황정민이 궁금하지 않을 수 없죠. 밥상 소감이나 명대사를 본인입으로 말하는 것이 잔재미인데 ‘차인표’의 본인을 연기한 차인표 씨와 어찌보면 다른 방식의 개고생이라는 점 역시 흥미롭죠. 자칫 러닝타임을 질질 끌 수 있기에 위험해질 수 있는데 ‘모가디슈’를 비롯해 류승완 사단의 제작사 ‘외유내강’은 그런 함정에 빠지지 않죠. 때려주고 싶을 정도로 리얼한 연기를 보여주는 인질범 5인방은 실제로도 필모들이 적어보이지만 나름 검증받은 배우들이란 점에서 앞으로 주목되죠. 심지어 감독도 신인이라 괜찮을까란 의문이 들지만 그 불안을 말끔히 제거합니다. 원작은 유덕화 주연의 ‘세이빙 미스터 우’로 원작과 비교해보는 재미가 있을 것 같습니다. 홍콩 원작은 실화 바탕이라 리얼했다고 하는데 우리는 리얼보다는 액션에 더 집중하지 않았을까 예상해 봅니다.",긍정
혼영둘영환영,1.5,스포일러가 포함되어 내용을 생략했습니다.,부정
Apoteosis,4.5,몰입감은 요근래 본 영화 중에서는 최고,긍정
장호준,3.5,"실제 사건을 기반으로 한 오리지널 [세이빙 미스터 우]의 사실적 요소를 영리하게 한국적으로 번안했다. 원작의 진지함보다는 스릴러로서의 긴장감을 조성하는데 주력하고 있으며, 낯선 배우들의 캐스팅으로 실내극적 긴장감을 극대화시켰다. 익히 유명한 '황정민'이라는 캐릭터를 활용하는 능력도 좋은 편. 극적인 이완보다는 몰아부치는 스타일이라 호불호는 다소 있을듯.",긍정
주방장의 잡기술,3,"인물들의 심리를 얽매는 것과
황정민 이 세 글자가 이 영화에서 기억에 남는 것",긍정
노곤노곤,3.5,"최대한 현실성을 살리고자 하는 초반부 연출은 좋았으나 후반으로 갈 수록 여느 영화와 다를 바 없어지는 게 아쉬움으로 남는다
납치범 역할을 맡은 배우들의 열연이 단연 돋보인다",긍정
june_pieces,,"문명특급 황정민 편 보고 기대 중인 작품
황정민이 배우 황정민을 연기한다",알 수 없음
Limousine,3.5,"'황정민'으로도 메울 수 없었던 영화와 현실 사이 이질감

또 시도만 좋았다.

#현실감을 위해 본인이 본인을 연기하고 그 외 주요 배역은 모두 비유명 신인 배우들에게 맡겼다. 신인 배우들을 기용하려 한 의도는 좋았으나 결과물이 따라주지 않았다. 류경수 배우를 제외한 배우들이 '현실'이 아닌 '영화'를 연기해버려 그 취지가 무색해져버렸다. 게다가 '리얼리티'을 강조하는 영화치고, 주요 악역과 주인공의 능력치 보정이 비현실적이다.... 특별출연 박성웅의 농담 따먹기가 제일 현실적이었으니...
그래도 소재 자체가 워낙에 흥미롭고, 신인배우들의 연기도 후반으로 갈수록 괜찮아졌다는 것에 위안을 삼고 괜찮은 장르적 재미를 즐긴다면 못 볼 정도의 영화는 아니다.
그래도 아쉽다. 너무 아쉽다. 마케팅 과정에서 현실감을 강조한 것이 최대 실책이 아닐까 싶다.",긍정
카메라,3,"믿고보는 외유내강.
이제 외유내강이 만든 영화는 평타는 친다는 믿음이 생기고 있다.
(2021. 8. 9. 메가박스 코엑스. 시사회)",긍정
싱요미,3.5,서론 짧고 바로 본론으로 치닫는 짧고 굵은 잘만든 오락 영화. 원작 '세이빙 미스터 우'보다 더 장르적이고 재미있다.,긍정
우리는끝없이흐른다,3,실제 황정민을 그대로 갖다 쓰는 모험을 하면서 악당들은 오히려 연극적이다. 게다가 멍청해서 황정민이 활약할 기회를 주지 않고 자멸한다.,긍정
아싸혼영,3,"준수한 시놉시스
평범한 연출
벙찌는 중간전개
비범한 연기",긍정
이지수,3,도시는 위협들로 가득 차 있다.,긍정
방주형,0.5,황정민만 보인다,부정
Solar,3,"2명의 배우와
나머지 배우들간에

영화 속 상황 몰입의 정도가 다르게 느껴져서
서로 다른 장르를 찍는것같기도했다.",긍정
삐리리,2.5,현실인지 영화인지를 착각하게 만들지만 재미는 글쎄다,중립
빈⠀,2.5,화제성만 챙겨가는 설정,중립
조독주,3,팝콘을 부르는 황정민의 황정민.,긍정
서주원,3,"황정민의 연기력과
납치범들이 정말 섬뜩했다",긍정
악동이,3,"3.1
맛집을 찾는 이유
기본은 한다.",긍정
Hoon,3,황정민의 연기만은 인정 안할 수 없다.,긍정
영화팬,3.5,황정민을 보러 갔지만 악역들의 호연과 미묘한 감정선도 볼거리,긍정
홀든 콜필드,2,"설정 때문에 보기 시작했으나 역시나였다. 사이코처럼 보고 싶어서 안달난 빌런들에 힘이 빠지고 후반부로 갈수록 엉성해지는 구조에 탈출하고 싶었지만 참고 꾹 봤다. 찍어낸 듯한 그런, 킬링타임으로도 좀 아쉬운.",부정
Denny,2.5,중간까지 재밋다가 후반부로 갈수록 졸림. 황정민 영화사에 오점으로 남을 듯,중립
life on plastic,2.5,"각자 맡은 일에 최선을 다하고 있다는 느낌을 주는데 지나치게 전형적이라 김이 빠진다. 좀더 왼쪽이거나 좀더 오른쪽이어서 아슬아슬한 상태, 예상하지 못한 상태를 바라는데 너무 정중앙에 위치한 느낌?",중립
이지성,3,영화가 뭐이리 무식하냐.. 그나마 무지성으로 달려가는 속도감은 묘한 쾌감이 있음.,긍정
한소리나라,3,"딱 생각한만큼의 영화. 그래도 소소한 유머가 있고, 다행히 생각보다 잔인하진 않아서 좋았다.",긍정
D 바살,2.5,황정민이 황정민을 연기한 것이 돋보였지만 점점 현실감보단 영화스러움이 가득,중립
최희영,3.5,김재범 배우 눈빛,긍정
하늘바다인생,1,"느닷없는 여경 설정에 긴장감 전혀없는 스토리..도데체 왜 만든건지 모르겠는 영화..
그냥 황정민 다큐를 만들지..",부정
마늘빵,4,좀 뻔한 시나리오일 수 있는데 그래도 재밌다. 황정민의 황정민 연기.,긍정
RagingBull,2.5,"각 캐릭터들에게 서사를 부여하지 않은 것이 단점이랄까?
납치 감금 폭행 금품요구 결투 끝.",중립
Axllow,3,처음은 정말 좋았다. 특히 김재범으로 나온 범죄자 포스는 보는이들까지 압박을했고 황정민은 영화속에서 또 다른 황정민을 연기해 신선함을 주었다. 긴장감은 정확히 김재범이 아지트를 떠나는순간 사라졌다. 한복판으로 나온 김재범은 뭘하던 CCTV에 찍히고 아무리 날고긴다한들 한국은 범죄 대놓고 저지르기에 쉬운나라는 아니다. 시청하는사람들은 알게모르게 안정감이 생기니깐 영화속 긴장감은 사라졌다. 황정민은 전공을 살려 연기로 범죄자들을 속이지만 뻔한 루트였고 맛을 잘 살리진 못한거같다. 범죄자집단은 체계가 잘 잡혀있는듯했지만 한순간에 오합지졸로 지들끼리 싸우기 바쁘고 가장 많은걸 보여줄수 있었던 김재원이 외부로 빠지는순간 나머지 부하들은 전혀 운영하지못하는 부분도 아쉽다. 영화 재미와는 별개로 연예인삶도 만만치않을거 같긴하다. 톱스타들은 편의점한번 가기도 쉽지않아보이고 항상 좋은모습만 보여줘야되는 직업이다보니 돈 많이버는 직업이란게 어느순간 수긍되기도한다.,긍정
롯데폐인,3,끝이 보일때쯤 다시 시작. 엔딩크레딧 올라갈때까지 짜릿한 긴장을 선사한다..,긍정
마인,3,"빠른 속도감! 넷플릭스 영화를 보는 듯!
그러나 영화는 영화다!",긍정
이남엽,3,계산된 결말로 인해 용두사미가 되어버린 인질과 납치범의 연기 티키타카,긍정
ench,1,"<무한도전>에서 호피 무늬 래핑한 출연자의 차를 완파하는 모습을 대여섯 차례나 반복해 보여줌과 동시에 출연자의 당황한 리액션ㅡ야, 저거 니 차 아니냐? 내지는 이거 (제작진과) 얘기 된거야?ㅡ을 교차 편집하던 순간. <가짜 사나이>에서 퇴소를 알리는 종을 앞에 두고 진짜로서의 자아 정체성을 망설임 없이 버리고 유사 특수부대원이라는 가짜로서의 자아 정체성을 선택하던 그 순간. 진짜와 가짜가 거리낌 없이 뒤섞이고, 현실에서 이항 대립하던 두 관계에서 한쪽이 완벽히(또는 추잡하게) 승리를 거머쥐는 순간. <인질>의 시놉시스를 읽을 때, 그 어색하지만 꿈같은 순간을 기대하기 마련이다.

90여분의 짧은 러닝타임에서 <인질>은 그 이름대로 정직하게 인질에 밀착하여 실존 인물 황정민의 반응을 담아내고, 그런 연출은 대충 쓰인 대사를 통해 적당히 진짜같은 분위기로 적당히 가짜같은 설정을 가로지른다. 인질과 납치범의 신경질적인 대치는 그냥 인질범이 황정민을 납치, 감금, 고문한 상태이니까 할수밖에 없는 소모적인 말싸움으로 채워져 있고, 무언가 수사 활동처럼 보이는 일 처리를 해 보일 것처럼 보였던 캐릭터들은 제대로 연기도 못해보고 폭탄 소동에 휘말리는 멍청한 공권력으로 (그렇다, 또 바보 경찰과 영웅적 주인공의 대비다) 전락할 뿐이다. 그러나 궁극적으로, 영화 안에서도, 황정민은 바람피워선 안 되고, 사람 대가리를 샷건으로 날려서도 안 되며, 황 배우의 신체 어디 한 부위가 절단당하는 참극이 일어나서도 안 된다. 이러한 보수성 앞에서 황정민은 두 번 요청받는다. 사진 찍어주실래요? 이때 우리는 기본 전제를 지켰는가 되물을 수밖에 없다. 너는 진짜와 가짜 사이의 무엇인가? 영화가 그 둘 사이의 겨루기 한 판이라면 그 두 요청 사이에 우리는 진짜와 가짜 둘 모두와 한 번은 만났어야 하지 않는가. 눈앞에 황정민이 나타났을 때 나는 그를 납치하고 싶다는 생각이 들지 않았고, 그의 손에 커터칼이 쥐어졌을 때는 그의 탈출이 실패하기를 내심 바라고 있었다. 그건 뭐랄까, 이 실패작이 어떠해야만 성공할 수 있었을까 고민했다기보다는 이죽거리며 팔짱 끼고 쳐다보는 악플러로서의 마음에 더 가깝다. 그러나 어쩔 수 없었다. 이야기 바깥에서 정체성 싸움을 인질로 잡은 협잡꾼의 얼굴이 아른거렸으니까.",부정
김현무,2.5,각본은 형편없지만 연출이 좋아 몰입도가 있다. 다음 작품은 각본은 작가에게 맡기고 감독만 하기를.,중립
정성국,4.5,드루와!!! ㅆ!,긍정
허기자,1.5,황정민이 반드시 해결해야 된다고 매니지먼트에서 압박했냐?,부정
최실장,2,신선한데 깨운하진 않다.,부정
HP,2,황정민 연기 말고 그 아무것도 없다. 개인적으로 하나만 잘하면 된다는 주의긴한데 이렇게까지 지나치게 한개만 들이밀면 좀 곤란하다.,부정
임랑일,3,씰데없는 것들을 거세하고 밀고 나가는 힘이 좋았다,긍정
Wanee,2.5,"현실에 기인한 설정 하나로 가는 영화가 개연성을 잃어버린다는 것, 최기완을 처음 놓쳤을 때 이 영화는 끝났다.",중립
Ko paint,2.5,답답함 ㅠㅜ 내내 건빵먹는듯함,중립
김영도,2.5,"하나의 목표를 잡아두고 그것만을 향해 전형적이지만 뚝심있고, 재미있게 나아간다. 그럼 된거다.",중립
성아,3,허수가 허구를 허점으로,긍정
믜야호,3,"현실감있는 마지막을 향한 빌드업, 근데 이제 잔인함을 곁들인...",긍정
정재웅,0.5,이딴 영화 만들어놓고 한국 영화 봐 달라고 그러지 좀 마..,부정
여양님,4,솔직히 진짜 유치하고 뻔하게 생각하고 황정민 연기나 보려던건데 조연들 연기 뭐야?ㅋㅋㅋㅋ 너무 무섭다고..  우두머리역 누구지 첨에 여잔줄. 중성적인데 광기연기 소름. 찐따빠박이씨컵언니까지 연기 다 잘함. 액션씬도 합맞춘 오글말고 개싸움에 사제총까지..추격자느낌도나고 제법 리얼함..우두머리아저씨 확뜰듯ㄷㄷ,긍정
ㅅㅁ,2.5,"나쁘지는 않았지만 그렇다고 좋았다고도 할 수 없는, 시도는 신박했지만 굳이 이렇게까지?, 그래도 김재범 배우를 스크린에서 만나다니, 더더욱 황정민과 맞붙다니, 그 자체로 짝짝",중립
가람동,1,"오랜만에 보는 내내 실소가 나와서 어찌할 바 몰랐다. 리얼리티를 추구해야하는 장르에서 왜 계속 '""영화니까""라는 방패막이를 사용하는 것인지.

극장을 나오면서 뭔가 되게 정신없는 공허함을 느끼고 온 것 같다.

의도적으로 여자 배역을 챙겨주려고 한 것 같은데 차라리 안 나오니만 못한 대접을 하면서 극에 이용되는 게 가장 충격적인 포인트.

과연 극에서 제 역할을 하는 쓸모있는 캐릭터는 몇이나 있었을까.",부정
purplemade,3,배우 황정민이 지닌 현실감과 생동감,긍정
김광수,2,"실제 황정민같지 않다. '씨빠, 부라더'만 외친다고 실제 황정민같을 거라 믿는다면 오산.

현실과 가상을 넘나들며 좀 더 흥미로운 작품을 만들 수 있었을 텐데...아쉽다.",부정
김창석,3,독특한 설정과 속도감으로 각본의 구멍을 어찌어찌 넘어간다.,긍정
HAN,3.5,생각보다 나쁘지 않았다. 메인 빌런 연기가 좀 별로/ 알바생도 반전이었으면 더 나았을 것같은데,긍정
박주현,3.5,"칭찬인지 욕인지 싶겠지만 러닝타임 90분인 것이 최대장점인 영화!

클리셰 범벅인데 오히려 좋아~
클리셰대로 가니까 등장인물 난잡하고 러닝타입 짧은데 뇌피셜로 개연성 자동완성시킴.

그리고 3분마다 쾅쾅 터지고 부수고 줘터지고 해서 스킵 없으면 집중력 3분컷인 나한테는 좋았음.

솔직히 베드신 왜넣었는지 모르겠는데 걍 뇌비우고 보기 좋은 킬링타임용 영화. 우리 호정이 분량 무슨일?

그래서 차라리 그냥 완전 비급 감성으로 갔으면 더 재밌었겠다 싶음. 차라리 킹스맨처럼 머리가 터지든가.

그래도 억지 교훈 감동 없어서 좋았음. 아니면 있었는데 내가 못 느꼈을지도??",긍정
기록지향적생각아카이브,3.5,무능함으로 뒷북쳐서 무너뜨리는 황정민이 쌓은 공든 탑,긍정
조신익,3,짧고 간결하고 효율적으로,긍정
수란잔,4,"재작년 <엑시트>, 올해 <인질>.  밀도 높은 장르의 외피 속에 약간의 시의적 시선까지. '외유내강'의 저력은 계속된다.",긍정
제이크,4,"이 정도면 이 소재로 챙길 거 다 챙겼다
재미있게 봤다",긍정
사자다무섭지,3,현실적 구조의 영화의 비현실적 캐릭터,긍정
네원,2.5,"뭐야 이거 황정민 위인전이에요??? 배우도 찍으면서 좀 민망했을 거 같은데, 몇 없는 조연들의 연기가 괜찮았고 그외에는 우연의 연속 진 빠진다.",중립
칠보,1.5,신선한 배우 마스크를 본 게 이영화의 유일한 미덕,부정
장지요니,3.5,"아는 얼굴이라곤 메시뿐이지만
모두가 저돌적으로 골대를 향해 달려가는
아르헨티나 국대팀의 경기를 보는 기분

캐스팅으로 형식을 갖춘다

인간수업 백주희 / 어른들은 몰라요 이유미",긍정
CGV SVIP,0.5,싱크홀보다 짜증도 안나고 재밌게 보았다,부정
제트별,3,진짜로 드루와버렸을 때 대응하는 저력,긍정
페리,3,"‘배우’라는 것 빼고는 너무나 현실감 있어서 간만에 심장이 쪼그라든 느낌.
처음부터 끝까지 단 한순간도 놓칠 수 없게, 집중하게 만드는건 소재인가 연기력인가

그리고 이유미의 재발견 좋아지기 시작했다",긍정
걸어라,3,장르극에 현실감을 더하는 장치가 확정된 결과로 귀결되는 요소로 작용한다.,긍정
Jay Ha,3.5,"컴팩트하게 하드보일드하다
그 이상, 그 이하의 미사여구가 필요없는 <인질>
(한국 영화를 감안하더라도 너무나도 심각했던 무능경찰 클리쉐만 어떻게 했더라면...)",긍정
윤이사야,1.5,캐릭터의 비대칭,부정
카프리콘,2.5,"호기로운 설정. 신예들의 열연. 박진감 넘치는 몇장면.
어느새 장점들은 온데간데없고 빌런 캐릭터와 드라마엔 구멍이 슝슝.",중립
서영,2.5,스포일러가 포함되어 내용을 생략했습니다.,중립
피요히코,2,황정민이라서 그나마 봄,부정
정윤혁,3.5,"범인 5인방이 영화 다했네..
황정민은 평타..늘상 그런연기...
나름 잼있게 봤지만...경찰들 캐스팅은 최악이다.
싼맛에 쓴건가? 너무 심했어 정말~",긍정
Sean,3,황정민 외에 과감하게 얼굴을 많이 보이진 않은 연기자들을 등용하여 리얼함을 상당히 살렸다 최근의 다른 영화들에 비해 다소 짧은 러닝타임에서 보이듯 설정이나 스토리가 얕진 않을까 우려했는데 후반부의 급박한 진행을 통해 긴장감을 주면서 이런 생각을 조금 날려주었다 다큐나 재현물이 아님에도 황정민이 황정민 역을 맡는 영화라 그런 부분에서 신선했다,긍정
김민혜,3,황정민이 황정민을 연기하며 철저히 관객을 속인다.,긍정
영화를 봅시다,3,"장르에 충실해.
황정민이 아니라 다른 배우였어도 큰 차이는 없었을 듯.",긍정
걍미소,2.5,상영시간이 짧음에도 불구하고 후반부는 늘어지는 느낌,중립
아암,3.5,황정민 혼자 다 해먹는거 같지만 조연들도 장난없다.,긍정
단백석,2.5,"사르르 녹아내리는 참신함
⠀
『인질』은 제26회 청룡영화상의 남우주연상 수상소감으로 시작합니다. 상을 안겨준 『너는 내 운명』보다도 오래도록 회자되는, 황정민의 상징과도 같은 멘트지요. 그런 그가 의문의 패거리에게 납치당하네요. 다음 날엔 『신세계』에서 호흡을 맞췄던 박성웅과 함께한 신작, 『냉혈한』의 인터뷰가 예정된 상황. 대중의 이목이 집중되는 시기에 대스타가 홀연히 자취를 감추다니, 흥미가 생기지 않을 수 없는 소재입니다.

그야말로 온갖 수단을 동원해 배우 황정민의 발자취를 강조합니다. 심지어 손발을 묶어놓고선 정청의 명대사를 재연해달라는 자칭 팬도 있어요. 하지만 기계적으로 필모그래피를 나열하는 정도에 그쳐 실존 인물을 다루는 의미가 얼마나 있었는지 의문부호가 붙네요. 서도철과 최철기라는 배역을 이용한 묘수는 꽤 그럴듯했지만, 당사자를 주인공으로 내세우는 참신함의 유통기한은 길지 않습니다.

인질과 납치범 사이에 놓인 존재감의 천칭이 좀처럼 평형을 이루지 못해요. 무도함으로 가득 채운 악역에겐 별다른 깊이가 없어서, 죽음을 불사하면서까지 우두머리에게 충정을 다하는 모습은 영 와닿지 않습니다. 수사 과정에서 나름의 본분을 다하던 경찰은 약속이라도 한 듯 뒤로 갈수록 무능해지고, 기어이 펼쳐진 둘만의 사생결단 액션씬은 어김없이 클라이맥스를 차지합니다. 남은 건 장르의 낡은 공식뿐이네요.

황정민을 연기하는 황정민, 반동이나 복종 등 집단의 속성을 하나씩 분절해 수행할 뿐인 패거리, 카운트다운 CG와 별반 다를 게 없는 경찰 모양의 장치… 그나마 소연으로 분한 이유미 배우만이 이 영화를 『황정민』이 아니게 이끌어요. ‘설마 황정민한테 무슨 일이 있겠어?’ 라는 안전구역에 자리 잡은 주인공을 대신해 특유의 흔들리는 눈빛과 수척한 이미지로 서스펜스를 책임집니다. 관객이 『인질』을 『인질』로 받아들이게끔 만드는 건 오롯이 그의 열연이겠지요.",중립
강다인,2.5,처음부터 끝까지 불편했던 영화… 21년에 이런 크리피한 영화는 별로 보고 싶지 않다,중립
권미정,4,황정민의 선택은 옳았다 ! (영화 외적으로도 내적으로도...),긍정
로렝이,2.5,"아 역시 뻔한 한국영화
-
악역은 좀 끝까지 악역이었으면..
실컷 납치하고 사람도 죽였던 사람들이
갑자기 슬퍼하고 연민하고 동정하고
이건 좀 아니지 않나🤷🏻‍♀️",중립
정우석,3,코믹상황극인 줄 알았더니 황정민 끼얹은  한국형 액션 스릴러였네,긍정
swingBH,2.5,"신선함을 집어넣었지만 신선하지 않았던
.
.
.
우선 황정민의 연기력은 진짜 말할 필요가 없다. 진부해질만 분위기가 형성되면 황정민(이유미 배우도)에 연기로 캐리하고 또 뻔해질만 하면 엄청난 연기력으로 몰입도를 끌어올려준다.

그러나 이 영화가 생각보다 별로인 점은 예고편의 기대에 못미쳤다는 것.
황정민 배우가 맡은 '본인'역할은 굳이 황정민이 아니여도 괜찮았다. 예를 들면 ""천만배우 황정민이 납치됐다!""라고 홍보를 하는 것이 아닌, 황정민이 부자 사업가 역을 맡아 ""부자 사업가가 납치됐다!""라고 영화를 진행시켰어도 나왔을 내용물을 똑같았을 거라는 이야기이다.
한마디로 황정민이 본인을 연기한다는 엄청 큰 메리트를 가지고도 그것을 제대로 살려내지 못했다는 말이다.

뿐만 아니라 이 영화은 황정민 배우가 연기 연출 기획 모든 단계에 참여, 심지어 신인배우 캐스팅까지 일임하였다. 그렇기에 더 재밌는 영화를 기대했지만 어쩔 수 없이 한국 상업영화의 클리셰를 그대로 따라간다. 이러한 시도은 처음이니까 안정성을 취하기 위해라는 답변이라면 솔직히 어쩔 수 없는 일이지만.

마지막으로 이 영화의 플롯은 그냥 황정민이 납치됐다! 이거 하나다. 납치범들은 어떤 큰 이유가 있는 것도 아니고 납치를 위한 사전작업 또한 보여주지 않는다. 순전히 단순하고 식상한 내용으로 흘러가지만 사실 이건 큰문제가 되지 않는다. 보다보면 어짜피 연기에 집중하게 돼서.",중립
치킨왕치킹,1.5,"21.08.22
이럴거면 황정민이 황정민 역할 안해도될텐데",부정
승담이,2.5,한편으로 이유미 배우님 멀쩡한 모습으로 영화에서 보기 힘들어 아쉬움 가득,중립
김다베,2.5,"철학이 없는 빌런은 매력이 없고, 그에 대항하는 주인공은 고통스럽기만 하다. 겪은 고통에 비례한 통쾌함을 주거나 회복된 일상을 보여주지 않으니, 영화관을 나와도 왠지모를 찝찝함만 남는다.
-
(스포일러)
특별히 캐릭터에 대해 이야기 하고 싶다.
결론적으로 이 영화는 소위 캐릭터 빌딩에 실패했다. 빌런이란 주인공의 일상을 파괴하는 역할이다. 여기서 파괴하는 이유 즉 빌런만의 철학과 신념이 있다면 이야기는 더욱 풍성해진다. 그 대표적인 예가 바로 다크나이트의 조커이다. 스타워즈의 다스 베이더이고, 블랙팬서의 킬몽거이고, 어벤져스의 타노스이다.

'인질'의 빌런은 철학이 없다. 아니 매력적인 빌런의 철학을 어설프게 따라한다. 취조실 씬과 ""선택을 잘했어야지""라는 대사로 미루어보아, 다크나이트의 조커에 착안한 것 같은데 조커의 반의 반의 반도 못 미친다. 배트맨의 정의에 물음표를 던지며, 사적인 레이첼과 공적인 덴트 중 누구를 구할거냐는 딜레마를 안겨주는 깊이가 다른 조커다. '인질'의 메인빌런은 도대체 어떤 선택지를 주었나? 애초에 함정으로 유인했으면서 무슨 선택을 운운하며 어설픈 철학을 던진단 말인가.

황정민에게 이기적인 생존을 유도하는 빌런도 마찬가지다. 빌런의 목표가 돈인지, 삶을 간절히 원하는 사람들을 향한 조소인지 명확하지가 않다. 차라리 후자를 목표로 삶에 회의감이 가득한 체 사람들을 납치하고, 자신이 살기 위해 남을 죽이게 만드는 딜레마를 제공했다면 훨씬 깊이있는 이야기가 됐지 않았을까. 이렇게 황정민의 이기심을 끌어냈다면 좋았을텐데. (빌런 그들도 자신의 삶을 유지하기 위해 타인의 돈을 요구하는 아이러니는 덤). 결국 이런 어설픈 설정은 빌런으로 하여금 전형적인 싸이코패스로 전락하게 만들고, 빌런이 가진 철학의 깊이만큼 성장하는 주인공이 아무런 성장없이 고통만 당하다 끝나는 영화가 됐다.",중립
Mocha,3,지루하지 않게 보고 나올수있다,긍정
창문너머호수,3,주조연배우들의 볼만한 연기 그리고 인상 깊었던 카체이싱,긍정
유병헌,3.5,몰입감을 위해 사력을 다하는 영화의 힘이 느껴진다.,긍정
이호,2,산으로 가는 아이히만,부정
체지노,2.5,"호기심에 먹어봤는데 아는 맛이였네,에잇 인스턴트였어....맛없는 인스턴트...",중립
찬 / NLMA,3.5,"황정민이기에 가능한 캐릭터 설정.
그리고 무명의 배우로 설정해보겠다는 추진력.
-
지금 코시국에 가장 영화관을 선택하게 할 수 있는 선택이 아닐까.",긍정
류양,3,"가상의 천만배우로 했다면 더 빠져들어 봤을텐데 아쉽다. 황정민이 황정민으로 나온게 양날의 검이다.
🎬 롯데시네마 판교",긍정
HTL,1,ㅋㅋㅋㅋㅋㅋㅋ영화가 너무 싸구려같아요,부정
거노,2.5,"납치라는 흔한 소재와 본인이 본인을 연기한다는 참신함 설정의 조합.

배우 황정민이라는 소재를 활용한 것이 서도철과 최철기를 끌어들이는것 말고는 딱히 이유를 모르것다.

참신한 설정으로 출발했지만 그냥 딱 납치를 소재로한 영화 그 이상 그 이하도 아닌 영화가 되었다.",중립
Jason Bourne,3.5,스포일러가 포함되어 내용을 생략했습니다.,긍정
소희,1.5,"유행어 몇 마디 쓰려고 실존 인물을 그대로 갖다 쓴 걸까 .. 경찰 연기 보고 황정민 캐스팅에만 비용을 다 썼나 라는 생각이 들 정도였다... 몰빵할 거면 황정민 혼자 끌고 가는 영화로 만들지 어영부영 짜임새 없는 스토리로 누구도 빛나지 못한 영화가 된 듯
어깨 드러나는 여자 인질, 무능력한 경찰, 자멸하는 악당, 뜬금없는 눈물 짜내기까지 어이없음 종합세트
그래도 초반에 긴장감 조성하며 불편함을 느끼는 것만큼은 잘 만든 듯 끝까지 잘 유지만 됐어도,,",부정
nK,3,황정민이 튀겨주는 안정적인 팝콘의 맛,긍정
lackee,3,황정민 연기의 종합선물세트 같은 느낌,긍정
홍준희,3,"듬성듬성 하지만
정확한 목적지를 갖고 직선으로 나아간다",긍정
MOAAI🗿,3.5,"기발한 소재에 못 미치는 뻔한 클리셰
다소 애매하고 빈약한 캐릭터 쇼
하지만 보는 맛이 있다.

황정민은 확실히 생활연기보다는
캐릭터 연기에 능하구나.",긍정
공길,3.5,인질2-마동석,긍정
MONARCH,3,"또경영류가 아닌  신선한 얼굴들로 채워넣어 끝까지 예측할 수 없는 맛을 잘살렸다
과한 전개와 대사를 받아치는 능력은 배우 이름값을 했지만 설정도 설정인 만큼 가장 중요한 요소였던 배우개그가 재미없는게 아쉽다",긍정
이름,2.5,그래서 왜 황정민? 악당들은 왜 이리 머리 나쁘고 너그러운가...되지도 않을 싸움을 왜 시작하는가...왜 자꾸 포기하는가...왜 살려두는가...이 영화를 왜 만들었는가,중립
rin,2,스포일러가 포함되어 내용을 생략했습니다.,부정
B506,1,"뭔가 나도 공범이 된 느낌
괜히 같이 쫄리고 같이 맞는거 같았음",부정
김민욱,3,무던하게 나가다가도 한끗한끗 느껴지는 답답함,긍정
Kodor,3,이렇게 개연성을 엿바꿔먹은 영화가 이정도 긴장감을 줄 수 있는 것도 능력이다,긍정
Mia,1.5,"이럴거면… 황정민 다큐멘터리를 만들어줘라………..
황정민 인생사 2시간 풀기만 해도 이것보단 재밌겠다…..",부정
lnonvne,3.5,김재범 배우님의 눈빛에 이끌려 버렸다!,긍정
박상욱,3.5,몰입감 굳b,긍정
소금,1,"간만에 진짜 빌런 같은 납치조..
그리고...
진짜 마이너한 성적 소재들을 황정민에 비벼놓음.......",부정
이재원,2,순간의 자극만으로 밀어 붙인다,부정
다까벌,2.5,"현실 황정민을 연기한다고 해서
굉장한 현실감과 몰입감을 기대했지만
한참동안 이질감과 싸우느라 몰입이 안됐다.

묘하게 연기가 떨어지는 배우들도 한 몫 한듯
스토리는 뭐 뻔하다",중립
제로콜라,3.5,"짜증유발하는 천하무적 범죄자들만 아니었으면,
더 좋았을뻔 했다

황정민 역할의 황정민 배우는 이걸 또 살렸다.
연기가 받혀주지 않았다면, 흔한 영화다.",긍정
제로시스터,0.5,무려 황정민 주연의 역대급 쓰레기 영화,부정
적이,3,황정민이 황정민하는 영화.,긍정
우진,4,"주연 조연
배우보는 맛.",긍정
HarrySon,2.5,"“볼 때는 그래도 재밌게 봤다”
.
.
.
.
.
그런데, 보고 나서 되돌아 보니
개연성이 다소 부족한 거 같고,
작위적인 부분들이 많았던 거 같다.
_
볼 때 아예 1도 못 느낀 건 아니었지만,
천만배우 황정민의 연기력과 같이 출연한
배우들의 포스와 연기력 그리고
빠르게 몰아치는 전개 속도 덕분에
볼 때는 괜찮게 재밌게 봤다.
_
먼저 본 어느 유튜버 분이
불쾌하고 불편하고 영화가 별로라고 하길래
높은 기대가 낮춰 졌었다.
불쾌하고 불편할 수 있는 부분들이 있었는데
영화 전체에 대한 감상이나 평점에 까지
영향 미칠 정도는 아니었다고 본다.
(최근에 <랑종> <더 수어사이드 스쿼드>로
단련되어 있는 상태여서 인지 몰라도 말이다.)
_
개연성과 작위성이 아쉬웠다. 많이 아쉬웠다.
원래 따로 원작이 있기는 하지만,
‘천만배우 황정민’을 소재로
실제 천만배우 황정민이 출연해서
납치가 된다라는 게,
참신하고 신박하고 재미 있을거 같고
궁금하고 충분히 기대케 했었다.
_
이렇게 은근 한껏 높아진 기대감을
미리 보기 전에 낮춰지지 않았다라면
높아진 기대감의 영향을 강하게 받아
실망을 했을지도 모르겠다.
_
어쨋든, 여전히 기대를 하고
일말의 희망을 버리지 않고 봤는데,
보고 나서 생각해보니, 아쉬웠다…
_
이렇게 얘기했지만, 못 볼 정도로
보고 있으면 시간과 돈이 아까울 정도는 아니다.
가벼운 마음과 부담감 없이 재밌게 볼 수 있는 영화다.",중립
자태,2.5,황정민씨가 바로 이 세계관 최...광자,중립
이지우,2.5,전혀 욕심내지 않은 영화. 러닝타임이 더 길었다면 분명 지루했을 것 같다. 배우 황정민 납치라는 소재는 신박했지만 내용은 별반 다를게 없다.,중립
종커,2.5,"리얼하게 만들랬더니
더영화처럼 만드네 ㅋㅋㅋㅋㅋ
어이가없다",중립
smoothie,3,굳이 인질들의 스토리를 끼워넣을 필요가 있었을까..? 황정민의 원톱으로 심리 스릴러 액션를 펼쳤으면 더 짜릿하지 않았을까...?,긍정
모호,1.5,고민없이 황정민에 기댄 폭력전시,부정
Yolanda,0.5,최악,부정
문준오,3,미원을 들이부운 짬뽕맛,긍정
かんかん,3,명확한 목표와 간결한 짜임새의 힘,긍정
이정준,4,"현실과 픽션 사이의 경계를 현란히 넘나들며, 끝내 그걸 부숴버리는 파괴력.",긍정
kazu,2.5,스포일러가 포함되어 내용을 생략했습니다.,중립
진주,3,"황정민의 연기야 말할 것 없이 으뜸이고,
극의 리얼리티를 더한 건 이름 모를 초면의 배우들. 👍🏻",긍정
정인채,2,"설정자체는 굉장히 매력적이었으나
배우 황정민이 굳이 배우 황정민으로 등장한 이유를 잘 모르겠다.
예고편에서 나온 ""드루와 드루와"" 장면만 빼면
가상인물 <영화배우 박○○>으로 바꿔도 전혀 이상하지 않을 전개",부정
모아이,2.5,단순히 차인표랑 비슷한 영화겠구나 했는데 생각보다 볼만했다. 결말은 뻔하겠다 싶었는데 다만 경찰들 역할이 너무 무능하게 나와서 너무 답답하기도하고 새로움이 없어서 좋은 점수는 못받을거같다,중립
주변인,2.5,가끔 굳이 왜? 라는 의구심이 드는 아쉬움,중립
길혜교,3.5,스포일러가 포함되어 내용을 생략했습니다.,긍정
쿠키,3,"아주 뻔하지만 재미가 없지는 않다.

캐릭터 하나하나 만들어진 이유는 어느정도 공감하고  납치범들의 연기도 좋았다.

다만 캐릭터들은 전형적이었고 마지막 전개까지 전형적이었다. 결말부분에서의 메시지는 나로서는 무슨 이유인지 정확히 모르겠다.

황정민은 늘 그랬듯 뛰어난 연기를 보여주었고
극 중에서의 경찰은 늘 그랬듯..

황정민 외의 명연기를 보여준 배우들의 다음을 기대해본다.",긍정
adela,3,황정민은 존댓말하면 너무 어색함,긍정
소센세,2,며칠 안남은 휴가를 완전 망쳤다,부정
칠드런오브무비,3,"황정민의, 황정민에 의한, 황정민을 위한",긍정
양일피,2.5,"조연들의 캐릭터는 깃털보다 가벼웠지만 끝까지 갔고,
‘황정민’역의 ‘황정민’은 무게감 있었지만 눈치를 봤다.",중립
정덤보,2.5,실감나는 재연의 콘셉트 말고는 총체적 난국,중립
김윤회,3.5,간만에 재밌게 본 한국영화. 황정민이 황정민을 연기하는 신선한 소재였고 있을 법한 일들이라 흥미진진했어요. 다만 샛별이란 여성분은 연기력이 좀 많이 부족했네요. 필요없는 선정적 장면이 나오지 않나 흐름을 좀 깹니다.,긍정
영화보는사람,3,"황정민이 황정민을 연기한다는 설정도 좋고
긴장감 속도감 배우들 연기 다 좋음
하지만 그럼에도 적당히 잘 만든
킬링타임용 거기까지. 인 이유는 뭘까.
유명 레시피를 그대로 따라 만들었지만
맛있지만 쉐프의 킥은 빠진 느낌?
나쁘지 않아요.",긍정
율은사랑,3,"예상 외로 황정민이라는 스타배우의 유행어나 밈, 개인기에 기대지 않는다. 잔재주에 안주하지 않고 자신 있게 내세울 수 있는 한 가지 장점에 집중하는 연출. 전개가 울퉁불퉁하긴 하지만, 다소 수위가 높은 폭력 묘사와 사실적인 미술이 긴장감을 위한 리얼리티를 획득하고 늘어지는 대목 없이 속도감 있게 쭉쭉 치고 나간다. 제작사 ‘외유내강’의 트렌디한 기획력도 무시할 수 없다. 다만 굳이 황정민이 황정민을 연기했어야 했는지는 물음표로 남기는 한다.",긍정
함수정,3.5,스포일러가 포함되어 내용을 생략했습니다.,긍정
이종인,2.5,"클리셰 범벅 한국형 납치 영화.

황정민이 '황정민'을 연기한 이유가 극중 개그 소재에 사용하기 위함 말고 더 있을까?",중립
임수연 기자 봇,3.5,올여름 한국영화 중 재미는 1등,긍정
조이미,3,신선한 컨셉으로 내세워왔던 리얼한 황정민 대신 미디어에서 숱하게 봐왔던 피상적인 이미지와 거의 영웅 서사. 뭐 현실 검증을 확인할 길은 없다만.. 실존 인물과 캐릭터가 동일할 때 그 간극에서 오는 재미가 아쉽다. 아무래도 극화된 ‘리얼함’에 큰 기대를 했나 보다,긍정
김승혁,4,"배우라는 직업을 기가 막히게 살린 탈출극
톱배우 황정민이 납치됐다는 소재를 자연스럽고
현실적이게 표현해 준 황정민 배우,그리고
납치범 배우들에게 박수를...
[2021.08.09 코엑스 메가박스 시사회]",긍정
밖에비온다,3.5,"영화가 아니라 진짜 현실에서 일어난 것 같은 느낌

일상적인 소재를 많이 사용하다 보니 진짜 현실 속에서 납치 당한 느낌이었다.

90분 조금 넘는 짧은 러닝타임으로 시간 가는 줄 모르고 몰입해서 봤으며, 초반부터 몰아치는 전개라 늘어지거나 지루한 부분은 없었다.

다만 등장인물이나 상황이나 뭐든 짚어나갈 부분은 있지만 진짜 사람들이 왜 황정민 황정민 하는 줄 알겠다.

코돌비에서 처음으로 본 영화가 이 영화라니, 돌비 애트모스 소개 영상으로 반 개 추가(?)",긍정
민혁,3,"설정은 단순한 배경, 적어도 목표한 수준까지는 아득바득 도착한다.",긍정
Jay Park,2.5,소재만 신선,중립
애솔킴,3.5,범죄자 역 배우들 연기가 너무 후지지만 영화 자체는 그럭저럭 잘 밀고나감,긍정
빌바오,3.5,설정 신박하게 잡았고 잘 밀어부침,긍정
엄대용,3.5,시작부터 끝까지 전력질주,긍정
피터정_인스타peterjung0521,3,"인) 인생이 연기 그 자체였던 남자,
질) 질긴 목숨을 담보로 한 (영화속) 진짜 현실 속에서의 고군분투 스토리는 후반부 정확히 예측했던 지점으로 낙하하고.. 영화가 차라리 <정글의 법칙>이나 <나는 자연인이다> 스러웠다면 어땠을까 하는 아쉬움도.",긍정
배귤,2.5,"사건이 영화가 되는 경우가 있다. 고증을 철저히 살리려고 많은 사람들이 노력을 하고, 고증이 철저할 수록 ""리얼하다""는 평가를 받으며 극찬을 받는다. 물론 그것들은 그들의 일이고 그들을 나무랄 수 없다.
영화 <인질> 마지막 장면에서 자신을 납치했던 범인과 비슷하게 생긴 신인 배우를 본 황정민의 표정이 싹 굳는 걸 보고 있으니, <라이언 일병 구하기>에서 참전 용사들이 ""그때와 달랐던 건 냄새 뿐이었다""라는 말이 이해가 되는 건 왜일까? 참전 용사들도 <라이언 일병 구하기>를 보며 그때를 회상했던 것이 영화 <인질> 속 황정민처럼 괴롭지는 않았을까?
어쩌면 내가 '고증'이라는 이유로 좀 더 현실적으로, 잔혹하게, 각색 없이 특정 사건의 영화화를 원한다는 건, 그 사건의 당사자들에겐 정말 끔찍한 발상이었다는 게 괴롭다.
-
여담으로 한국 골목의 카 체이싱 연출은 정말 깜짝 놀랐다. 굉장했지만 영화라 다행이다.",중립
베로니니,2,"황정민을 인질로 이용하여 긴장감있는 몰입도를 연출했다.
가면 갈 수록, 어찌 된 일인지 자꾸 떨어지는 몰입도
이 정도면 거의 테러범인데 그걸 왜 납치에 써 먹는지 이해가 안됀다.
니들이 원하는 게 뭔데?",부정
박찬영,2.5,군더더기 없이 깔끔하게 달려간다,중립
LeA,3.5,"설득력 있는 기획, 캐스팅. 고구마 없이 시원시원해 좋았다. 영화관에서 못봐 미안해.

- 넷플릭스",긍정
CINEX,2.5,"실제인물인 황정민 덕분에 실제로 진행되는 느낌이였는데
갑자기 사제폭탄과 사제총을 휘두르는 영화속 캐릭터같은 인물들이 나오면서 영화가 분리되어 보인다.
'악마를 보았다'와 '황해'가 불쾌하고 기분나빴던 이유 중 하나는 칼 망치 같이 주변에서 흔히 볼 수 있는 도구들의 등장도 한 몫을 했기때문이다.
차라리 페이크 다큐로 찍었으면 하는 아쉬움이 남는다.",중립
245,2,꿰뚫린 클리셰에 온갖 무리수로 옅어진 서스펜스.,부정
도토리,2.5,"영화보다는 대학로에서 연극을 본 듯한 기분.
황정민이 촌스러운 연출이 드러날새라 열연을 펼치지만 날 것의 향기가 물씬 풍기고 다른 배우들의 연기는 힘이 잔뜩 들어가 있어 조금 아쉽다. 그래도 이호정과 이유미는 인상깊다.",중립
이비즘,3,"대중적이고 다작을 한다는 이유로 황정민은 폄하되기도 하지만, 다양한 역할을 가리지 않고 꾸준하게 퀄리티를 유지하는 점은 노동자의 입장에서 존경스럽기까지 하다.

사건이 해소된 후 엔딩은 난데 없지만서도 생각지 못한 방법이라 좋았다.",긍정
김지노,2,언제까지 경찰들은 멍청해야하고 총한번 제대로못쏘냐ㅋㅋㅋㅋ현실반영 ㅅㅌㅊ,부정
신선우,3,중간중간 덜컥거려도 뚜렷한 목적 하나만을 보고 달려가며 그 목적만큼은 성공했다,긍정
moongun,2,"황정민이 황정민 했다
큰 임펙트가 있는것처럼 광고한 거품",부정
John Doe,2.5,"나는 오징어 게임은 보지도 않았는데 띄엄띄엄 접해서 생긴 선입견 때문에 그 인질이 분명히 공범이고 나중에 뒷통수를 칠 것이라는 강한 확신을 가져버렸다.
결국 참지 못하고 빤히 보이는 중간은 다 건너뛰고 절정부로 갔는데 사실상 아무 일도 일어나지 않고 극이 끝나버려서 매우 김이 빠졌다.",중립
J cobb,3,답을 미리 알고 도출과정을 나름 즐기는 재미,긍정
김세희,2.5,고생하셨어요,중립
김웅기,3.5,황정민을 통해 무얼하고 싶은지 딱 알맞게 알려준다.,긍정
한수민 평론가,2.5,차인표라는 영화가 있는데 이 영화와 어깨를 나란히 하고있다고 보면 될 듯 이 영화는 스릴과 쫄깃함이 괜찮았기에 별점 꽤 많이 줬다,중립
김덕호,0.5,시간아까움 작품성 제로,부정
밍밍,2.5,"영화와 실재가 혼재 되어 신선한 스타트.
하지만 시작만....

악의 캐릭터성을 너무 영화스럽게(뻔하게) 설정. 그 와중에 악의 평범성이라고나할까. 두뇌 역할을 하는 평범해 보이는 캐릭터가 있지만, 행동 반경도 크고 생각 없이 행동 한다. 외모만 평범할 뿐 그저 멍청한 집단이다.
영화의 기획 의도를 잘 살렸으면 좋은 영화가 될 수도 있었지만 이도저도 아닌 영화로만 남게 되었다.

재미 있었던 건 실재를 넘나드는 코믹한 장면.
그리고 감독의 이름이랄까.

21.10.06",중립
jui,1.5,"황정민이 황정민 역할 하는거외엔
신선함도 0 재미도 0
황정민이외엔 연기도 0

우리엄마가 재밌었다고해서 별 하나 더줌",부정
김장원,1,명배우를 활용하지 못하는 벌레같은 연출에 각본,부정
맹다인,2.5,"배우들도 좋고 연기도 좋은데

대한민국 경찰만 너무 허접하게...",중립
SSONG,1.5,"설정 빼고 다 별로...

아 그러면 설정이 무리였던걸까?

몰입이 안되는...

20211005",부정
포스트말론브란도,2,넴,부정
진난만,3,"악당이 일반적인 현실 범죄자같은 그저 양아치인데
되게 치밀하고 악질인척 엄청하네",긍정
장학우영광,2.5,"단순한 플롯인데, 의외로 더 단순해서 참 단순하게 즐겼다.",중립
juyoung,2.5,"군더더기만 빼면 무난한 거 같은데, 다만 범인 캐릭터(들)이 너무 뻔하고 따로 도는 연기가 많이 아쉽다.",중립
에이든,3,"뻔한 한국식 스릴러의 클리셰가 난무했다

이렇게 되면 이렇게 되지 않을까? 재 죽을 것 같은데? 라고 생각하면 비슷하거나 맞췄다

내가 잘 맞추는게 아니라 이야기의 흐름 자체가 상당히 단조로웠다고 생각한다

하지만 황정민이라는 한국 대배우를 영화 스토리라인에 그대로 녹여 낸 점이 신선했다

킬링타임 역활의 영화로는 상당히 괜찮다고 생각한다",긍정
최산,2.5,"형사 역할 안 해본 배우님들, 얼른 하세요,,,",중립
박수민,3.5,"황정민 연기가 다 한 영화..
근데 너무 쫄려서 이런 영화 사실 싫다..
긴장을 계속 하고 있어야 해서.
근데 연예인들은 길가드가 저런 무례한 말들을 실제로 듣는 경우가 허다할꺼 같다는 생각에 연예인들의
사생활이 참 힘들겠다는 생각이 들었다.",긍정
김진석,3,"'황정민을 납치했다'라는 설정에서 더 모큐멘터리적으로 접근했으면 재밌었을 것 같은데, 그 이후엔 그냥 평범한 납치극이어서 아쉬움",긍정
김윤미,4,뻔하고 결말도 100프로 예상되는데 몰입도 100,긍정
영화를 말하자,4,생각보다 얕지않은구성,긍정
lst0525,3.5,아직도 상황 파악이 안돼?,긍정
뒤졌다,1.5,박성웅의 우정만 돋보임!,부정
SAN,3.5,감독님 황정민 좋아하시죠?,긍정
주관적으로,1.5,"황정민 매드무비...
인터넷아...재밌다며...
인생 첫 자동차 극장!! 🚗
.
2021.09.12",부정
수용,3.5,연기의 연기  좋았습니다,긍정
복덩이,3,ㅡ 배우 커리어 탄탄하니 그 자체가 소재가되고 영화가되네.,긍정
나은,2.5,"황정민 헌정 영화같음
무료쿠폰으로 봐서 다행히도 시간만 투자했음
배우 황정민이 배우 황정민을 연기하는 건 흥미로웠음
궁금했던 배우가 있었는데 그저 그랬고 여캐들이 매력이 없다 악당도...
아니 근데 범인들 너무 오합지졸이던데 신뢰도 없고
범죄를 저지르려면 운전을 끝내주게 해야한다는 걸 배움",중립
한샘,2,"연기,, 대본,,진행,,,쩝,,,,
+ 류경수 배우님이 머리채잡고 끌고가려했으나 실패
+독전,인간수업,박화영,타인은지옥이다, ,, 여러작품이 생각나네",부정
명준고,3,"신선한 설정과 새로운 배우들의 활약이 좋았다.

그러나 모든 장면이 어디서 본 듯 했고, 클리셰 했기에 스릴이나 서스펜스를 한 순간도 느끼지 못했고 겉핥기만 하는 느낌이었다. 또 인질 여성 캐릭터 설정이 너무 가벼워 몰입을 깨지 않았나 하는 아쉬움이 남는다.",긍정
MOONLIT,2,"황정민의 재능기부
납치범 보스가 너무 안 쎄다.. 힘도 위압감도 없어",부정
한예찬,3.5,"전에도 비슷한 영화가 있었는지 모르겠지만
이런 설정이 나름 신선했고 황정민 배우의 연기도 좋았다",긍정
라스트샷,3,"초반부의 리얼함과 몰입감은 좋았으나, 공간이 분리된 후부터 급격히 신선함과 텐션이 떨어졌다.
중후반은 그저 그런 인질영화 같았다.",긍정
벽벽,3.5,"볼수록 끝까지 간다랑 느낌이 비슷했다 자극적인 요소를 연달아 넣어 긴장감을 유발하는 방식 하지만 그 정도가 조절되지
못했다고 생각",긍정
Ju-hyeon Lim,3.5,평타 이상은 하지만ㅋㅋㅋ마무리는 굳이  그렇게 전형적으로 끝냈어야 했나 싶음... 그래서 -0.5!,긍정
홍지연,3.5,스포일러가 포함되어 내용을 생략했습니다.,긍정
손주리,4,운좋게 무대인사로 관람,긍정
지누씨네,4,황정민이 황정민을 극복했다,긍정
⠀⠀,3.5,현실에 존재하는 수많은 범죄 피해자들의 피해 당시 심정은 어땠을까 내내 생각했다. 몰입감이 그만큼 강렬했던 영화.,긍정
299792458,2,"황정민이 배우 황정민 역을 맡은 신선함이 있긴 했는데

오히려 황정민 얼굴이 스크린에 비칠 때 마다 이게 영화라는걸 인지하게 되어서
...  몰입에 방해가 되었음",부정
언더라인,2.5,현실적이었으나 후반부에 에너지가 모자른다,중립
하하함,2,이건 뭐 뻔해도 너무뻔하네,부정
굿뉴스필름,3.5,플롯은 유사하지만 새로운 소재는 맞는듯,긍정
바람계곡,4,"of the 황정민, for the 황정민, by the 황정민
and supported by 김재범
황정민이 아니었다면 절대 나올 수 없는 영화

납치범들이 과하게 싸이코 같은 사람들로 나오고
경찰이 너무 무기력하게 나오는데서
일단 현실성이 떨어졌고
냉철하던 납치범이 갑자기 폭주하면서
긴장감이 뚝뚝 떨어졌지만
러닝타임 내내 단 한순간도 군더더기 없이
계속해서 몰아붙이는 연출이 좋았다.

근데 영화 속이 나왔던 다른 영화의 장면장면들..
저작권료가 상당히 들었을거 같을거라는 걱정은
나만 하는건가?",긍정
조믹석,2.5,인질은 1시간 반 동안 이걸 본 나였고,중립
FILMOVIE,2,초반의 몰입감은 장범준 닮은 최기완의 과한 연기와 범인과 경찰의 급발진 전개에 흔들리지만 그래도 황정민이 중심을 잡아준다.,부정
김상우,4,황정민이 황정민 한 영화,긍정
산책,2,"영화배우 황정민, 눈물의 똥꼬쑈!
지금 보여드리겠습니다!",부정
Hojun  Lee,3.5,황정민이 황정민했다!,긍정
성원,2.5,"굳이 황정민일 이유는 없음에도
황정민이었어야 할 필요를 보여준",중립
무조건5점만주는개,5,"엄청난 몰입감이 끝없이 이어지는 작품. 황정민이라는 소재가 아니면, 그리고 황정민이라는 배우가 아니면 그 누구도 이끌어갈 수 없는 영화. 색감, 배우들의 연기력, 상황의 전개 등 빼놓을 것이 없는 영화. 새롭다.",긍정
킴치플릭,2,배우 황정민이라는 설정은 흥미롭다만 영화의 전개는 그저 또다른 한국 인질극 영화,부정
랩하는잭스패로우,2.5,"황정민 히트작이 '신세계'만 있는게 아닌데!
최소한 '달콤한 인생' 백사장 대사는 넣을만 했는데!

""몰랐어? 인생은 고통이야""",중립
박준형,1.5,"황정민의 원맨쇼. 적당히 했으면 좋았을텐데 마지막까지 다 했어야했을까 싶다. 끝없이 달려가는데, 상업영화의 클리셰들을 하나도 놓치지 않고 답습한다. 어떤 점에 반해서 황정민이 이 영화를 골랐는지 알수가 없다.",부정
제니빠끄,4.5,"인질 출연 황정민 역 황정민이란 상황 자체가 몰입도를 높인다..
(최기완역..신인배우 대바악...)",긍정
히연,3,오 생각보다 괜찮은데,긍정
조성호,3,예상했던 것과 조금 다르게 전개된 영화였지만 쾌속으로 질주하는 롤러코스터에 탑승한  모든 배우들!,긍정
F=ma,1.5,황정민의 94분 과정 재능기부 느낌,부정
이두한,4,악마를보았다 이후로 2시간 내내 쫄깃한 한국영화 오랜만,긍정
박하정,2,황정민이 황정민을 연기한다는 설정만 참신할뿐  진행되는 이야기는 진부해서 예상가능하고 캐릭터들도  다른영화몇편이 지나갈만큼 식상하며 그와중에 폭력은 과하고 찝찝해서 도중에 나오고싶었음,부정
소녀매향,2,스포일러가 포함되어 내용을 생략했습니다.,부정
권순범,3,정확한 목표를 설정한 후 전력질주하는 장르영화의 힘.,긍정
오영화,2.5,재미없었다,중립
Chris Lee,3,"나름 리얼함을 추구 한거 같은데…
황정민의 말투는 너무 영화 황정민이었다.

그리고 너무 멋지게만 나왔어",긍정
Moon,3.5,한국판 데드캠프 순한맛..,긍정
현재양,3.5,무난쓰,긍정
유명환,2,전형적인 ㄴ잼 한국영화,부정
남규리,2.5,"익숙한 밥상, 특별 할 거 없는 반찬구성
근데 숟가락은 금수저",중립
엔티제식 영화비평,3,완전 실감난다. 역시 천만배우야(인질의 대사),긍정
미안해요 래리(이성현),2.5,"좋은 소재를 망친 수준까지는 아니다.
그래도 허술하다.
황정민을 제외한 모두가 허술하다.",중립
2022,3,"설정을 살리겠답시고 영화적인 디테일을 놓치면 어째. 우린 현실같은 영화를 기대하고 간 것이지 어설프고 답답한 부분들을 현실이라고 납득해가며 보려고 온 게 아니다. 배우나 스토리보다 연출의 문제가 크다. (이 영화에 기가막힌 스토리를 기대하고 간 사람들이 몇이나 있을까…그냥 그 황정민이, 이 설정의 영화를 찍는다는데 오, 해서 보러오는 거지. 그거 알고 그렇게 홍보 하셨잖아요…)

황정민을 앞세우고 그런 설정을 앞세울 때 기대하는 바는 황씨의 우는 얼굴 같은 것이었다. 그러나 그 몇 개의 장면이 커버 치기엔 빌런의 역할이 너무나 작위적이지 않은가….황정민에게 지나치게 기대어 있으면서 온전히 그걸 인정하지 못하고 아집을 부려 여기저기 카메라 동선을 낭비하는 행위가 거슬린다. 어차피 우리 나라 영화 대부분은 사실주의다. 메소드 연기니 뭐니 왜 극찬하겠냐고. 어느 누가 더 이상적인 현실을 연기해내느냐가 중점인 영화판에서, 현실이 영화 배경이 되었는데, 왜 어설프게 굴면서 이게 바로 현실이다 이거야~ 하고 있지?

황정민에 기대서 현실감을 살릴 것이면 사람들이 그 외의 상황에 정신을 못 돌리도록 황정민만 찍어야 하는 것이다. 딴 데 한 눈 팔면 그게 현실로 보이는 게 아니라 진부하고 답답해진다.

하고 싶은 건 많고 담고 싶은 건 많아질때 생각해야한다. 사람들이 이걸 보는 이유는 뭔가? 내용일 것인가, 아니면 배우일 것인가. 배우라는 답이 나와있는 영화가 판을 깔다가 아앗 나 이것도 하고 싶어…하고 자꾸 덮고 그러면 못 쓴다.",긍정
weirdo Lee,2.5,배우 ‘황정민’ 과 ‘배우 황정민’  이 둘의 간극을 메꾸지 못하다.,중립
갓타,2.5,"발상은 참신하였으나 납치의 당위성이 떨어지고,안에서 펼쳐지는 스토리도 무의미하게 흘러간다.
황정민의 연기는 단연 압권이고 다른 배우들의 연기도 훌륭했다.그렇게 빛나는 연기를 했음에도 캐릭터가 너무 낭비되는 것 같다는 아쉬움이 남는 건 역시 감독의 역량 부족이다.",중립
쥬아,2.5,생각보다 너무 무겁다,중립
ㅇㅇㅂㅂ,4,오버하지 않는 적당한 영화,긍정
김승수,3.5,영화제목을 황정민 이라고 지었어도 될 뻔했다. 하지만 같이 나오는 배우들의 연기력도 좋았다. 김재범(최기완 역) 배우님은 기분 나쁨을 잘 표현하셨다..,긍정
손상현,2.5,"외적 사건에만 취중, 편중. 주인공의 내적 이야기 비중이 더더 있었으면.",중립
박씨형님꼬봉,3,짙은 여운과 안타까운 황정민,긍정
mangrove,0.5,"잔악무도를 연기하는 몇몇 과도함에 눈이 매워지긴 했지만, 스크린 속 실존하는 천만배우의 아우라엔 부족함이란 찾아볼수 없다.",부정
얼개,3,군더더기가 충분히 붙을만한 소재를 너저분하게 만들지 않고 밀어붙인 것이 장점.,긍정
언빈🐰,3,"2021.08.25
황정민을 위한, 황정민에 의한 영화.
중간 중간 답답한 감이 없지 않아 있지만 참을 수 있을 정도? 그치만 엔딩이 났음에도 풀리지 않은 찝찝함이 있는 듯하다.",긍정
Trainspot,2,"현실과 픽션을 오가는 듯한
재미 요소를 활용하지 못하고
황정민의 히어로화만 이루어낸다.
210825",부정
박석호,1.5,'황정민'이 '황정민'을 연기하는게 어떤 의미가 있었을까.,부정
아무것도아닌,2.5,그냥 모 그렇습니다,중립
신정민,3.5,필요없는 것들을 잘 잘라내고 잘하는 것에 집중한 영화 모두가 아는 황정민이란 배우의 이미지를 아주 잘 활용했다.,긍정
다은,1.5,"그냥 여느 뻔하디 뻔한 한국 액션, 범죄, 스릴러물.
거기에 황정민만 살짝 곁들였을뿐…
마음에 드는 점은 지루하리만치 쉴 틈 없는 빼곡한 스토리 전개이며, 마음에 들지 않는 점은 서비스 신 마냥 넣어놓은 성관계 장면이며 가슴을 보여주는 장면등등… (그리고 배우들이 욕을 조금 못해서 마음에 안들었음 굳이 굳이 ‘씨빨!!!’하고 욕을 하더라 발음도 똑같이…)",부정
김영롱,3,아슬아슬하지만 시도의 승리,긍정
간석진,3,"매력적인 설정, 매력없는 그 외 모든 것",긍정
WatchaPedia,4.5,스포일러가 포함되어 내용을 생략했습니다.,긍정
돌솥비빔밥,3.5,재밌다 황정민 도전정신 좋다.,긍정
김수민,2.5,"나 같으면 샛별 그 여자애 총 맞았을때 다른 애들도 다 쏘고 도망갔음
거가 걔네 아지트인데 나와바리지 도망쳐봤자 안 잡힐거라 생각하나",중립
사이다,2,총은 쏘라고 있는겁니다,부정
stjaerna,3,스포일러가 포함되어 내용을 생략했습니다.,긍정
박준현,4,목표한 바에 명확히 도달하는 스릴러,긍정
김강희,3,시간 가는줄 모르고 봤다,긍정
환야,2.5,캐릭터에 기댄 돌출된 답습,중립
Poe,3,배우들의 연기가 👍🏻👍🏻👍🏻,긍정
film__archive__,3.5,현실적이면서 또 잠깐씩 이질감이 느껴진다.,긍정
D.May,3,뻔하고 진부한 스토리에다가 모두가 익숙해진 황정민 연기인데 재밌다..?,긍정
소헨춘,2.5,"황정민은 이렇게 멋지게 스스로를 연기하는데
차인표는 억울해서 잠도 못자겠다.",중립
오즈의 마법사,3.5,무난하게 볼만하다👍,긍정
영차,3,황정민을 연기하는 황정민이라 오히려 어색?,긍정
서준영,2,인질이 제일 똑똑하고 매력있는 인질극.,부정
무노조,4,"빌런 캐릭터에 대한 정성이 느껴지는 작품
처절함이 느껴져서 좋았다

짧은평

황정민을 비롯한 주조연배우분들의 열연에
눈이 호강하는 느낌이였다",긍정
손지눈,3,적당하고 적절하다.,긍정
안도영,3,이름은 황정민이긴한데 그냥 영화 속 인물인건 매한가지,긍정
치즈에,1.5,"설정은 재미있었음.
악역배우들 조합은 신선한데 또라이인척하는 연극배우같음
황정민이 황정민 역할로 나와서 좀 새로운 연기이려나 했는데 그냥 배우 황정민이넹.... 무슨 작품, 어떤 캐릭터든 입에 쌍시옷을 물고 발음하는 것 같아서 잠깐 웃음나옴",부정
샐머,2.5,캐릭터들이 도구적이라는 느낌이 조금이라도 덜 했더라면..,중립
바다거북,3,소재는 흥미롭지만 뻔한전개와 조연들의 연기가 아쉽다,긍정
황유미,3.5,황정민 연기 진짜 잘한다. 심장이 쫄깃쫄깃해!,긍정
변종찬,3,억울해요,긍정
홍지현,2.5,스포일러가 포함되어 내용을 생략했습니다.,중립
LILALAND,1,"아 왜 꼭 소재,예고편 재밌어 보이는거 보면 재미가없냐",부정
바애,2,신인감독의 새로운 시선과 감각적 연출을 기대했었는데.. 뻔한 시선과 본듯한 장면들..,부정
성영,3,한국영화에서 총기가 어색하지 않았다는 점은 좋았음,긍정
타이슨,2.5,연기와 카메라의 부조화,중립
변현석,4,실존하는 배우를 극중 주인공으로 설정하여 더 쉽게 몰입된다. 실제로 일어날 법한 이야기와 제한된 공간안에서 빠른 전개와 사실적인 캐릭터들의 감정묘사가 개연성을 부각시킨다. 덤으로 황정민의 연기는 역시다.,긍정
김정호,3.5,뭐 요즘은 현실이 영화적 상상력을 뛰어 넘으니..,긍정
한성우,4,신선하고 재밌다 딱 그정도,긍정
해이람,3,짧은 영화시간이 납득될 만큼 루즈해지는 부분이 적었다,긍정
송시원,2.5,"참신한 스토리, 훌륭한 연기, 전반적인 어색함",중립
김태근,3,"볼만은 한데 좀 아쉽다

영화 후반부의 교차편집이나 결말, 상황등이 너무 예상 가능하고 뻔한 스토리 라인을 가지고 있어 영화를 보면서 큰 긴장감을 느끼기에는 어렵다. 중간중간 영화의 요소에 꼭 필요하다기 보단 관객들을 자극할 수 있는 부분을 집어 넣어 영화의 흐름이 자연스럽지 않은 경우도 있는 듯 하다. 하지만 인물들의 특징을 잘 살리며 영화를 진행하고 있고, 황정민이라는 배우의 특징을 살리면서 나아가기에 황정민 배우의 팬이라면 영화를 꼭 찾아보게 될 것 같다.",긍정
조형일,2,신파를 피하려 했지만 벗어날수 없는 k범주,부정
최원석,3,나쁘진 않았지만 왜 C컵이 제일 기억에 남는건지…,긍정
김청조,3.5,쫄깃하고 재미있다. 사회적 담론이나 시대를 관통하는 주제까지 담아냈다면  좋았겠지만... 욕심이겠지?!,긍정
벼그준,3.5,"기대한 수싸움, 머리싸움, 반전은 없었던것 같다.
너무 큰 기대를 한것 일수도...
황정민은 황정민이다. 악역도 캐스팅 잘한것같다.",긍정
고동민,2,정민이형 요즘 OTP비밀번호 말고 모두다 어플써...,부정
ptmn,2.5,리얼리티가 빠진 리얼리티 인질극,중립
3Sic,2.5,출발 비디오여행에서 보면 재미가 없을 수 없는영화,중립
금요일에 만나요,3.5,"황정민 영화는 그냥 보게된다.
새로운 배우들도 연기가 훌륭했다.
적당한 스릴에 잔인한 장면이 직접적으로 나오진 않아서
고어한 장면을 잘 못 보는 난 만족하며 봤다.
2021.08.22
롯데시네마 만경관",긍정
원영훈,,소재는 참신하니 한번 보고 싶긴 하네,알 수 없음
용수,2.5,재밌긴 한데 재미없다ㅋ,중립
이준형,3.5,전개가빨라서좋음ㅋㅋ,긍정
정보현,3,2D캐릭터들 사이 3D황정민,긍정
JARVIS,3,황정민이 차린 밥상에 먹여주기까지!,긍정
댱오니,3.5,"잘 키운 성덕 하나, 여럿 싸패 안 무섭다.

10년도 지난 추격자와 비교하자면, 신선함은 아쉽지만 긴장감은 나름 팽팽하게 유지한다.",긍정
정소연,3,황정민이 아닌 가상의 배우로 설정하여 나왔으면 더 집중 됐을것같다,긍정
수정과,3.5,"현실적일거면 완전 현실적이던가
영화적일거면 완전 영화적이던가
둘 중 하나만 해줬으면 좋겠는 아쉬움...
아무래도 실존인물을 다루다보니 적당히 괴롭히고 적당히 정의롭게 만든거같음
그래도 카메라가 황정민 배우를 사랑하는건 느껴졌음 그건 감사합니다...

+
의외로 악역들이 매력있고 서사가 좋았음!! 어쩌면 주인공보다 조금 더...",긍정
홍이,3.5,"황정민의 단독 디너쇼~ 적당하고 무난히 쫄깃하다!
알바 몸값 2억원 요구는 옥에 티

롯데시네마 영등포",긍정
타노스,3,완벽한 범인들이 더 작위적이긴 하지,긍정
Almasi,1.5,황정민을 앞세운 오합지졸 영화,부정
베오베,3,모든 나쁜 것들을 답습함에도 재밌는 지독함,긍정
박하나,3.5,"방금 영화관에서 보고 왔다. 묶인 장면때문에 답답하게 느껴질 것이라고 우려했던 것과는 달리 핵고구마는 아니었다.
황정민 팬이라 그런가- 같이 본 남편과 달리 나는 호평이다. 결론을 알고 보는 공식대로 흘러감에도 긴장감이 있었고 전혀 지루할 틈 없었다. 페이크 다큐. 재밌는 영화였다",긍정
hohoho0202,3,부족하고 비판 받아야할 장면과 구성이 차고 넘친다. 그러나 90분간 몰입을 이끌고 가는 힘은 대단하고 신선하다.,긍정
RK,3,"자기가 보기에 불쾌하고, 자기가 보기에 폭력적이면 별점 깎아내리며 일침을 가하기 바쁘다. 진짜 사이코패스 살인마들은 이 영화의 최기완보다 더 심하다는 것을 모르면서 하는 말인가?? 그야말로 대중 검열의 시대다. 차라리 시나리오의 부실함을 욕했으면 이해라도 하겠다.",긍정
김정수,3.5,실제 사건처럼하려면 황정민이 죽거나 황정민이 총들었을때 다 죽이거나 했어야지...그래도 몰입감은 좋았다,긍정
조경민,4.5,모난 곳 없이 사족 없이 의도대로,긍정
UHa,3.5,"일정이 꼬여버린 하루, 뭐라도 하고 싶어서 오랜만에 홀로 영화관에 찾았네요. 확 몰입해서 아무 생각 없이 보고싶었는데 딱 그렇게 봤습니다. 나이가 들며 점점 불친절한 어른이 되어가는 요즘, 어쩌면 친절함이 가장 큰 무기가 아닐까 하는 생각을 하게 됐네요. 하여튼, 배우들의 연기가 너무 좋았고 특히나 요즘 떠오르는 얼굴들과 이 영화로 처음 본 얼굴들도 많아서 더 좋았습니다.",긍정
모노클,2.5,연기는 인질들만 하는거 같다,중립
행복해,1,개지루,부정
윤시즌,1,스포일러가 포함되어 내용을 생략했습니다.,부정
짱유나,3,황정민이라는 설정만,긍정
DongKyun Noh,3,황정민이 황정민을 연기한다는 그 특별함만으로는 힘이 부족하지만 그래도 꽤 선방했다.,긍정
조긍정,3,황정민과 아이들,긍정
김대영,4,우리 부라더는 돈만 넘기면 돼잉,긍정
박강산,2.5,"치명적인 짜장면 먹방, 처음 본 C컵 배우, 죽여주는 죽이고 싶은 양아치 연기.",중립
범블러뷰,3,낫 배드,긍정
이윤영,3,황정민이 살렸지만 스토리는 뻔한전개..,긍정
신종한,3,황정민이라는 양날의 검,긍정
수원,1.5,"I expected this movie which has the main character as Jung-min, but I felt regret watching the movie. Because the actions of the actors were a bit poor except for Jung-min.",부정
So Hee Kang,3,"황정민이 다다.
그 이외는 절모르겠다",긍정
luckyhyh,3.5,"황정민이 실제 황정민을 연기함에 따라 현실감과 몰일감을 높힐 수 있었고,

군더더기 없이 진행되는 속도감 높은 전개와 긴장감 넘치는 연출, 그리고 황정민이 보여주는 압도적인 연기가 압권인 영화다.

하지만 납치 탈출극이라는 흔한 소재가 주는 단순함과, 긴장감을 살려주지 못한 납치범들의 캐릭터 구성은 아쉬웠던 영화다.",긍정
윤 재일,2.5,"이 영화만의 날카로운 부분이 있을 것 같았는데 보고나니 그냥 볼만한 오락영화라 아쉬웠다. 넷플릭스 차인표 보다 조금 나은 영화.
킬링타임으로는 제격이다.",중립
윈리,3,"사건의 개연성은 있지만 몰입이 쉽지 않다.
초반부의 어설픔과 유머 코드가 어중간하게 섞이지 못한 채
따로국밥으로 노니 원맨쇼조차 빛이 바랜다.",긍정
황인규,2,황정민 컴필레이션,부정
SZ119,2.5,"난 의외로 제일 신선할 거라 기대한 최기완 캐릭터가 가장 뻔하고 별루였다.  뭔가를 보여줘야한다는 부담감을 이기지 못하고, 시종일관 연극적인 발성으로 흡사 모노드라마 하는 느낌까지.",중립
쩝쩝박사,4,스포일러가 포함되어 내용을 생략했습니다.,긍정
slowtree,3,"어후 넘 힘들었다
연기들이 진짜 장난 없네 ㅠㅠ
경찰의 무능을 꼬집는 거 같기도 하고.
(큰 관에서 봐서 그런 건지 사람들 코로나 피로감이 높아져서인지 코로나 이전 느낌 들 정도로 많은 관객들이랑 봤다)",긍정
다람이,3.5,더 테러 라이브 황정민 버전. 나 뭔가 진짜로 배우 황정민 납치 되었다가 풀려난 일 겪은 것 같았자너.. 끝까지 몰입과 긴장을 잃지 않는 힘 굿,긍정
Decision to Live,2.5,'배우'의 진면목을 보이는 순간만 번뜩인다,중립
김연웅,3,"꼭 황정민이어야 하는 영화지만,
꼭 황정민이 아니어도 됐을 영화.",긍정
오은지,2,"주요인물 빼고는 다 멍청이를 만들어 놨네.
황정민의 연기스쿨
황정민의 액션스쿨",부정
전보배,4,스포일러가 포함되어 내용을 생략했습니다.,긍정
MOON people,3,"배우들 연기 보는 맛은 있었지만
굳이 그런 장면들이 있어야 했나? 하는 불편한 장면들이
자꾸 발에 걸린다.",긍정
충정지애,3,.,긍정
유보근,3,이목을 끄는 설정에 비해 내용은 그저 그런 킬링타임 무비,긍정
박스오피스 셔틀,2.5,"관객 수 :  1,638,631명

제작비 80억, 손익분기점 180만 명.

여태껏 좋았던 황정민의 흥행력에 비해 부족한 관객 수.",중립
세리,1.5,"황정민의 납치대비훈련.
황정민이 황정민을 연기해도 악역들 캐릭터가 너무 과하니 그리 현실적으로 느껴지지 않는다.",부정
가영,3.5,"김재범이라 객관적 판단 불가
좋다 그냥",긍정
이건 이제    내꺼입니다,3,그럼 연기를 잘한건가,긍정
남현서,3,한국판 레버넌트를 보는것 같았다,긍정
서래바래여래바래,2.5,전두광에게 복수 그 이상도 그 이하도 아니다,중립
설탕,3,서울의 봄 보고 봤음,긍정
셀프빨래방,2,황정민씨 감독한테 잘못한 게 있는듯,부정
을의생각,3,누가 서울의 봄 보고 이거 꼭 보라고 해서 봤음,긍정
우희성 (코멘트맨),3.5,"대배우 황정민의 연기력이 돋보인다.

본인을 본인이 연기를 하기는 쉽지않을거다.
하지만 황정민은 그걸 해냈다. 하지만 스토리와 주변 인물들의 개연성이 다소 아쉽다. 그럼에도 불구하고
잘 리메이크 했다는 생각이 들었다.",긍정
Eugene,2.5,황정민 좋아하는데 이건 좀...,중립
하얀무지개,3,영화가 아닌 현실이라는 설정이 그럴듯하다.,긍정
GG,2,보면서 욕 좀 했다,부정
바람계곡의 레논,1,굳이 현실의 황정민을 데려왔어야할 이유를 찾기 힘들다. 전형적이지만 그냥저냥한 그 스릴러도 그로인해 너무나 영화적으로 느껴져 집중하기 어렵다...몇몇 지적들처럼 차라리 정말 리얼하고 다큐적이었다면 어땠을까. 사실 배우 황정민이란 이름 외에 현실의 그 어떤것도 건들지 않는,부정
한승태,3.5,각 배우 버전로 해볼만..,긍정
유미주의,1,황정민도 살리지못한 밥상 아무거나 드시면 배탈납니다,부정
당몽지,2.5,김재범 배우만큼은 소름돋았다.,중립
grabaspoonnnnnn,2,굳이 배우 황정민 이라는 이름을 쓸필요가 있었을까?..,부정
혜정킴,2,"신선한 설정에 집중했다가
다른 일 하다보니 끝났..네?
소리만 들어도 충분하네

실제 황정민이 납치되는 설정만 좋았",부정
-용-,4,나도 인질이 된듯 의자에서 일어나지 못했다.,긍정
노진경,2,이런 영화를 찍는데 사용된 돈이 아깝다.,부정
영화 매니아,0.5,"약속 이행의 담보로 잡아 두는 사람.
이 영화를 보는 내가 인질이다
스토리 참 헛웃음이다",부정
별이5개,0.5,총체적 난국,부정
SceneJY,1.5,독특한 소재에 모든 것을 기댄 영화,부정
장감독,1,실제 배우이름을 사용하며 그럴싸했지만 점점 진행될수록 빨리 끝내려는 감독의 바람이 보였다.,부정
Abagnale,2.5,노골적으로 원하는 그림을 그려내기 위해 질질 끌고 간다.,중립
복덩이,1,1점은 혼자 힘들게 영화를 끌고간 황정민 배우에게 주는 별점… 스토리… G랄을 한다…,부정
정지웅,4.5,"B급으로 무장한 A+
생각외로 영화가 가진 강력한 무기를 제대로 사용하고 있어 놀라웠고 신선했다",긍정
무기무기,1,"스릴러+잔인+황정민이 황정민 그 배역 자체로 출연해서 현실성있으면서 현실성 없는 상업영화, 스토리도 교훈도 없음",부정
꾸러기,2.5,"참신한 설정으로 시작해서 전형적으로 진행된다. 그것 나름대로 박진감 넘치긴 했지만, 참신할것만 같던 첫인상에 대한 배신감으로 단점이 더욱 부각되어 보인다.",중립
윤창식,2,"황정민이 황정민을 연기하는 컨셉은 살리지 못하고, 빌런들의 존재감만 극대화된 주객전도.",부정
가브리엘,1,그냥 그런데 또 그렇게 끝까지 보게 되긴 함. 김재범을 비롯한 낯선 배우들이 나올 수 있었던 건 황정민을 제외한 다른 배우들은 배우로 인식되어서는 안 되기 때문이었을 듯.,부정
👽🛸,1,참... 게으르다... 뻔하고...,부정
Naples,3.5,황정민역 (황정민). 설마 마지막에 이모든게 시사회 상영중? 일까봐 조마조마 했다..,긍정
이승환,4,지루하지않고 악역들도 다 개성있고 매력적이다.역시 외유내강 믿고있었다구요,긍정
channy,3,이루고자 하는 것을 이뤄낸다. 기대를 확실히 충족시켜준다.,긍정
수땡,3,"같은 세계관의 황정민이라니 신박하다.
상업영화는 선호하지 않아서 볼까말까 망설인 영화인데
예상과 다르게 생각보다 볼만하다. 짧은 런닝타임인 것도 한 몫.
#20220104 #훈차
-
1. 아니 근데 총이 왜 나와.. 한국은 그런 곳 아니잖아..
2. 최기완역 연기 너무 사이코패스인 척, 극악무도한 척 해서 보기 힘들었다..
2-1. 형사들도 비중이 있는 듯 없는 듯, 영화 속에서만 들었던 딱 그 형사 톤.
3. 이호정 모델이 많이 나오는 구나.
3-1. 불필요한 정사씬 안 넣으면 안돼요ㅠ?",긍정
구현우,2.5,고난의 얼굴을 담아낸 황정민의 얼굴을 빼면 남는 게 없다.,중립
전 형,3.5,황정민 헌정 영화이지만 예상외로 조연까지 매력적인 캐릭터가 풍성,긍정
조은화,2.5,실명까고 한 거치곤 좀 아쉬웠다,중립
QueenBee,2,황정민이 본인의 연기에 갇혀서 허우적댄다.,부정
Taeshin Kang,2,"납치 할 때 까지만 치밀한 녀석들.

#2021.12.15.",부정
최성우,5,"뮤즈가 된 황정민
서사적 빈틈과 클리셰의 진부함을 단숨에 메워버리는 대배우의 연기력",긍정
김성호의 씨네만세,3.5,황정민으로 부릴 수 있는 잔재주는 죄다 부린다.,긍정
조아이,3,신선하지만 쓸때없이 잔인함,긍정
이반석,2,나름 참신했고 다른길로 새지 않고 달리는 영화,부정
따봉고양이,3,"많이 먹어본 맛이고 익숙한데, 황정민이 황정민을 연기해서일까. 초반부 리얼리티에 빨려들어가듯 봤는데 끝맛은 쫌 밋밋했다. 짪고 괜찮은 킬링타임용으로는 추천할만하다.",긍정
빠재,3,현실 차용한 것의 몰입도만 제외하면 여타 인질극의 영화와 차별점이 전무하다. 그러니까 그냥 무난하게 볼만하다는 것이다.,긍정
우형,2.5,초반이 정말 자극적이고 폭력적이었다. 황정민이 황정민역으로 나오는 것만 신선하다.,중립
존중도취향따라,4,캐스팅 하나만큼은 자부심 느껴도 충분한 작품.,긍정
서정우,2.5,"베테랑 황정민과 신선한 조연들의 연기는 좋았지만, 전형적인 캐릭터 구축 탓인지 영화에서는 인질 황정민만 보인다. 그래도 한가지 목표에 과감하게 집중한 점은 옳은 선택이었다고 본다.",중립
lucky,2,ㅋㅋㅋㅋㅋ대환장파티넼ㅋㅋㅋ,부정
불정로,2.5,황정민 대단하다!,중립
개구리개,2.5,"첫 시도는 좋았는데
능력도 안되면서 공간확장해서 제작비나 날리고
배우황정민이라면서 애매하게만들고",중립
속좁은아가씨,2.5,에잇 그래서 뭐 이씨,중립
이준서,2.5,황정민의 원맨쇼는 돋보이지만.,중립
Telokin,2,긴박한 상황은 쉐이키캠으로 연출해야한다는 강박이라도 있는듯,부정
nonomor!,2.5,"영화같은 일들이 현실에서도 벌어지는 지점
현실에서 일어나는 일들을 영화화하는 지점

×

총까지 만들어내는 진화하는 악인보다
총알 한방 쏘지못하는 경찰의 무기력에 한탄",중립
르네상스형뮤지션,2.5,흥미로운 초반 설정을 제외하면 식상한 90년대 스릴러.,중립
RAWAR,2.5,가능성없어보이는 연출과 호흡조절,중립
NeHa,0.5,"황정민은 이런 거지같은 영화좀 그만 찍기를 바란다
왜 <너는 내운명>, <행복>이후 형편없는 영화만 찍는가",부정
오초라구,2.5,"2021.10.11.
수위가 넘 쎄서 관람 등급 한번 확인
아무 정보 없이 보긴 했지만 생각과 다른 전개
황정민 외 배우들도 익숙한 얼굴이 있어서 반갑
집중해서 쭉 보긴 했으나 내용은 잘 모르겠다
그래도 잘 봄

#테라스 #시리즈온 #토마토",중립
하현용,2.5,기대하고 봤는데 어찌 내용이 좀 부족한 느낌이 많이 드는 영화,중립
지구별여행자,3,"배우 황정민의 납치라는 설정과 마련된 무대에 신나게 노는 배우들.
뻔한 장면들과 예상 가능한 전개는 다소 아쉽다.",긍정
hjggong88hada,3.5,황정민이 황정민했네,긍정
임세진,2,신세계배우의 인질 역할은 탁월했다,부정
이소,1.5,전 이제 보면서 불쾌하고 힘든 영화는 싫더라구요 ㅠ,부정
박성준,2.5,잡히려고 발버둥 치는 범인들 때문에 짧은 러닝타임에도 불구하고 자꾸 시계를 보게 된다.,중립
이상훈,3.5,"자기가 자기를 연기하는거라 어색해보이는 아이러니
근데 그 어색함이 원래 황정민인걸지도 (내 보는 눈 보다 황정민의 연기 실력을 더 믿는 나)",긍정
Brandon 길,3,2점짜리인데 마지막 장면때문에 1점 더 줌 ㅋ,긍정
MS,2.5,황정민 연기만 좋고 나머지 부분은 좀...,중립
종이소,3,"'황정민'이라는 전광판을 걸고 욕심없이 장사한다.
과하지도 않고 깔끔한 음식이 적당하다.",긍정
윤윤,2,황정민이 잡은거잖아,부정
서진,3.5,박진감 넘치는 영화배우 인질극. 실제 배우를 스토리 전면에 내세운 게 약보단 독이 된 듯. 허구성을 가리기 위해 온갖 자극적인 씬들을 덕지덕지 붙여 포장했다. 쓸데없이 잔인하고 어김없이 불쾌하다. 지루하지 않았다는게 그나마 장점..,긍정
자우,2,"클리셰 범벅
스토리도 대사도 캐릭터도...
황정민은 왜 이영화를 선택했을까?
개고생은 있는대로 하고
재미도 감동도 스릴도 엄써

그나마 의미를 찾자면
영화로 소비되는 실제사건 피해자들은
영화를 보고 이런 찝찝한 기분이 들겠지? ...",부정
송슈크림,4,이정도면 역대급..빌런아닌가,긍정
이지용,4,"'끝까지 간다'이후 오랜만에 깔끔하게 멱살잡고 가는 영화
인질이 황정민이라는 설정 이상이 있는 영화

황정민이 황정민을 연기한다는 컨셉이 신선하면서도 한편으로 거기에 함몰될까 걱정되는 영화였다.
관람 후 느낀건 황정민이라는 등장인물은 관객들이 우선 티켓을 끊게 하려는 수단이었다는 점.

가장 먼저 눈에 띄는건 낯선 얼굴의 배우들.특히 최기완,염동훈 역할은 낯선 얼굴에 연기력이 더해져 실재로 길에서 저런 사람 만나면 피하는게 상책이라는 생각이 들게 했다.

두 번째로 군더더기 없는 연출.필요이상으로 악역이 악랄하다는데 시간을 버리지도, 사건 해결 과정을 필요 이상 꼬아서 피로감을 늘리지 않은 것도 좋았다.

낯설었던 감독과 배우의 차기작이 기대되게 만든 영화였다.",긍정
문현지,3,"우리나라에... 다큐말고 본인이름의 역할로 나오는 작품이 얼마나될까? 황정민은 멋있는 선택을 한거고 이미 멋있다.
그리고 이러한일들이 실상 픽션이어도 언제나 일어날 수 있는 상황들이다. 그러니 우린 또 조심하고 또 조심하자.",긍정
멍멍쿠잉,4,"인질 보려고 틀었는데,
인질범들에게 더 눈이 갔다.🙋‍♂️",긍정
캡틴카리스마,3,황정민이라는 새로운 장르.,긍정
이수,2.5,그냥저냥뭐그런,중립
성재,2.5,몰입될듯 몰입되지 않는,중립
박지상,1,"사이코패스, 소시오패스보다 살고자한 의지로 살아남은 영화. 황정민이 황정민을 연기했지만 그저 황정민은 아니였던.",부정
오세원,2.5,현실적인 설정이 많아서 오히려 더 재연 프로그램 보는 듯한 기분이 든다. 늦은 시간에 시비거는 분들 없는 세상이었으면.,중립
sola,3,정신병 걸릴듯,긍정
jjjani,1,흠....,부정
아르캄,3.5,"신선한 캐스팅과 그 들의 연기는 몹시 성공적이나, 딱 거기까지.",긍정
HongQ,1.5,"소재는 참신했으나 역시 예상을 벗어나지 않는 영화
포스터만 봐도 이미 영화한편 다본듯한 느낌이다

무능력한 K경찰
단서를 찾는 여경
역시 마지막은 직접 해결해야 적성이 풀리는 황정민

한국영화도 뻔한 클리셰에서 벗어낫으면 좋겠다
정민이형과 의리때문에 1.5점 드립니다",부정
나프탈란자,3.5,"준비, 땅 하면 딴 데 안 돌아보고 앞만 보고 뛰어가는게 장점.
다만 배우가 본인을 연기하는데 그게 더 연기처럼 보이는 건 단점.",긍정
Kyung,2.5,마무리가 아쉬운,중립
정우석,3,의외로 기대보다 아쉬운 연기들 ..,긍정
Giho Han,3,황정민을 강조하고 악역과 주변 인물들을 (인지도 측면에서) 의도적으로 감춰내며 얻어낸 효율적 결과물,긍정
타박타박,3,가장 대중적인 얼굴이 반사회성과 맞닥뜨린 순간의 일그러짐. 끝까지 단단히 붙든 영화의 생존의지.,긍정
박해원,3.5,"황정민이라는 대스타를 기반으로 한 배우 개그, 자전적 이야기, 자아성찰에 액션과 스릴러, 서스펜스를 첨가한 수작. 단순히 이름값만 빌려 양산되는 졸작에서는 찾아볼 수 없는 섬세함과 치밀함이 돋보인다. 뭐 그래도 굳이 실명을 쓸 필요가 있었나 싶지만은ㅋㅋ 무튼 재밌었다.",긍정
윌쓴,2.5,계획된 스토리를 위해 인물들을 멍청이로 만드는 몹쓸 짓을 한다,중립
영화광농이,2,"불필요한 신이 너무 많았음..
특히 샛별이의 베드신과 가슴 노출신은 무엇을 시사하고자 했는지 1도 모르겠음..",부정
옹천,1,이렇게 긴장감이 없을 수가..,부정
라모니안,4,범인 나쁜거야 이해하지만 경찰 무능한건 너무 영화적이지 않나,긍정
홍사장,3,"참신한 소재, 진부한 캐릭터",긍정
정명우,2.5,황정민 항상  노력하는게 보임,중립
da hye,1,장난?,부정
아이셔🍋,1,너무 진부하고 촌스러운데요ㅠ…,부정
youngtae,1.5,긴박하고 쫀득한 맛이 부족하다.,부정
N_Joy,2,"""C컵 처음봐?"" 대사 나오는 순간
이 영화의 수준을 알게 되는 중요한 장면.
연출의 문제 였던가, 긴장감 없는 대사에
전체적인 전개가 평온 했다.",부정
영화보고갈래,3,"황정민의, 황정민에 의한, 황정민을 의한 영화",긍정
Sang-Won Lee,2.5,만들어진 상황 속에서 어떻게 해야할지 몰라 자멸한다.,중립
R.,3,러닝타임동안의 소재가 가진 힘을 최대한 끌어다 주는 올바른 선택을 잘 활용해낸다,긍정
Eve,3,황정민의 원맨쇼 황정민과 극소수 연기파만이 가능한 시도같다 유튜버 라이너님의 의견대로 만약에 감독의 아이디어로 황정민이 극중에서만이 아니라 관객까지 속이는 역대급 연기를 보여줄수있는 부분이 얼마나 좋았을까 하는 아쉬움이 남는다,긍정
나이스매니아,3.5,"황정민 원맨쇼를 할거면하고
제대로된 뭔가 갈피를잡지못한영화같다.
황정민 이름값 못한영화.
배우들의연기보다는 감독의 연출이
잘못된영화같다. 초반전개는 흥미진지한데
뒤로갈수록 영화는 산으로갔다.
솔직히 빠른전개만 좋았지 이야기의흐름은
매우잘못된영화라생각한다. 조금더 런닝타임을
길게해 빌런들의 특색을더잡아줬더라면...",긍정
Kyle,3,"추격씬 쫄깃했어요
민중의 지팡이 한테 좀 미안해 하시구요",긍정
dbqodn,3,실제 인물로 설정한 것이 몰입에 도움이 됐다.,긍정
이진훈,2,뭔가 불친절한 캐릭터 + 너무나 친절한 다큐식 전개 = 재연물을 보는 듯한 거리감,부정
붉은대륙,3.5,어설플줄 알았는데… 생각보다 괜찮았다.  중국에서 실제 일어났던 사건을 영화화한 세이빙 미스터 우의 리메이크 작품,긍정
Life is Movie,2.5,설정의 현실성이라는 약점이 존재의 현실성이라는 강점을 짓이긴다.,중립
강물처럼,4,"현실과의 경계는 어디 쯤 있을까.
페이크 다큐임을 알지만 어디까지가 진짜 황정민인지 문득 궁금해졌다.
-
여러모로 잘 만든 영화.
영화가 의도하는 바도 명확하고, 결말도 깔끔했으며, 황정민의 연기력도 다시 보게 됐다. 한동안 다작 하셨을 때 영화관만 가면 나오시길래 그 이후 오랫동안 안 봤었는데.
-
몇몇 서브 배우님들의 연기나 서사가 다소 아쉽다. 몰입감이 조금 떨어졌던 포인트.
-
Iggy Pop_ The Passenger",긍정
김승연,3,자극이 요즘 유행인가보오,긍정
수아,2,생각보다 잔인했고 아빠랑 봤는데 민망한 장면들이 조금 있었음. 나름 긴장감 있었으나.. 전체적으로 너무 B급인 듯...,부정
서유진,3,스포일러가 포함되어 내용을 생략했습니다.,긍정
항상졸린남자,1.5,납치가 된 상황만 있고 모든게 텅빈 영화,부정
ChangeLight,3.5,"뭔가 앗 슈팔 꿈 결말과 잘어울림
.
.
.
.
.
+) 악역 중 한명이 이정현 배우였다면 어땠을까 하는 아쉬움",긍정
FRANCO FERRARO,1,황정민 배우님 왜 젊을때 액션 안찍으시고 요새 자꾸 찍으시는지..,부정
euna,0.5,"포스터처럼, 그냥 황정민 영화ㅎㅎ 연예인 황정민이라는 상황을 영화로 그대로 끌고 들어와 납치 당했다는 설정이 신선했지만, 딱 거기까지. 전개가 신선하거나, 아님 뻔해도 배우들의 연기로 몰입해서 봐야 재밌는데, 납치범들 캐릭터들은 뻔하고.. 납치범 리더는 뭔가 약해서 계속 아쉬운 느낌. 감독이 의도한 바는 알겠지만 연기력이 더 받쳐줬다면 험하게 생기지 않았어도 무섭다고 느꼈을텐데 아쉬움. 영화의 디테일도 좀 떨어지고.. 전개도 뻔하고.. 그냥 소재와 설정만 신선한 영화. 여러모로 아쉬움.",부정
김진현,3,스포일러가 포함되어 내용을 생략했습니다.,긍정
김해임,3,제목의 개성을 잃되 완성도는 놓지 않는다,긍정
이민규,2.5,음.. 그냥 평작...,중립
하몽멜론,3,"너무 끔찍해 . 저 놈들을 어떻게 벌하지 …..
끔찍하게 폭력적인 장면이 쉴 새 없이 쏟아져서 영화에 대해 생각할 틈을 안 준다 .. 계속 때려 .. 그러려고 만든 영화긴 하겠지만 .. 19금 해야 하는 거 아닌지 ••

근데 제발 빌런 쓰러트리고 난 다음에 확실히 기절했는지 확인 좀 해요 .. 그리고 총 좀 챙기고 .. 뒷통수 그만 맞게요 .. 흐엉",긍정
말주변,2.5,세부적인 아이디어 하나는 기막히다,중립
최근엔,3,신박하고 스타일 있어 보이려고 굳이 폭력적이고 자극적이다,긍정
박희주,1.5,악역들 눈이 왜이렇게 선해..,부정
조인성,3.5,황정민과 새로운 배우들의 연기 시너지가 미쳤다,긍정
나후니,2,"실제인물로 납치하는것이 신선하다 생각했는데
스토리가 약한듯 납치범들 연기도 약했음",부정
작가정순,2,"매력없는 악역, 컨셉만 잡아놓고 전사를 다듬지 않음
소모되는 여성 캐릭터, 노출과 피해자가 전부였다
발상은 기발했으나 대사, 연출이 그 뒤를 받쳐주지 못했다
제작비 80억이라니. 외유내강은 차기작이 꼭 잘되야하는 이유가 생겨버렸네",부정
ㅂ📽️,3,"배우를 바꿔가며 시즌제로 해도 될 듯.
대신 다음엔 보다 밀도있게.",긍정
조아정,3,오프닝 시퀀스만 보면 추모영화 또는 선동영화,긍정
대연뎨녈,3.5,스포일러가 포함되어 내용을 생략했습니다.,긍정
alonso,3.5,쫄깃허다,긍정
최돈성,2,설정의 신선함이 전부인 영화,부정
songpyun,3.5,"진짜 리얼리티 주려고 디테일 한 부분 많이 신경쓴 작품이라고 생각했다. 나도 모르게 황정민 응원하면서 봄
특히 자동차 추격씬은 인상적임",긍정
황란,2.5,"등장인물이 너무 날로 먹는 느낌
정말 황정민 말곤 볼게 없는 영화라는 느낌",중립
주장,3.5,"사실은 전혀 기대 따윈 안 했고, 오히려 소재보고 한숨 쉬었다가
의외로 재밌게 봤다. 올해 가장 예상밖에 영화.
다른 거 생각 안하고 목적에 충실하다.
류경수, 이유미 같은 독립영화계의 숨은 보석을 메이저로 끌어올렸다는 것만으로도
영화는 충분히 가치가 있고, 그래서 반점 더 줬다.",긍정
딸기뜰기,3,황정민이 하드캐리..!!!,긍정
최성은,3.5,평면적인 인물들에다가 정해진 결말이지만 접근이 재미있었고 목적대로인 킬링타임으로 훌륭했다.,긍정
문단비,4,"몰입도도 완벽
연기도 완벽
스토리도 완벽",긍정
포뇨사스케스키,2,황정민이 황정민했다,부정
Yoon,2,허술하다. 황정민을 데리고 만들어도 B급은 B급.,부정
유짐,3.5,"이제 황정민이라는 사람이.. 어떤 사람인지 모르게 됬다.
정말 스크린 속 그 사람이 황정민일지
인간 황정민이 저 스크린 속 사람인지..

나에게는 정말 완벽하게 '배우'로 남게 되었다",긍정
김지호,3,실제 인물을 통한 현실감.,긍정
끄아왕,3.5,"21.09.03.
명품배우 황정민!
그가 아니였으면 누가 이 영화를 살려낼 수 있었겠나.",긍정
제이,3,그냥 황정민 영화였다. 또 경찰의 무능함을 보여주다 끝나는. 배우가 아닌 실제 황정민은 히어로였던건가.,긍정
박대룡,1,황정민은 영화가 왜 똑같아지냐,부정
김지호,1.5,"황정민이라는 클리셰를 벗어나기 위해
무수히 설정해놓은 클리셰범벅",부정
킬링타임,3,예상과 다르게 황정민 원맨쇼가 아닌 시선을 사로잡는 조연들의 캐릭터쇼,긍정
채채 ¨̮⊹*,3,"딱 킬링타임용 영화
뻔한 결말",긍정
이행쥬르,2.5,대본 황정민 팬이 썼나 싶을 정도 스릴러팬픽인 줄... 보기 전부터 그냥 황정민을 '위한' 영화라고 100퍼 확신했는데 좋아하는 호정 배우 나와서 그냥 봤는데 예상한 거보다 더 실망.. 여캐 쓴 이유 넘 투명하고.. 황정민은 연기 잘 하고 나름 스릴 있어보이지만 영화가 넘 팬픽같아서 별로임,중립
Jei_P,2,황정민의 연기는 좋았으나 왜 나오는지 모르겠는 여자 인질... 스토리도 그저그랬음,부정
Sangmyung Kim,4,황정민 1인극인줄 알았는데 납치범 연기맛집이네,긍정
맛차,3,반은 눈을 감고봤다. 피곤해.,긍정
Sooob,3,우왕자왕 하는 것 보다 낫다,긍정
움치치,2.5,"영화 소재는 흥미로웠지만 갈수록 루즈하고 뻔하다.
무능한 경찰과 여성 캐릭터의 영화에서의 한정된 역할은 화가 난다.",중립
Aivy,3,"황정민이라는 실제적인 인물과 배경들을 내세우고
사실을 기반으로 만든 영화라니..
뭔가 영화가 납치된 상황의 리얼함을 그려낼 줄 알았는데..

열어보니 익숙한 것들 투성이다..

심지어.. 황정민과 류경수를 빼고는.. 연기도 힘에 부치니..
긴박함을 끌어내지도 못한다..

아쉬운 점이 많기는 하지만..
나쁘지는 않다..",긍정
각미느,3,황정민의 좌충우돌 브이로그.,긍정
김동현,3,연기는 진짜 잘 하지만 뭔가 영화를 보고 난 후 기분이 더럽다.,긍정
영화로봇,2.5,영화 기술적 테크닉과 템포로 무장한 영화.,중립
북실이돌격대,3,딱 1시간정돈 재밌었다,긍정
사또밥,3,"황정민연기잘함
근데 여캐가 구리고 너무억지스러움
캐릭터들이 황정민빼고 다 바보대잔치",긍정
7점을 찾는 계산기,3.5,명확한 캐스팅과 분명한 목표로 한 눈 팔지 않고 달려가는 영화,긍정
이시하라 사토미,0.5,"관객상대로 해버린 티켓값 인질극
돈 아까워서 못나간다",부정
꽃가람,2.5,'김재범'배우님에게 박수를 /황정민이 멱살끌고 간 영화,중립
최미농,3,"다 좋은데, 경찰 너무 무능력한거 아닙니까?ㅋ",긍정
ahjibaem,2,예상 가능한 범주 내에서 질주한다,부정
신해리,2,이런 단순상업영화는 볼거리가 중요하다고 생각하는데 황정민 이라는 배우를 제외하고는 볼거리가 없었다,부정
Skarsgård,3,황정민 배우를 보는것만으로도,긍정
오지윤,3.5,"내가 이제 영화에 대한 전개에 눈을 떳음을 느끼게 해줫다 5분뒤에 10분뒤에 어떻게 스토리가 전개 될지 다 맞췃다,,, ㅋㅋㅋㅋㅋ 그럼에도 불구하고 재미잇엇다 집중력을 이끌어냇다 연출도 좋고 출연배우님들 모두의 연기력이 다 좋앗다 돈주고 봣지만 영화관가서, 하나도 아깝지 않은 영화엿다 ( 인간수업에서 노래방 사징님으로 나온 여사장님 그 무서운 쌘케 언니가 여기서 여형사로 나와 반가웟는데 제일 속시원한 캐릭터로 나와서 사이다엿다)",긍정
박우형,2.5,황배우가 개고생한 것 치고는 애매하다 애매해...,중립
김윤성,4,"컨셉만으로 이미 좋은 점수를 주고 싶어진다
전체적으로 영화 분위기를 만들기 위한 과한 연기가 약간 거슬리지만 오락 영화로 이정도면 충분한거 아닐까?",긍정
Seung Cheol Lee,1.5,배우님들 고생하심,부정
leoleo,1,"분명 이게 재미없을 수가 없는 소재인데..

클리셰가 덕지덕지 어이가 없어서 웃음만;;
가방에 포마드는 대체 어떻게 왜 넣은거야
불필요한 베드신과 가슴 자랑은 어쩌라고..
이상한 수류탄과 이상한 총은 그냥 파워레인저가 낫다는 생각뿐
이 배우들 모두 엄청난 경쟁률을 뚫고 올라왔을텐데 분명히 자유연기 보았을땐 훌륭했을테야
아쉽고 아쉽다",부정
hayeon,3,"황정민 배우의 연기가 다시 한 번 대단하다고 느낀 영화.
.
.
.
.
.
.
.
.
.
.
.
.
.
.
.
.
.
.
.
.
.
.
.
.
.
.
그러나, 뻔한 스토리라서 개인적으로 조금 루즈했다. 후배 배우들도 조금은 돋보이게 하기 위한 느낌도 받았다. 보지 못했던 배우들이 나와서 재미는 있었다.",긍정
WatchaPedia,0.5,"학생 졸업작품 수준
보는 내내 오글거렸다",부정
fusidic,2.5,스포일러가 포함되어 내용을 생략했습니다.,중립
하예림,3,"황정민이 연기하는 황정민 ㅠㅠㅠㅠㅠ
기대를 너무 해서 그런지 기대만큼은 아니었지만
그렇다고 재미없거나 엉성하지도 않았음

황정민이 황정민을 연기하고있는데 조연으로 다른 유명 배우가 나오면?!?어떤식으로 풀어나갈지 궁금했는데 (캐스팅을 다 보고 본게 아니라) 다들 처음보는 배우들이었어서 더 몰입하기 쉬웠다

캐릭터적인 느낌 보다는 황정민 배우 그 자체인 느낌이라 작중 황정민의 캐릭터성은 많이 보이진 않았는데 의도된거라면 이해하고 아니라면 좀 밋밋해서 오히려 악역배우보다 비중이 없는느낌? 본인만이 나타낼수있는 뭔가가 있었으면 하기도 했고 이런 상황들에서 캐릭터가 아닌 배우 본인이 어떻게 대처하고 생각할지도 궁금했는데 은근히 그런게 잘 보여지지가 않아서 애매한 느낌도 들었고.. 애매해서 오히려 연기가 어색해보이는것 같기도 하고? 하지만 이런게 정말 배우 본인의 느낌인걸지도? 그래서 감히 내가 이걸 애매하다고 느껴도 되는건지??

도입부나 소재가 너무 신선했던만큼 진행에서 아쉬움이 느껴지긴 했는데 사실 소재랑 도입부만으로도 의미가 큰것같기도

그리고 마지막씬이 ㅠㅠㅠㅠㅠㅠㅠㅠ어떻게 눈빛이
눈빛으로... 보는사람까지 벌벌떨수있게 만드는건지..
진짜 무슨..찌르거나 조르거나 할줄알고 진짜 무서웠다",긍정
hyunya,2.5,볼만 했는데 더 보고 싶지는 않음,중립
밀즈,3,근래 한국영화에서 드물게 장르적 쾌감에만 집중하여 그 목표를 깔끔하게 완수한 영화,긍정
옥동자,3.5,재밌어요,긍정
데이빗백곰,3,팝콘 무비로 딱.,긍정
이상현,3.5,"익숙한 맛 익숙한 맛
요새는 이것도 못하는 영화들이 많다보니
거꾸로 수혜를 본듯",긍정
김서갑,3,"결말을 향해 무한질주.

배우들의 탄탄한 연기력을 바탕으로 적절한 전개속도까지 좋았다. 다만, 인질물 특성을 감안하더라도 군데군데 들어간 클리셰와 뻔한 이야기가 아쉽다.",긍정
몬드,2.5,초반에 개연성이 조금 아쉬운 거 빼고는 무난,중립
조은비,3.5,황정민을 연기하는 황정민이란 ㅎㅎ 개인적으로는 인지도 낮은 배우들을 섭외한 것이 집중할 수 있게 만든 포인트!,긍정
고선도,3,넘오 무서워ㅜㅜ,긍정
6packs,4,"""충격적이고 신선하며 처절하다""",긍정
김릴리,2.5,킬링타임~,중립
퐁이언니,3.5,"딱 킬링타임용 영화
흥미진진하고 재밌지만 끝나고나서 다시 되새길 내용은 없다
(근데 굳이 범인 주민번호 뒷부분을 보여주면서 지역혐오한것같은 부분은 내 착각인지..?)",긍정
씨네필보라,3,실제같아 무섭고 너무 영화같아 마지막이 별로다,긍정
뮝굉,3.5,재미는확실히 있음. 쫄리는맛도 있고..긴장감도 최고에 배우들 연기까지 구멍없음 근데 폭력적이고 쓰잘데기 없이 선정성 강하고 이호정배우 거기서 엄청 매력적으로 나오던데 굳이 그렇게 소비해야했을까...하는 생각. 그리고 최기환? 기완? 그 사람 얼굴만봐도 이제 지릴거같음 이태원클라쓰에 나왔던 남자배우도 이미지 너무 달라져서 못알아봤었고 ㄷㄷ 연기는 좋음 근데 솔직히 썩 유쾌한 영화는아님~ 그래도 싱크홀보단 천만배 나음 ㅋ,긍정
숭니,4,황정민의 티켓 파워. 눈빛으로 서늘함과 코믹을 넘나드는.,긍정
유월,3,"황정민의, 황정민에 의한, 황정민을 위한",긍정
감자,3,중간까지는 매우 몰입이 되었으나 후반부가 아쉬웠던..,긍정
흐요이,3.5,"캐스팅 좋고, 연기는 두말할 것도 없이 최고인데...
중~후반부부터는 이상하게 긴장감이 점점 낮아지는 기분이었다. 그때부턴 그냥 마음 편하게 봤다.

2021.9.4 감상",긍정
중길,4,황정민을 연기하는 황정민..,긍정
bright817,0.5,올해 본 영화 중 최악이라 할 수 있다,부정
물벼룩,2.5,스포일러가 포함되어 내용을 생략했습니다.,중립
구지성,2,킬링타임인데 뻔해.,부정
얘니,3,"그냥 딱 적당하고 깔끔한 영화
박성웅이 리얼리티감을 업해주는데
경찰들이 말도 안되게 힘이없어보여서 자꾸 허구임을 깨닫게 됨
그래도 황정민 아저씨는 너무 멋져",긍정
어별3,3,큰 떡밥을 던져놓고 잔챙이를 낚네.,긍정
ming,1,으 기분나빠... 배우분...너무 연극톤...,부정
숩니,3.5,"누군가에겐 끔찍한 트라우마를 영화로 재구성하는 아이러니.
그리고 결국엔 트라우마를 직면하는 인물의 마지막 장면이 인상적이었다.",긍정
THE PA,3.5,황정민이 황정민한다. 90분 러닝타임 쾌속질주. 황정민의 활약을 위해 경찰들을 죄다 무능하게 그리는 것만 참으면 된다. 영화니까(혹은 그게 진짜일수도).,긍정
박상민,2.5,"연예인을 대하는 일반인들의 부정적 태도와 연예인이라서 가질 수밖에 없는 고충, 사회적 이점 등을 납치 사건을 통해 관객에게 체험시킨다.

황정민이 황정민을 연기한다는 설정 덕에 오프닝에서 그간의 작품, 연설, 인터뷰를 활용해서 빠르게 캐릭터를 설명하는 점이 인상적이었다.
인질vs납치범의 1대1 구조였다면 단조롭고 자칫 지루했을 이야기를 인질과 범인 캐릭터를 다양하게 구성하여 보완한 점이 좋았다.
다만 납치범 일당의 경우 3명으로도 충분할 캐릭터를 5명까지 늘리다보니 샛별, 영록 등의 캐릭터는 불필요하게 낭비되었다는 느낌이 들어 아쉽다.
납치된 상황과 경찰의 수사 상황을 적절한 분량으로, 사족 없이 섞어서 극의 긴박감과 납치된 장소의 답답함을 모두 살린 점도 좋았다.
다만 최기완 역의 김재범 배우가 연극 배우 출신이어서인지 영화 초반 장면에서의 연기가 다소 부자연스럽고 양식적으로 느껴진 점은 아쉽다.
마지막 2년 후의 상황을 보여주는 에필로그의 경우, 주인공의 ptsd에도 불구하고 연예인으로서 다른 사람들 앞에서 웃어야하는 모습에서 연예인이 겪을 수밖에 없는 고충이 엿보여서 인상적이었다. (인터뷰를 보니 배우님은 희망적인 모습을 보여주려고 하셨다지만...)",중립
심성훈,3,"납치는 영화속에나 나오는 픽션이라는 거리감을 황정민이라는 실존인물로 좁혀줬다. 거리감이 좁아지니 진부한 전개도 생생하게 다가왔다.
진짜로 납치당하면 저런 강단이 나올수 있을까",긍정
박노섭,2,"연기안의 연기 정말 좋았다. 액션씬도 좋았다 허나, 뻔한 클리셰같았달까..",부정
배박,3.5,스포일러가 포함되어 내용을 생략했습니다.,긍정
조윤희,2.5,"황정민이라는 배우를 처음 접한 그 때가 생각난다.
언제쯤 다시 그의 담백한 연기를 볼 수 있을까.....
속이 느끼하다",중립
BIS,2,그냥 황정민이라서 본 영화 그 이상도 그 이하도 아니다.,부정
껍데기,3,스토리보다 캐릭터,긍정
이찬양,2.5,비판의 메세지는 분명히 담겨있는 영화,중립
김슬기,3,모든 엔터테이먼트가 꼭 창의적일 필욘 없지,긍정
박여름,3,"론서바이버 만큼 실감나게 구르시네

몇장면은 왜 꼭 굳이?",긍정
panicmaker,3,욕심부리지 않은 연출이 주는 깔끔함,긍정
서민주,3.5,"아무것도 모르고 기대 안하고 보니 재밌다.
황정민 위인전인데 재밌다니…. 역시 난 한국인이야",긍정
우기,3,"이영화에서 조금, 저영화에서 조금, 이거 저거 설정을 조금씩 훔쳐와서 만든 너무나도 눈에 익은 영화.
황정민을 리얼설정으로 내세울거면 더 확실하게 써먹어야지, 그냥 동네 아저씨 납치물로 바꾸어도 큰 무리가 없음.
악당들의 대사와 과한설정 또한 보기 민망할정도.
각본의 각자도 모르는 내가봐도 각본이 너무 하잖아~
황정민 혼자 고군분투 하기엔 영화가 무료하고 뻔함.",긍정
bonastories,3,오 생각보다 재밌는데?,긍정
싱거운 밀크티,3.5,"오랜만에 만나는 범죄 스릴러라서
심장이 쫄깃!
정민 황이 끌어나가는 스토리이지만 루즈함 없이 박진감 넘치는 전개

처음 보는 배우님들이 범죄자 역할을 맞아서 더욱 무섭고 섬뜩했움.

다만 범죄의 정도가 너무 다소 현실성이 떨어지는 느낌이 나서 에이~ 이러면서 봤지만 그래도 기대를 많이 했는데 실망하지 않고 나름 만족하며 봤던 영화",긍정
이올린,3,"예상치 못한 긴장감, 몰입감.
툭툭, 던져주고 받고.",긍정
파티장,1,아니 평점 왜이렇게 높지 진짜 개연성 너무 말아먹고 황정민 인질여주 빼고 다 심각한 수준에다 각본이 너무 구려서 진짜 와 내가 돈주고 이걸 보고있네 라는 생각이 영화보는동안 머리에서 떠나질 않던데,부정
네리찌푸,2,몰입도 좋고 한번쯤 볼만한 영화,부정
쿤데라와,2.5,주인공을 위해 내다버린 핍진성.,중립
양준호,3.5,"참신함과 진부함 사이의 어딘가...
+ (무능한 경찰 프레임은 언제까지 이어지나)",긍정
김벼리,1.5,발악만이 남았다,부정
아 네?,2.5,"경찰은 하는게 없어요  황정민 연기 잘함
악당들 너무 멍청한면이있다
악당 잘생김  섹시함  이기길 바라고 있었는데 아쉽다",중립
river4,2.5,"황정민을 제외한 대부분이 생소한 캐스팅
아이디어 하나로 만들어낸 느낌이 난다",중립
_YE_JI_LEE,3,황정민이 황정민했다,긍정
고태식,3,황정민이 황정민으로 나온게 나쁘지않았으나 전개도 어색하고 킬링타임용,긍정
WatchaPedia,3,"너무 황정민이라는 요소로 우려먹는 영화같았다. 영화를 보면서, 보고나서 같이 본 친구들과 딱히 할 얘기가 없었다. 그냥 이것도 아니고 저것도 아닌 말 그대로 인질 다큐였다.. 봐도 막지는 않지만 보라고 추천은 절대 안할 영화",긍정
장은정,3.5,끝까지 간다 이후로 괄목할만한 몰입감,긍정
끼엑,2.5,페이크다큐와 영화 그 사이 어디쯤,중립
미나,2.5,"제목이 '황정민'이었나 포스터를 다시 한번 들여다보게 만듦.
알차게 써먹고 싶다는 감독의 야망이 엿보임.
장르가 다른 연기를 하는 배우가 거슬렸지만 그 또한 어울린 작품.",중립
싹뚝,2,스포일러가 포함되어 내용을 생략했습니다.,부정
조영민,2,이러면 황정민일 이유가 없지않나,부정
배우고싶은사람,3.5,스포일러가 포함되어 내용을 생략했습니다.,긍정
꾸러기맨,2.5,"언젠가부터 지능형 싸이코 범죄자를 필두로(이 영화에서는 그닥 지능형 같지는 않지만), 경찰들과 언론 미디어들을 크게 흔드는 범죄사건으로 전개되는 한국 영화들이 어설프고 현실감이 떨어진달까. 제작 스케일의 부조화 문제일까, 아니면 흔하디 흔한 표현방식 때문일까.",중립
박서연,3,스포일러가 포함되어 내용을 생략했습니다.,긍정
영뮤공,2,"﻿황정민이 황정민을 연기하는 현실성과
멍청한 범인들이 행하는 비현실성",부정
우푸,3,납치범들의 선택을 종잡을 수 없어서 더 쫄깃했다.,긍정
박지원,2.5,어쩔 수 없이 b급 영화,중립
Time,3,한국영화가 가장 잘했던 것.,긍정
Somnium,3,어디서 참 많이 보아왔지만 그럼에도 불구하고 몰입은 됐다,긍정
Ohyeon,3,"뻔하고 진부한 스토리일 수도 있지만 황정민이라는 역할과 아픔을 표현하는 연기 때문에 너무 공감이 깊게 돼서 오히려 너무 답답하고 기분이 안좋았다. 자꾸 뭔가 해결할 수 없는 압박과 스트레스를 줘서 그 기분이 나에게 저장됐다.
연기지만 너무 몰입이 됐는지 진짜 안아팠으면 좋겠고 정신적으로 피해 없었으면 좋겠고 걱정돼서 영화인걸 알고 있는 결론인데도 후련하지 않은 묘한 기분을 느꼈다",긍정
swjung89,2.5,배우의 인간적인 면이 조금 더 부각된 점은 훙미롭다. 다만 완결은 좀 위안이나 완결까지 가는 길이 너무 험난(?)했다,중립
윤석호,3,배우 황정민은 싸움을 너무 잘한다.,긍정
유예랑,3.5,"황정민 보러갔는데
모야~ 빌런들이 너무 매력있음",긍정
한다고하는,3.5,황정민 개인기 장기자랑인데 이쯤하면 해도 되지,긍정
홍기재,3.5,스피디한 진행으로 오락영화로써의 역할을 충분히 한다,긍정
지민,2.5,"나 찐따 아니야아아악!!
엄마랑 보면 안되는 영화 .",중립
오주환,2.5,"현실이 가져다주는 높은 몰입감이, 점점 독이되어 영화를 갉아먹는다.",중립
뭉치(계정주),2.5,신선한 시도에 뻔한 전개,중립
Hijau,3.5,"난 겁쟁이라 재미는 못 느끼고 스릴만 이따금 느끼다 영화가 끝났다. 황정민이란 배우에 대한 호감 상승, 많이 보지 못했던 배우들에 대한 호감 발생(?ㅋㅋ새로 생겨남…) 정도. 재미있을 법한 이야기인데 최고치는 아닌? 그래서 범죄자들 어케 됨?? 엔딩은 너무 윙+크레딧 음악도 윙? 내가 잘 몰라서 그런건가,, <레토>에 해당 음악이 나온 장면이 영화서 젤 좋았던 부분이라,, 근데 범죄자 잡지 못하는 경찰 욕하는건 공감되어 좋았다ㅠ 비참한 현실 반영… 이 영화서 이호정 배우가 많이 나오진 않았지만 연기는 여기서 더 잘했다. 시간 순삭인 착한 영화인 것 같다. 날 가지고 놀기보다 그때그때 귀 막게는 하지만 전개가 특별하지는 못한.

서울극장에서 젤 좋아하는 10관에서 봤다. 서울극장 이제 안녕~~~!!!",긍정
Sherlock_Hong,1.5,독전의 실수를 그대로 되풀이하는 영화. 쓸데없이 잔인하고 더럽고 야하다.,부정
이유진,3.5,생각보다 재밌어서 놀람,긍정
정진호,2.5,감독의 연출력에 갇혀버린 황배우의 연기를 구하라... 여러모로 아쉬운 작품,중립
이상훈,2,관객들을 불편하게 만들려했다면 성공!,부정
반붕,2.5,포스터가 참 좋아,중립
정상화,3.5,"황정민이 연기한 황정민
한편으로는 황정민이 돋보이기 위해 주변의 많은것들이
퇴색된게 아닌가 싶기도 하다.",긍정
김태영,3,"기대이상으로 못되쳐먹은 인질범들 덕분에
적당하게 느껴졌던 영화의 만듦새.",긍정
소식하라구,3,"황정민이 아닌 황정민을 황정민이 연기하는데, 왜 이렇게 잘하는지 모르겠다.",긍정
서인혜,3,예상가능한 영화. 그 예상을 (좋은 쪽으로) 뛰어넘지도 (나쁜 쪽으로) 벗어나지도 않는다.,긍정
HYUNN,3,'극중인물이 실제 본인을 연기한다' 색다른 소재로 극을 이끄나 정형화된 구성이 참신함을 가린다.,긍정
유로사,4,러닝타임 내내 숨막히게 무섭다가 모방범죄가 걱정되어 어깨에 담이 왔다. (정말이지 정보 없이 가셔야 합니다.)악인 그룹 모두 쓸 모 있게 쓰이며 웃기려고 낭비되지 않았다. 카체이싱 씬은 가게에 끝까지 박을 줄 몰라서 무척 놀랐다. (모가디슈 모다 훨씬 쫄렸음),긍정
백승원,3,황정민은 확실히 연기를 잘하고 나머지 배우들 연기는 좀 많이 어색한 느낌,긍정
김예지,0.5,"촌스럽고 오버하고 재미없는 C급 영화. 난데없이 섹스 씬과 C컵 드립이 등장하는데, C급 영화다운 여캐 소비 방식이다. 2010년에 나왔어도 욕먹었을법한 영화가 왜 지금 나와서 여러 사람의 돈과 시간을 앗아가는지.",부정
모난마인드,2,"현시대를 배경으로 영화를 만들었는데
현실성이 없어보였음..
납치범 들도 너무 대책없어...",부정
김석원,2,스포일러가 포함되어 내용을 생략했습니다.,부정
강준구,3,뻔히 아는 길로 목적지까지 무사히,긍정
ABcorp,2.5,허술하지만 오랜만에 영화봐서 재밌었다,중립
김꺼짐,3,잘 짜올린 걸 배우의 힘을 빌어보기 위해 자기 손으로 해체하는 촌극,긍정
jynnie,3,"100분 정도 되는 시간동안 쉴새없이 전개되어 지겨울 틈이 없다.
액션-드라마-액션-드라마 식의 전개가 자연스럽고 개연성이 이해된다.",긍정
자유로운소년,3.5,"황정민이 배우 황정민을 연기한다는 것부터 흥미로운 설정이었고 연기를 어떻게 할까하고 봤는데...
역시 잘하시더군요~
배우들 연기보는 맛으로 재밌게 봤습니다.
후반에 갑자기 빌런들이 살짝? 정신줄 놓은 것 같은 뭔가 초반과 달리 와르르 무너지는게 좀 아쉬웠다만...
그래도 영화에 확실히 이입하면서 제대로 재미있게 봐서 그걸로 만족합니다.",긍정
강예진,4,"한시도 눈을 뗄 수 없었음. 시간 가는 줄 모르고 봤다.
그런데 황정민이 황정민을 연기하는데 왜 오히려 조금 어색하단 느낌이 들었을까?
(긴박한 상황이 전개될 땐 못 느꼈지만, 초반에는 또다른 황정민이라는 캐릭터를 따로 두고 그사람을 연기하는 느낌이었다.)
두 가지 이유. 첫째, 내가 진짜 황정민은 어떤 사람인지 모르기 때문.
둘째, (황정민님껜죄송하지만..) 황정민도 황정민을 어떻게 연기해야 할지 갈피를 잡지 못하는 것. 나라도 나를 연기하라고 하면 정말 어려울 것이다. 왜냐하면  나야말로 내가 어떤 사람인지 모르기 때문.",긍정
민정,5,"황배우의 영화라
또 뭐 비슷한내용이겠지
위험을무릎쓰고 정의구현하겠지
생각했다
맞긴맞다
근데 다르다
몰입감최고
넷플릭스로 자극적인것에 무뎌져서
웬만한것에 흥미를 못느낄거라 생각했는데
시간순삭
타인은지옥이다
주인공에 악역 최기완씨 서문조 역에 개적합한데
싱크로율백프론데
왜지금나타남

여튼꿀잼",긍정
워니,1,황정민이여서 가능했던 영화,부정
김수정,4,과격하고 생생하고 신선한 연출. 새로운 배우들의 활약도 크지만 한편으론 황정민의 재발견.,긍정
카니형,3,-CGV동탄호수공원-,긍정
원재,4,"확실히 재밌다. 컨셉도 독특하고 신선하다. 배우들이 볼만했다.

그러나 전형적인 범죄타파 클리셰때문에 조금 아쉬움.. 약간씩 더 꼬와도 괜찮았을텐데",긍정
부채새우,4,"21.08.22
극장에서 몰입이 잘됨
있는듯 고구마 없는듯 반전
여자친구가 되게 좋아했음",긍정
김대호,3,-2021년 8월 21일 CGV대전터미널,긍정
이정원,2.5,초반에 줬던 스릴과 긴장감을 마지막까지 힘있게 이어줬다면 더 좋았을 텐데..,중립
웃음이하루,2.5,"21. 8. 21.
배우들의 연기는 참 좋은데 영화가 긴장감 없이 지루함.",중립
뮤이,3.5,연기도 괜찮고 스토리도 나쁘지 않는데 뭔가 아쉽다.,긍정
1castle,3,"황정민을 떠나 굳이
현실인물을 캐릭터화 했어야됐나
재기발한것도 아니었고
정통스릴러 연출에
가장 안전한 현실인물 조합이라니...",긍정
IkgiPark,4.5,믿고보는 원맨쑈,긍정
뉴진스,2.5,원작과 너무 비교된다. 그래도 브라더라 별 두개.,중립
YongJo,3.5,"진짜같은 가짜를 만들기위한 가짜들의 진짜 눈물겨운 노력.
몰입감은 올해 한국영화 중 최고. 초반에 긴장감을 더해줬던 배경음들을 너무 남발하더니 결국 후반부에는 몰입감을 방해하더라",긍정
Eunice,3,누구나 범죄의 표적이 될 수 있다.,긍정
이음,2,"그나마 황정민 배우님 연기 덕분에 2점
할많하않",부정
긴박한고양이,2.5,오랜만에 극장에서 영화보다가 지루해서 자꾸 시계확인했다. 그래도 비오는 엔딩장면은 나름 압권,중립
HYOMJAA,3.5,황정민의 이름값에 기대서 시작했지만 굳이 그럴 필요가 없을 정도로 훌륭한 액션 스릴러.,긍정
울트라슈,3,이 영화의 메인빌런은 경찰이다,긍정
노경범,3,수리 4번문제 정답지 한번 보고 다시 푸는 느낌,긍정
창문너머호수,3.5,CGV 송파,긍정
라경보,4,긴장감 미쳤네...오랜만에 한국 영화 중에서 재미있었다.,긍정
장도빈,2.5,"야 내가 황정민 역할도 맡아봤는데...

신선한 건 황정민 외의 새로운 얼굴들 밖에 없다",중립
굥환:D,1.5,영화를 보는 내내 불쾌했다.,부정
정준원,2,속이 훤히 들여다 보이는 얕은 술수,부정
kjs9773,3.5,황정민의 연기는 훌륭했고 영화 속 경찰은 언제나 무능하다,긍정
양지선,4,황정민이 납치됐다면,긍정
블빌,3,"황정민, 그 진한 피와 열정이 생생하게 영화 전체에 골고루 스며들어 있다
[1회차: 디지털 2D 개봉관]",긍정
클로토,2.5,내분은 파멸이다.,중립
전수용,2,"뻔한 이야기
빤한 연출에
황정민 칠하기…
.
나름 리얼함에 중점을둔 카체싱씬이 있었지만
기대는 안했지만 그래도 아쉬운 영화",부정
윤진선,3.5,"생각보다 반전있는 내용
뻔하지않아서 흥미로웠음",긍정
MinSeek Kim,3,황정민의 자캐딸,긍정
김현순,3,"1. 기대보다 훨씬 낫네요.

2. 박성웅 버전도 나올까?!",긍정
이준혁,3,스포일러가 포함되어 내용을 생략했습니다.,긍정
Jaemin Bae,3,아무리 황정민이 본인으로 출연하고 배우들을 무명으로 기용해 리얼리티를 강조하려해도 너무나 영화적인 연출이 황정민이 황정민이어야 할 이유를 삭제해버린다.,긍정
영화변론가,3.5,"다음 인질은 누구로 하면 좋을까?
기발한 아이디어로 출발해서 끝까지 질주하는 영화
납치범들의 캐릭터에는 의문점이 있지만,
황정민을 납치한다는 아이디어에는 만점을 주고 싶을 정도

1.
명대사가 많은 황정민이라서 가능한 영화인데,
황정민이라는 점을 더 많이 활용했어도 재미있었을 것 같다
대사를 넘어서 출연작에서 배웠던 것을 써먹는다든가 실제로 몇몇 장면은 오마주 한다든가

2.
외국에 리메이크 된다면 좋을 것 같다
로버트 다우니 주니어,탐 크루즈, 브래드 피트, 드웨인 존슨이라든가

3.
영화와는 완전히 다른 방향으로, 납치가 배우 몰래 촬영하는 영화라면 어떨까라는 생각을 해봤다
실제로 배우에게는 알려주지 않고 찍는 장면은 있기도 하니까.
자극적인 것만 찾는 미디어의 잔인함을 고발하는 주제를 더할 수 있지 않을까",긍정
미미,3,요즘 영화에 이렇게 멍청한 범인들이 어딨으요.. 물론 현실엔 더한놈도 있겠지만 요즘 관객들은 이렇게 가는데마다 흔적 남기고 다니는데 안잡히는 범인은 견디질 몬한다고..!,긍정
윤현식,2.5,"롯데시네마 인덕원
무비싸다구 3천원

경찰의 무능함를 느낌.
범인 잡을 기회를 놓치고 또 놓치고 답답.",중립
김미정,3.5,"생각보다 긴장감있고 재미있게 봤다.
실제 인물을 그대로 가져가는 영화에 대해 기대가 크지 않았는데 다들 연기력이 좋아 몰입감을 높였고 긴박한 느낌이 잘 살았다.",긍정
민드레,2.5,황정민 그리고 황정민.,중립
박철영,3.5,"재밌었고 연기들도 좋았다

신선한 소재로 중반까지 나름 선방하며 극을 잘 이끌고 나갔다

아쉬운 점은 후반에 들어서 나타나는데 휴반 전개가 매우 전형적으로 흘러간다 흔한 범죄 클리세를 따라 그대로 결말까지 이어지는게 매우 아쉬운데

다른 결말이 솔직히 나도 생각은 안난다
무난무난한 결말을 선택한 거 같다

이러한 아쉬움에도 아쉬움일 뿐 잘 만든 오락영화임은 틀림이 없다",긍정
메멘토,3.5,긴장감이나 배우들의 연기에 비해 2% 부족한 시니리오.. 싸이코패스가 점점 늘어나는 세상 이야기.,긍정
심야할인,1.5,‘배우 황정민’이 차려준 밥상을 영화 스스로 걷어찬 꼴.,부정
김희원,3.5,"신선한 페이스들과
신선한 소재 정도.",긍정
Oh InJe,3,적당한 긴장과 참신한 소재 딱 그만큼의 미덕,긍정
김민규,1.5,수준 낮은 경찰력을 표현함,부정
백수모델,3,배우 황정민을 잘라 붙여 만든 사람 황정민,긍정
허세인간,3.5,지독한 장르영화에서 신선한 것들에 반가웠고 끓어오르는 갖가지의 시너지는 지칠뻔할때마다 다시 움직이는 동력이 되었다.,긍정
이상현,4,"범인들이 갈수록 멍청해지는 단점은 있지만 박진감 있었다. 왜 마지막 격투씬에서는 언제나 비가 오는지... (21/08/20, CGV야탑)",긍정
에에올 광팬,1.5,"감독이 내 돈과 시간을 인질로 잡았다. 불필요한 폭력성, 부자연스러운 전개 등 러닝타임이 짧은 것 말고는 장점이 없는 영화.

21.08.20 메가박스 칠성점",부정
이정민,3.5,"8월20일
넷플릭스 차인표 느낌
만들어진 이야기에 실제 요소들이 입체적으로 오버랩된 페이크다큐 비슷한 뭔가 새로운 형태의 장르라고 해야할지",긍정
성현석,3,"개막장 범죄자들의 유쾌한 반란(feat. 양들의 침묵, 노인을 위한 나라는 없다)",긍정
내성적인 윤도치🦔,3,황정민의 고군분투 속에 낯선 배우진들의 인장이 아로새겨진 영화.,긍정
mr.park,2.5,"관객들 인질로 잡는데 반은 성공했다.
황정민의 연기내공은 대단했고
새로운 뉴페이스 얼굴들 훌륭했음",중립
율이,1,대체 누가 만든거야,부정
이종재,3,"어색한 플롯도
어느새 빠져들게 만든 황정민과 배우들에 박수",긍정
안하민,3,"쳐낼 것을 쳐내고 하나에 집중한 영화
개인적으로 만족",긍정
이재환,2,말도 안 돼 라고 생각하면 재미없고 그럴 수도 있겠다고 생각해도 재미없다,부정
김동주,4,"황정민 자신을 연기 하기 때문에 캐릭터가 다른 영화와 겹치지 않는 연기를 볼 수 있었고, 영화 자체도 긴장의 끈을 놓지 않는 훌륭한 납치 스릴러. 어느 캐릭터도 너무 강하거나 약하지 않게 밸런스가 잘 잡혀있고, 배우로서의 능력이 납치 상황에서 어떻게 활용될 수 있을지도 잘 구상해냈다. 처음 보는 배우들이 많았는데, 아직 무명인 배우들에게 기회를 제공했다는 점도 작품 외적으로 좋게 보인 부분. 3.7정도 주고 싶은데 와챠는 그런거 없으니까 4점 드림",긍정
이신영,,30분 보다가 도망나옴 ..,알 수 없음
한승엽,3,"클리셰 범벅이지만, 긴장감은 놓치 않았다!",긍정
홍정표,3.5,영화와 현실 사이 절묘한 균형점을 잡아주는 황정민.,긍정
택이,3.5,"괜찮은 스릴러 영화에 황정민이 황정민으로 출연했을 때 나오는 시너지.
긴장감과 신선함 둘 다 잡았다.
배우들 캐스팅도 만족!",긍정
yssi0110,3.5,어찌됐건 시간은 잘간다.,긍정
영화는 오로지 영화로만,3,이기 팝 - 패신저,긍정
치국평천하,2,점점 루즈해지는 이야기,부정
영화알못,2.5,현실성 높이려고 황정민을 캐릭터로 써놓고 다른 건 다 부끄러운 수준,중립
얌냠얌,2.5,스포일러가 포함되어 내용을 생략했습니다.,중립
MG,3,차인표 의문의 1패,긍정
오태양,2.5,신선한 설정으로 출발했으나 점점 익숙한 길로 빠져든다.,중립
나만없어고양이,3,"황정민'만' 진심으로 연기하는것같다
P.S - C컵 처음보는건 아닌데 당황스럽네요",긍정
시현,3,C컵 처음 보냐?,긍정
장미,3.5,"별점의 대부분은 박성웅 오빠 때문입니다.
사랑해요. ♥",긍정
가을영화,1.5,의미없는 뜀박질에 구토 나는 클리셰들.,부정
해석왕 고태일,3,인질연기 지린 황정민과 질려버린 경찰 수사,긍정
선선선선,2.5,약간은 지루한 표정으로 황정민이 납치되는 장면을 지켜봤는데 만약 황정민이 인질이 되는 영화라는 걸 아예 모르고 봤다면 어땠을까?,중립
marou,2.5,"몰입을 인질로 삼은 비현실적 설정
+
'양들의 침묵' 교차편집은 편집의 표본임을 재확인",중립
ladybird,3,"꽤 재밌었다.

다만 악역 중 이호정을 그 정도 역할로만 소비하는 것은 흠..
악역이 나중에 바보가 되어버리는 게 이해가 가질 않았고, 등장인물 일부는 연기력이 많이 부족해 보는 내내 긴장감을 깨뜨렸다.

그래도 나 포함 관객들 대부분이 깜짝 놀라는 장면이 많았고, 적어도 난 몰입감 있게 봤다. 그래서인지 극장에서 보면 더 좋을 영화.",긍정
승제,2.5,스포일러가 포함되어 내용을 생략했습니다.,중립
해성,3,경찰의 무능함.,긍정
이천재,3,황정민보다 주변 배우들에 더 눈이 가네.,긍정
튜튜,1.5,혹시.. 황정민씨가 제작비를 냈나요?,부정
lpure_0525,2.5,진부한 클리셰 그대로,중립
SsoonMan,2,"촬영 이미지는 뭔가 긴박감 있고 좋았는데 스토리도 별거 없고 우선 캐릭터들이 매력이 없다
신박하게 실제 배우들을 등장 시키지만 뭐 영화메들리 보여주는것고 아니구 ..
악당들은 지능 모자른 캐릭터 몇명에 허술하고 목적성도 부족한듯….",부정
영화로,3,"재미는 있지만 리얼 해야 할 영화가 자꾸 황정민 배우의
히어로 영화 처럼 보인다.",긍정
그레이스,4,영화관에서 봐서 그런지 몰입감 쩔었음. 3.5지만 황정민 뺀 나머지 배우가 다 신선하고 낯설어서 0.5점 더 드림. 형사분과 납치범들 다 진짜같아,긍정
이응찬,3,"러닝타임이 길지 않고 적당해 불필요한 장면을 최대한 줄이고 속도감있게 펼쳐나간다.
킬링타임으로는 괜찮은 무비",긍정
정현우,3.5,시종일관 강렬하고 스릴있다 하지만 사건의 전개를 위해 경찰의 무능함을 사용하는건 그만 봤으면 한다.,긍정
Seung Yong Alex Yi,2.5,"2021.08.19
김포롯데몰
킬링타임으로 마음 쫄깃하게 보긴했는데... 이런영화 보면 경찰 불신만 늘어난다 에휴",중립
이장,3.5,"굴러떨어지던 사과가 잊혀지지 않는다.
개리얼한 추격씬",긍정
YCLeo,4,기대보단 흥미진진한데?,긍정
crabby fatty,2.5,딱히 할 얘기가 많은 이야기 설정이 아니라서 90분으로 짧게 한건 잘했다. 너무 전형적인 킬링타임 무비라 식상한게 문제... 영화 제목에서 더 나가지 않는 내용. 카메라 기교라도 기상천외 했다면 점수 좀 더 줬을 것 같다.,중립
mm,0.5,황정민도 살리지 못한 최악의 영화,부정
리로기,2.5,"너네가 그 뭐 유튜버인가
그거냐?",중립
lowfunk,4.5,"일단 재밌다
크게 생각할것도 없이 쭉 이어지는 인질범들과 황정민의 오가는 말들과 간간이 나오는 액션도 좋았음
황정민씨의 연기야 말할것도 없고 인질범들 연기도 매우 좋았음",긍정
퀸이,3,황정민 원맨쇼라 하기엔 악역들 연기도 만만치 않다. 복잡한 스토리는 아니지만 후반부 무게가 좀 더 유지됐으면 좋았을텐데 하는 아쉬움이 있다. 경찰 캐릭터들이 초중반의 유능함을 끝까지 유지했으면 좋았을텐데 하는 안타까움...,긍정
𝚉𝙸𝙿,3.5,"오랜만에 시간 가는 줄 모르고 봤던 영화
잘 차려진 밥상을 너무 맛있게 많이 먹으면서 체하지 않았던 황정민을 보는 느낌",긍정
박영효,3,무려 실화 기반의 '더 테러 라이브'보다 잔인하고 리얼한 황정민 1인쇼.,긍정
의현,2.5,황정민카드를 버리고 조연으로만 엮어내는 궁극의 사치,중립
티오,4,"모가디슈보다 재밌음.

황정민씨 무사하시죠?ㅠㅠ

홀리호정 샛별,, 좋은 영화였다.",긍정
Judy,4.5,"와 미쳤다......
카메라 앵글이랑 캐릭터들이 눈을 한시도 못떼게 만듦
일반적인 공포영화랑은 또다른 차원의 공포였다ㅠㅠ 한국에서 민간인&연예인납치... 너무나 있을수있는일이기에 오는 공포
.
소재가 단순해서 그냥 인트로가 길거나 납치되고 몰입이 잠깐되다말겠지 했는데 몰입감 미쳤음. 씽크홀 볼시간에 인질 두번보는게 나음... 악역들 연기도 영화끝나고까지 소름끼침ㅠㅠ 으으
.
그리고 여자형사님 겁나멋있음..... 한국영화에서 만나기 힘든 캐릭터👍🏻 평점 꽤 낮아서 의외였던.......",긍정
하니,3,"새콤달콤 사고 싶을 정도로 맛있는 소스와 각종 재료를 낭낭히 넣은 쫄면, 근데 면이 툭툭 끊기고 쫄깃함이라곤 찾아보기 어려움을 곁들인..

한끼 떼우긴 좋다.

이하 스포 있을 수 있음

범죄팀의 연기력이 훌륭하다. 반가운 얼굴도, 초면도 있는데 아주 자극적인 맛이 일품이다. 황정민에 밀리지 않는다.

근데 황정민일 필요가 없다. 신세계 대사 몇 개, 박성웅 까메오 정도 빼고는 '황정민' 브랜드는 의미가 없다. 가상의 인물이어도 재미에는 차이가 없었을 듯.

그럼 현실성에 초점을 맞췄나 생각할 수 있다. (밀덕들은 눈물 흘릴 지 모르지만) 사제 권총이나 못 스류탄 설정은 좋았다. 근데 그 정도로는 현실성에 이입 하기는 부족하다. 일단 다들 명사수에 황정민이 형사보다 싸움을 잘하고, 쉽게 죽일 때와 망설일 때의 기준점이 이상하다. 각종 영화적 허용이 난무한다는 뜻.

이런저런 패러디는 반갑긴 했으나 센스 있다는 생각은 들지 않았다. 추격자 패러디보다는 황정민 영화 설정이 많았으면 재밌었겠지만, 이렇게 할 거면 아예 없었어도...

요약: 각 씬은 훌륭하나, 전체로 볼 때 죄다 따로 논다. 스릴러 장르는 아니다.",긍정
김상균,0.5,"황정민 데리고.... 이거밖에 못하나ㅠㅠㅠㅠㅠㅠ
쓸데없이 자극적이기만하고
맥아리 없이 그냥 질질 끄는 스토리

가장 쓸모없이 2시간과 17000원을 버리려면 인질을 보면 됨",부정
성용,2,참신한 설정에 진부한 내용,부정
정예찬 입니다,3.5,마지막 부분 아쉬웠지만 신선한 마스크들과 연기 압도적인 연기 훌륭,긍정
에드워드 김삿갓,3.5,"참신한 아이디어와 나쁘지 않은 긴장감
범인들의 스토리가 더 자세하게 묘사되었으면 어땠을까하는 아쉬움?궁금증?은 있지만
개인적으로 심장 쥐면서 정말 재밌게 봤음",긍정
안주연,2,"유명배우랑 가학성만 있으면 헐리우드 느낌 나는 줄 아나?
카체이싱을 비롯한 각종 장면에서 드러나는 연출의 미숙함, 그리고 듣는 사람이 더 고통스러운 오글거리는 대사...배우들의 연기까지 잡아먹는 것처럼 느껴졌음",부정
시대감성,2.5,"배우 황정민이 현실에선 안전히 잘 있다는 걸 알기 때문인지 오히려 몰입이 전혀 안 됐고.. 그 간극을 잊고 극에 빠뜨려줄 만큼 쫄리는 설정도 없었고. 나름 웃으라고 쓴 듯한 대사에도 90분 내내 상영관 안에 정적이 흐르는 광경..

간간이 심심하게 쓰인 명대사들 말곤 왜 하필 ‘배우 황정민’이어야 했는지",중립
박해수,2,너무폭력적,부정
김선호,3.5,차인표가 차인표 역할했던 차인표보다는 황정민이 황정민 역할한 인질이 훨씬 나은 것 같다,긍정
귤둥,3.5,"나는 나의 높지 않은 영화 수준과 화려한 눈뽕만 박아버리면 좋아라하는 단순함이 감사하다..
앵간한 상업영화들은 즐기면서 볼수있으니까..
무튼 난 즐겼다는거지..",긍정
흐시,3.5,3.5,긍정
맹구콧물,3,"폭력적이지만 연기구멍이 없어서 재밌음
악당 구성원들은 흔한 클리셰적인 악당 구성원이긴함...",긍정
지은이,1.5,#210818 #LJH #5,부정
김진규,2.5,20210818 롯데시네마 용산,중립
Lee0211,3.5,"몰입감이 상당히 좋다.
손색없는 킬링타임영화
연기력은…과연 저 이상의 연기가 가능할까 싶을정도",긍정
Sanson Kim,4,"배우 황정민씨가 배우 황정민을 연기하면서
보통 사람 황정민을 연기하는데 와~ 하고 놀라웠다

쫄깃쫄깃하게 보긴 했는데

세상엔 왜 싸이코가 많은지

한국은 왜 범죄스릴러물이 많은지

찝찝함이 가시질 않는다

한국 경찰분들은  범인 잡으면서 일하기 답답하실것 같다",긍정
마틴,1.5,총체적 난국 속 돼지 목에 진주 목걸이...,부정
김펭수,4,그래 이게 저예산 오락영화지! 오랜만에 짜릿하구만,긍정
gRacE,2,스포일러가 포함되어 내용을 생략했습니다.,부정
영청이,,대탈출 - 황정민편,알 수 없음
Sansiro,3,"어지간한 영화 다 재밌게 보는 편이라 그냥 무난하게 봤다 황정민이 배우 황정민 역할로 나오고 제목에서 알 수 있듯이 황정민이 납치를 당해서 벌어지는 인질극
-
원작이 유덕화 주연의 '세이빙 미스터 우'인데 각색을 많이 해서 그런지 원작과는 영화 톤이 좀 다름 인질이 좀 더 거칠고 스피디하고 액션이 더 많은 느낌 근데 원작도 옛날에 봐서 기억 잘 안남ㅋ
 -
황정민 말고는 이름있는 배우들이 거의 없는데(우정출연 박성웅 제외) 그나마 작전의 설거지 아저씨랑 교복전문배우 이유미 배우 둘 뿐이고 나머지는 정말 봐도 잘 모를거 같은 배우들임 특히 인질범들이 정말 생소한데 아마도 의도한 캐스팅이겠지 그런데 인질범들 캐스팅은 좀 미스가 아닌가..
 -
개인적으로 생각할때 이야기가 특별한게 없으면 캐릭터로 좀 조지는게 있어야 될거 같은데 인질범들이 썩 강렬하지 않음 캐릭터 파워가 없다고 할까...돋보이질 않는달까...보고나서 범죄도시의 진선규나 김성규 내부자들에서의 조우진 처럼 서늘하면서도 쳐다보는것민으로도 뭔일낼거같은 긴장감이 있어야 할거 같은데 그러지 못해서 아쉽 쓰고보니 배우보다 연출문제인가 모르겠다 아 몰라ㅋㅋ
 
그래도 뭐 나름 재밌게 보고 옴",긍정
이그뤁,3.5,"구심점이 된 황정민과 빛나는 신예들의 향연.
천상 배우와 천상 상업영화쟁이들 외유내강의 실패할 수 없는 만남.
어느정도 예상돼도 재밌는, 영리한 한국 액션 영화.
21년 여름 시장 한국 영화는 <모가디슈>와 <인질>.",긍정
Keonhyung Kim,3.5,"올해 한국영화 최고의 몰입감
무명들로 가득한 납치군단이 더 쫄깃했다",긍정
준아,4,"실제 같은 느낌으로
더운 여름을 쏘쿨하게 마무리",긍정
김자준,4,과연황정민,긍정
Larghissimo,4,"황정민이 황정민함
컨셉 잘 잡은 듯
다 연기 개쥐림",긍정
승환,3,스포일러가 포함되어 내용을 생략했습니다.,긍정
남재혁_,3.5,납치와 탈출 스토리 자체는 신선하지 않았지만 재밌었다.,긍정
이정인,3.5,"준수한 스릴러를 기대한 관객에게는 나쁘지 않은 영화, 황정민이라는 배우를 좋아하는 관객에게는 꽤나 만족스러운 영화
p.s.엔딩씬의 <미저리> 오마주는 깨알같은 웃음포인트",긍정
권기원,3.5,시간은 잘갔지만....음..,긍정
모에트카,3.5,지루하진 않았으니까,긍정
liilliil,3.5,납치범들 연기만 좋았다면 더 긴장감 있었겠다,긍정
주원,3,일정 이상의 재미를 보장해주는 배우들의 연기력은 더이상 놀랄일이 아니다,긍정
정선미,2.5,여름 겨냥 시원한 액션 영화라고 엉성해도 되는 건 아니다.,중립
경솔한 속삭임,2,"평범한 납치극에 실제 황정민은 굳이 왜 끼얹었나.
하긴 그런 거라도 있었으니 봤지만.",부정
강성민,2.5,"뻔한 클리셰 뻔한 전개
숨기려는 노력조차 없음이 분통스러움",중립
김성호,3.5,"실제인물이라는 것과 영화배우라는, 유명인이라는 소재가 주는 매력이 약하지않았나 생각.
주인공이 극중 황정민이 아니었어도 별 차이가 나지 않았을거란 생각
좀더 황정민으로써, 영화배우로써 이 상황들을 대할수있는 연출들이 필요하지않았을까",긍정
박현욱,4.5,2021년 8월 18일 수요일,긍정
김민석,4.5,"엄청 몰입됐다.
이렇게 영화에 몰입한 건 코시국 이후 처음인듯...",긍정
김연호호호,3,황정민 원맨쇼,긍정
이우주,3.5,"황정민을 연기하는 황정민
코미디 장르도 섞인 줄 알았는데 그렇지 않았다
영화가 너무 길지 않고 딱 끝나야할 때 끝난 거 같아 좋았다 다만 호불호가 조금은 갈릴 수도 있겠다는 생각도 들었다.",긍정
강신영,3.5,"기가멕힌 연출, 아쉬운 캐스팅과 대사..",긍정
현서김,3,생각보다 재밌는데 생각보다 폭력적이었던 ...,긍정
한길,3.5,모든 설정과 개연성이 황정민을 통해 빛이 난다. 눈부신 속도감까지.,긍정
김성혁,2.5,황정민이라는 장점이자 단점.,중립
김달훈,4,"규원아 인권위원회를 폭파시켜줘 차라리..
미국이랑 대한민국 경찰이랑 법 반반씩 퓨전 안되겠니?",긍정
김머그리,3.5,미져리에는 폴 셸던 인질에는 황정민,긍정
기록,2.5,견찰이 너무 무능하게 나오니깐 지친다;,중립
Yves Klein,2.5,무명 배우(감독)들에게 밥상을 잘 차려준 황정민의 ‘결초보은’.,중립
팔데아 돌핀맨,2.5,중반부터 너무 질질 끄는 느낌.,중립
ratte401,3.5,"황정민, 밥상받을 자격있다.",긍정
준영,3,약간 클리셰적인 느낌이 들긴 하지만 생각보다 영화는 괜찮았음. 엑션이 화끈하고 잔인해서 좋았다. 경찰은 여기서도 무능한건 마찬가지.,긍정
SJ-영화 레시피,3,"현실감만으로는 최고
만약에 진짜 배우가 납치가 된다면?",긍정
전정욱,3,황정민 띄우기에 조연들을 인질로 이용한 느낌. 황정민의 연기도 영화와 현실의 이질감은 극복하지 못함. 하지만 아이디어는 신선했음. 다른 배우로 후속작 나와도 볼만할듯.,긍정
생각들,3,지향점을 정확히 이해한 연출의 질주.,긍정
민현기,4.5,"황정민이 경찰역할하면 황정민이 해결
황정민이 인질역할하면 그것도 황정민이 해결",긍정
김경범,3,생각보다 자극적이고 생각보다 재밌는 영화 캐릭터도 생각보다 매력적이긴 했는데 딱 거기까지,긍정
카리소케,2.5,황정민 클리셰 이용하는 법,중립
큰뿌리,2,2021.08.18,부정
박창현,,ㅇㅇ,알 수 없음
영화중독,3,"딱 킬링타임용
청불이면 더 좋았을듯
개인적으로 정재원 배우 때문에 웃겼음",긍정
203호,3,스포일러가 포함되어 내용을 생략했습니다.,긍정
Yuni,3.5,으으 아퍼아퍼어,긍정
~~,3,2021 08 13,긍정
イチ,3,"예상되는전개지만 신선한소재와 신인배우들의 연기를보며 신인배우를 발굴하는게 재밌는영화 신인배우를써서 긴장감을 살렸다 신인배우를 발굴하는 재미도 있기에 신선한 소재와 좋은취지로 만든게좋았다
시즌별로 나와도 재밌을것같다 익숙한 상업영화이나 신파도 적었고 적절히 잘만들어 보는내내 기분좋았다",긍정
won2,3,"참신하고 신선함
근데 너무 서늘해서 보는 내내 좀 불편하다",긍정
이나나,3.5,곱슬머리에 얼굴벌건사람 찾아요,긍정
김환준,3.5,"스텝들과 배우들이 멋진 밥상을 차려놔요
그럼 저는 맛있게 먹기만 하면 되는 거거든요
그런 스포트는 제가 다 받아요 그게 너무 죄송스러워요",긍정
개가오,3,"인간 황정민도 배우 황정민도 없는
노골적인 서스펜스와 클리셰가 한가득 담긴 갑갑한 영화였다.

서사와 사연 즉 캐릭터의 배경이 있어 보이는 건
오히려 주인공을 제외한 다른 인물들이었다.

그럼에도 이야기는 황정민을 중심으로 그려나가고 있고
앞서 말했듯 인간 황정민도 배우 황정민이 그려지는 영화도 아니었다.

더불어 영화의 주인공을 배우 본인으로 했음에도 불구하고

그 배우가 가질 속 이야기나 메리트가 전혀 돋보이질 않았고
그냥 배우 황정민이 인질을 연기할 뿐이었다.

동시에 범죄 수사 스릴러 장르 특유의 클리셰를 따라가
압박감도 흥미도 없는 뻔한 영화였다.

소재를 이끌어감에 필요한 장치들이 하나같이 흐릿하고 효력 있어 보이지 않는다.

서스펜스에 도움을 주는 것도 아니었고 연출에 장점으로 작용하지도 않았으며
단지 이야기에 뒷받침할 뿐이었다.

동시에 스토리라인의 희생양들이 가득하고
심지어 몇몇 인물과 매개체가 바보 같아 보이기까지 했다.

이런 소모성을 줄이기 위해선 주인공을 포함한 주요인물들의 힘이 필요했다.

그래야 이야기를 전개함에 있어 설득력과 공감대가 형성되는데 상술했다 시피

서사는 이도 저도 아니고 딱히 재치가 돋보이는 장면도 없어
상황 전개에 의한 억지스러운 흐름이 형성되고 희생양들이 대거 생길 수밖에 없다.

그럼에도 지금껏 써내려간 단점이 무색하게
다른길로 새지 않는 뚜렷한 목적의식과

관객이 작품에 감정적으로 따라갈 여력이 있었고 영화를 끝까지 볼 수 있는 여지가 있었다.

또한 94분이라는 적당히 짧은 러닝타임이 루즈함을 덜어내는 것에 한몫했다.

생각했던 것과는 전혀 다른 그저 그런 납치 수사 스릴러 영화였다.

구린 영화는 아니고 무난하게 즐길 만 했지만 재미와 상관없이 기대했던 모습과
다른 영화라 개인적으로 아쉬웠다.",긍정
남윤수,2.5,"생각만큼 돋보이지도, 잘 활용하지도 못하지만 그럼에도 황정민이기에 가까스로 유지되는 텐션",중립
PLLI,4,이게 공포영화가 아니면 뭐란 말임,긍정
B바라기,2,"유교패치가 된 '그로테스크'와 '도살자'
K-리암니슨이 된 황정민
나머지는
눈치가 있다없으니까 웃을 수가 없어~",부정
배추입니다,3,"엄청 훌륭하다거나 영리한 각본은 아니나
납치범 배우 하나하나 기억에 남는다. 앞으로 자주 보고싶다.",긍정
양대찬,3,원한 사지 맙시다 !,긍정
이현욱,,황정민 하나 믿고 봐도 진짜 괜찮을듯,알 수 없음
Han,,솔직히 좀 기대됨,알 수 없음
kouwabatke 30,2.5,"상당히 무매력인데 은근히 열심히다.

251107",중립
정현준,2,매력 없는 빌런들이 주가 되는 영화,부정
애니무비,2,더 재밌게 할 수 있었을 거 같은데 하는 아쉬움,부정
김밥풀,2,이 소중한 별들은 온전히 배우만의 몫이다,부정
라파엘,4,"""현실과 허구의 경계를 무너뜨리며 긴장과 몰입을 동시에 끌어낸 독창적 스릴러의 완성""

🔗 실존 인물의 이름을 건 파격적 서사의 실험성
<인질>은 매우 독특한 서사 구조를 지닌 영화다. '황정민'이 ‘배우 황정민’ 본인으로 등장한다는 사실은 단순한 설정이 아니라, 이 영화 전체의 장르적 긴장과 심리적 몰입을 견인하는 핵심 장치다. 영화는 현실과 허구의 경계를 교란하면서, 관객이 스스로 그 경계를 재정의하게 만드는 능동적 관람 경험을 제공한다. 실제 배우의 이름과 직업, 이미지, 언론 인터뷰에서 나온 인상 등이 이야기 속 허구의 재료로 사용되며, 관객은 현실처럼 보이는 가상의 공포에 더욱 몰입하게 된다.

이는 단순한 메타픽션이 아니다. <인질>은 ‘스타’의 이미지를 극한 상황에 던져 넣었을 때 발생하는 긴장, 유명인이라는 보호막이 실제로 얼마나 무력할 수 있는지를 드러내는 인간성 실험이기도 하다. 그 결과, 관객은 유명인이 아닌 ‘하나의 인간 황정민’에 대해 새로운 시선을 갖게 된다.

🎭 '황정민'의 실감 나는 연기와 배우로서의 자기 해체
이 영화의 심장이라 할 수 있는 '황정민'은 이 작품을 통해 연기의 무게와 인간으로서의 진심을 동시다발적으로 증명한다. 납치라는 극한 상황 속에서 그는 스타로서의 자아를 내려놓고, 생존 본능에 집중하며 점차 ‘배우’가 아닌 ‘인간 황정민’으로 되돌아간다. 그가 분노하고, 두려워하고, 끝내 맞서 싸우는 과정은 단지 연기를 잘해서가 아니라, 실제로 그런 상황에 처했을 때 느낄 법한 감정의 진폭을 완벽히 재현했기 때문에 더욱 설득력이 있다.

이러한 연기는 단순히 테크닉이 아닌, 관객의 감정선을 진정성 있게 설계하는 장인적 통제력의 결과다. 특히 감정을 폭발시키기보다는 끓어오르는 분노를 억누르며 긴장감을 끌어올리는 방식은, 관객이 스크린 안의 ‘가짜’가 아니라 ‘실제 사건’을 목격하는 듯한 착각을 불러일으킬 정도로 섬세하다.

🔪 현실적인 범죄 묘사와 서스펜스의 지속성
<인질>이 보여주는 납치극은 기존 범죄 영화의 관습적 연출과는 결이 다르다. 범인은 어디에나 있을 법한 ‘평범한’ 외모를 가진 청년들이며, 납치 장소는 흔한 골목길 뒷방이다. 무대는 작고 제한적이지만, 그 안의 심리는 깊고 넓다. 공간의 폐쇄성은 오히려 심리적 포위감을 강화하며 긴장의 밀도를 높이는 방식으로 기능하고, 사운드와 촬영은 과도한 음악이나 효과 없이 리얼리티 기반의 긴장감을 유지하며 관객을 가둔다.

특히 영화는 납치극이 벌어지는 공간 안에서 벌어지는 심리적 권력관계의 변화를 치밀하게 다룬다. 처음에는 황정민이 일방적으로 희생되는 위치에 놓이지만, 시간이 지날수록 그는 스스로 상황을 분석하고 반격의 기회를 찾으며 점차 주도권을 되찾는다. 이 구조는 단순한 생존극이 아닌, 인간 심리와 이성의 힘이 얼마나 위기 상황에서 작동하는지를 보여주는 드라마로 확장된다.

📸 다큐멘터리적 촬영기법과 미니멀한 연출의 미덕
연출을 맡은 '필감성' 감독은 이 작품에서 자극을 피하고 절제된 리얼리즘을 선택함으로써 더 강한 몰입감을 이끌어낸다. 과장된 액션이나 과도한 플래시백 없이도, 현재 상황만으로도 충분히 극적 긴장을 유지할 수 있다는 자신감이 느껴진다.

핸드헬드 카메라와 자연광 중심의 조명은 마치 CCTV 혹은 누군가의 몰래카메라를 보는 듯한 착시를 유도하며, 이것이 영화 전반의 리얼리티를 강화한다. 즉, <인질>은 시네마틱한 장식이 아니라 현실의 질감을 살리는 연출 방식으로 감정적 진실성을 확보한다.

🎙️ 사회적 맥락과 장르의 재구성
이 영화는 단순한 범죄극으로 읽히지 않는다. 유명인이라는 보호막이 실제 범죄 앞에서는 얼마나 무기력한지를 보여주며, 우리가 스타를 소비하는 방식—화면 너머의 무적 존재로서의 이미지 소비—를 역설적으로 해체한다. 그리고 그들이도 결국 누군가의 가족이고, 똑같이 두렵고 상처받는 인간임을 상기시킨다.

이러한 설정은 한국 사회의 유명인 숭배 문화, 공인에 대한 기대와 그에 따르는 책임의 무게, 그리고 미디어가 만들어낸 스타 시스템에 대한 날카로운 성찰로 확장될 수 있다. 단순한 ‘특이한 영화’가 아닌, 장르의 형식을 빌려 사회를 은유하는 방식으로서의 시도가 성공한 예라고 볼 수 있다.

📣 피해자도, 가해자도 아닌 ‘생존자’라는 정의의 재정립
<인질>의 가장 인상 깊은 지점 중 하나는 ‘황정민’이 스스로의 두려움을 이겨내고 행동하는 순간이다. 그는 더 이상 납치당한 피해자도, 단지 구조되기를 기다리는 대상도 아니다. 그는 스스로 생존을 선택하고, 자기 의지로 폭력에 저항하며, 궁극적으로는 자신과 타인의 삶을 지켜낸다.

이러한 서사는 단지 극적인 영웅 서사가 아니라, 현실 속에서 우리가 마주하는 두려움 앞에서 어떤 선택을 할 수 있는지를 조명하는 질문이기도 하다. 인간이 극한의 공포 앞에서 본능과 이성을 어떻게 조화시키는지, 그 힘이 어디서 비롯되는지를 이 영화는 섬세하게 보여준다.

<인질>은 단순한 납치극이나 스릴러 그 이상이다. 이 영화는 현실과 허구, 유명인과 일반인, 공포와 이성 사이의 경계선을 의도적으로 흐리면서도, 정서적으로는 끝까지 관객의 믿음을 저버리지 않는 탄탄한 리얼리즘 스릴러다. 배우가 자기 자신을 연기하는 독특한 설정, 시종일관 유지되는 긴장, 억지 감정 없이 서서히 고조되는 극적 밀도, 그리고 ‘인간 황정민’의 입체적 감정선은 이 영화의 진정한 힘이다.

결국 <인질>은 우리에게 이렇게 말한다. 공포란, 언제나 예상하지 못한 순간에 우리 삶을 침투하지만, 인간은 그 안에서 어떻게든 살아갈 수 있는 힘을 찾아낸다. 그 힘은 스타라서가 아니라, 인간이기 때문에 가능한 것이다.",긍정
네모바보,3,"21.09.16.
쏟아지는 혹평들만큼 그리 나쁘지는 않다,
물론 어디까지나 기대를 꽤 낮췄다는 가정 하에.",긍정
Z3D,3,무서오,긍정
송은규,3,스타 '황정민'을 실제 캐릭터로 두고 납치한다는 좋은 소재를 잘 살리지 못한 아쉬움이 크다. 소재는 좋았으나 극장에서 봤으면 돈이 아까울 뻔..,긍정
개딩이,2.5,황정민이 황정민으로 나와서 황정민처럼 말하고 황정민처럼 행동함 그냥 황정민이라 길게 말할 것도 없음 황정민이 황정길로 나왔든 황정순으로 나왔든 황정구로 나왔든 똑같았을 거임 진부한 영화라는 뜻,중립
찬찬,2.5,이런영화 좋은데 소재활용을 제대로 못한듯,중립
소담,2.5,오짐싸는 황정민만 기억남,중립
Gulogulo,3,아 아쉽네. 연출좀 잘 하지..,긍정
GaeunEayo,3,연기를 쒸빠 존나 잘하네 어이 쒸빠 브라더,긍정
김재웅,3,"기발한 설정, 황정민 화이팅",긍정
꼬마돌,2.5,황정민이 황정민으로 나오다니 ㅋㅋㅋ,중립
happYness,0.5,느낌만 있는 캐릭터들.,부정
집이있어,3.5,서울의 봄을 위해 2년 전에 먼저 복수당한 그 ㄷㄷ,긍정
여름,3,뻔한 영화 치고 괜찮았다,긍정
이수행,3,감정연기를 잘풀어냈다. 근데 인질극의 동기가 부족하네. 그리고 사전 설명이 없어서 이입이 안된다.,긍정
안우전,3.5,"납치범들이 조금 약하긴 하지만, 실제 납치된 것 같은 느낌이 딱 든다.",긍정
윤태웅,3,황정민을 연기하는 황정민은 연기일까 아닐까,긍정
SH,2.5,인상 깊은 독특한 주제.,중립
한지혜,2.5,새로운 설정으로 영화를 밀고 나가는 힘.,중립
오제,2.5,"황정민을 연기하는 황정민, 이 리얼리티 하나로만 끝까지 간다.",중립
율하역3번출구,2.5,코리아 시네마 월드에 황정민이라는 배우가 꼭 필요한 이유,중립
YQ최,3.5,"23.10.21

황정민의 연기 실력만으로 커버치기에는 너무 부족한 개연성과 인물들의 서사
​
그래도 황정민 상대역들인 배우들의 연기가 좋아서 앞으로도 이들을 자주 보게 될 거 같다

유명 배우가 납치된다는 있을법한 상상을 가지고 파워 있게 내달린다. 다만 시원하게 달리는 동안 작은 디테일들과 완성도를 좀 놓쳤을뿐",긍정
지리하게,2,뻔하고 감정적이다,부정
상상,2.5,"231009
초반에 흥미 끌었다가
반전 없는 그저그런 인질 영화로 바뀜.",중립
정해천,2.5,신선한 설정값 2.5,중립
SH,2,황정민 솔로 주연 영화라 기대했지만 뻔한 전개와 뻔한 결말,부정
Mel,1,"보는 내내 한 생각이라고는
이런 영화를 왜....?
만들고 출연하고 개봉까지 했는지 이해 할 수 없었어..
심지어 저는 황정민 좋아하고 김재범을 사랑합니다만...? 김재범 이렇게 쓸 거면 무대에서 뺏어가지마요!! 무대 할 시간도 부족한 사람을!! (하지만 무대 계속 해주고 있음 ♡사랑해요김재범♡ 뮤지컬 곤투모로우 203년 10월 22일까지 광림 아트센터 BBCH홀)",부정
최선경,3.5,영화라는게원래관객들극장에인질로잡아두고시간가는줄모르게하는거,긍정
이창훈,2.5,ㆍ,중립
Nho Heay-young,2,"황정민이 제작비를 댄걸까?
평범한?! 배우가 갑자기 액션 히어로로 둔갑하는 어리둥절함을 어찌해야할지 모르겠는데 끝나버림",부정
방구석 평론가,3,뭔가 있을 거 같으면서도 말도 안 되는 이야기,긍정
이짜요,3,신선하고 연기도 다 좋은데 제발 경찰들 총 들고 있으면 공포탄이라도 좀 쏘자. 장난감이냐...너무 심해,긍정
비비왕,3,2022.12.31 3.0,긍정
혜윤,3,황정민 영화,긍정
서현,2.5,황정민의 원맨쇼쇼쇼,중립
최창묵,2,참신함에 대한 강박으로 인질을 잡고 스릴을 느끼라며 협박한다,부정
그냥 영화가 좋은 사람,2.5,"신선한 재미를 선사, 어딘가 아쉬운 후반부",중립
김나냥,3.5,황정민 피칠갑하고 뛰는건 언제봐도 재밌음,긍정
미성,3,오로지 목표만 향해 달린다,긍정
요술공주람보,3.5,생각보다 흥미진진했다. 빈틈을 최소화한 짜임새도 좋았다. 황정민을 연기한 황정민의 기분이 궁금했다.,긍정
장난이라니,1.5,시도만 좋았던 영화,부정
류규민,3,황정민이라는 배우하나로 이끌어가는 허술한 극본. 킬링타임용으로는 적절.,긍정
ithilien,2.5,아...,중립
장정우,3,배우들의 연기가 더 리얼,긍정
김민서,3,일어날 법한 일이라는 소재가 어느 정도 힘을 주는지에 대한 예시.,긍정
김태완,2.5,안간힘을 쓰지만 그 쓰다가 만 시간은 어디에도 가지 않는다.,중립
진영인,3,황정민을 소비시키는 다양한 방법 중 하나.,긍정
47,2,4,부정
관객,0.5,다시 생각해도 열받음.,부정
..,0.5,"황정민의 매번 똑같은 캐릭터
주조연의 부족한 연기력
뻔한 전개~..",부정
☘️,4,스포일러가 포함되어 내용을 생략했습니다.,긍정
영화포비아,2,신선한데 진부함,부정
도롱3,2.5,흥미로울 법한 설정의 장점을 충분히 살리지 못해 아쉽다,중립
댄디큐티,3.5,"황정민의, 황정민을 위한, 황정민에 의한",긍정
방구석TV,2,황정민 배우라는 설정자체가 리얼하다보니 실제 납치된거 같았는데 직접 만든 총이랑 폭탄이 허술하고 마지막으로 갈수록 아쉽긴했지만 무난한 한국영화였다,부정
Kyung Deuk Noh,1,"황정민이 황정민한 영화.
무엇을 위한 스토리였을까??",부정
나태지옥,3,음.. 영화관에서 봤는데 킬링 타임용이였습니다.,긍정
그냥영화,2.5,흥미로운 주제를 가지고 와 앞만 보고 달리기만 한다.,중립
잔미,3.5,"설정이 재밌고 속도감있게 달려서 흡인력 있다.
좀 더 드러냈더라면, 솔직해졌다면 어땠을까
끝나고나니 배역같은 배역, 연기같은 연기",긍정
시네마우스,0.5,이게뭐지,부정
jhd446,3,"황정민이 자기 자신의 역할로 나오면서 납치를 당했다? 꽤나 파격적이고 신선하게 다가왔다.

특히 후반까지 긴장감을 유지하는 것은 꽤나 장점으로 다가온다.

다만 황정민을 빼다면 일반 인질극 영화와 다를바가 없는 그저 그런 킬링타임용 영화로 전락한다는 것이 큰 단점이지 않나 싶네요.

어느정도 예측 가능한 클리셰는 따분함을 불러오고 후반 빠른 전개는 긴장감은 있으나 당혹감을 가져온다.",긍정
뚜루11,2.5,진부하면서 뻔하지만 그래도 현실적인 부분들도 보인다,중립
여운,3,내 시간을 죽여줘,긍정
배우는배운다,2.5,인질 ‘황정민’ 과 물아일체,중립
이현진,3.5,"현실에서 있을법한 스토리를 풀어내는
트라우마를 극복하지는 못한 황정민의
싸움.!
세상에 숨지못하는 유명인들의 속사정.!",긍정
감자탕와뼈해장국,2.5,"2023. 03. 07

컨셉은 좋았으나, 컨셉에 끌려다니기만 한 작품

매력적인 캐릭터가 단 하나도 없었다.",중립
적도,0.5,"황정민이 황정민 연기하면서 굴러다님
잔인해서 보기 힘들었다",부정
김정은,3,스포일러가 포함되어 내용을 생략했습니다.,긍정
PKS,3,행성을 도는 위성이 반짝반짝,긍정
yogurt,1,"유명 배우 '황정민'이 납치되는 영화라는 발상은 좋았는데 거기서 끝이었다. 샛별이 캐릭터도 한숨밖에 안 나온다. 킬링타임 용으로도 불쾌하고, 재미는 그냥 없고... 리얼리티 코미디였으면 차라리 나았을까 싶다. 괜히 진지하게 액션물로 파고들어가니 망한 게 아닐까 한다.
또 '황정민'이 영화 속에서 나오는 모습이 속보였다고나 해야 할까? 자기애가 느껴졌다.
뮤지컬에서 한두 번 본 김재범을 스크린에서 보니, 원래 딱히 좋아하는 배우도 아니었음에도 나름 반가운 감정이 들었다.",부정
abzu,2,"사이코패스는 이래야 돼..!!!의 강박적인 스트레오 타입.
현실적인 캐릭터의 대처를 보여주는 황정민이지만 그에 걸맞지 않은 연극식 깽판과 범죄를 저지르는 납치범들.
이 급격한 톤의 차이가 몰입을 와장창 무너뜨린다.
그리고 황정민과 악당의 마지막 몸싸움을 보여주기 위해서 역시나 바보가 되는 한국 영화 경찰들... 짜증이 확ㅋ
마지막 장면에서 이 영화의 목적을 어렴풋이나마 상상은 해보았지만... 그렇게 의미는 없는 듯.",부정
달봉,2.5,'장르' 황정민을 시도한 영화. 내용상 제목으로는 인질이 아니라 납치가 더 어울렸을 듯?,중립
인수정,2,"페이크 다큐로 갔으면 어땠을까 아쉬움
황정민님이 여러모로 인질 같음",부정
SOON,2.5,"황정민이 황정민 한 영화, 생각보다 허점이 많이 보였지만, 악역 캐릭터의 눈빛이 살아있어서 무서웠고, 관객들에게 지루함을 주진 않았던 것 같다. 뻔했지만 뻔해서 오히려 다행인.. 원작이 있다는 사실을 나중에 알았고, 게다가 원작을 내가 봤고, 2018년에 적은 나의 후기를 보고 소름 ㅋㅋ",중립
구아바볶음밥,0.5,최악최악최악 쓸데없는 장면개많고 이런영화 대체 왜만듦 돈아깝고 시간아깝고 등등,부정
권오태,4.5,황정민,긍정
황대영,2.5,"긴장감은 있는데 먼가 좀 별로다
황정민 영화중에 가장 아쉬운 영화

무섭다 요즘 현실에 충분히 일어날수 있는 이야기",중립
방그동그,2.5,"황정민씨 본인의 의지로 찍은 영화인가요?
극 중 경찰은 병신인가요?
고구마 고구마 고구마
영화계는 이제 유미 좀 행복하게 해줘라",중립
정태영,,납치더ㅣㄹㅋ댘가지범,알 수 없음
miredoremirae,3,"필요이상으로 폭력적이면서도
그게 또 현실적인 건가 싶고
뭔가 정말 딱 2% 아쉬운 이 느낌은..",긍정
달리,3,연극무대에 어울릴지도 모르겠다는 생각이 든다.,긍정
정마으문,4,배우 한 명이 어느 정도까지 해낼 수 있는지 보여줌. 스릴러로도 나쁘지 않다.,긍정
남상호,2,황정민 빼고 다 연기력이 어색하다고 느낌,부정
리하,3,"처음부터 끝까지 영화를 이끌어가는 힘이 있음. 그것만으로도 충분히 훌륭한 영화라고 생각됨.
다만 난발하는 클리셰를 조금만 줄이고 주인공으로 대미를 장식해야 한다는 강박만 버렸더라면 더욱더 좋았을 것 같음.",긍정
김윌슨,1,.....어......황정민 페이크 다큐 영화,부정
Chang,3,이 기획의 목적은 연예인의 신변 보호 강조인가?,긍정
내닭다리내놔,3,중요한건 꺾이지 않는 황정민의 연기,긍정
김영우,4,"영화를 본 사람을 인질로 만들어 버리는 영화.
더불어 우리는 우리가 겪는 트라우마를 마주할 수 있는
용기가 있는지 묻는 영화이기도 하다.",긍정
쿵푸팬더~.*,3.5,겉보기엔 식상하지만 생각만큼 식상하지는 않아.,긍정
하작가,2.5,인질다운 인질이 인질을 살렸다.,중립
하나,4,배우빨,긍정
Woo,1,황정민 하나로 봤다.,부정
이진욱,3,"황정민의 캐스팅 자체가 몰입에 더욱 힘을 불어 넣는다.
결말에 치달을때까지 궁금해서 쭉 따라간 끝에 잔잔한 카타르시스를 느끼지만, 악역들의 오글거리는 연기 때문에 다시 보지는 않을 것 같다",긍정
Rebuild,2.5,"뺑반같은 분위기라고 생각했는데 전혀...
오히려 추격자나 악마를 보았다 같은 스릴러 장르였다.
초반엔 정말 너무 무서웠지만
전개과정에서 경찰과 범인이 둘 다 멍청해서 해소되었다.",중립
아스탄,3,허구의 빈틈을 연기만으로 채우는 황정민.,긍정
한정인,0.5,"악역들 ㅈㄴ매력없어서
보기 힘들정도로 항마력 딸림",부정
얘언,4,있을리 없는 일이겠지만 무겁게 잘 풀어냈다 배우를 좋아하는만큼 애정이 감..,긍정
방지영,2.5,그만납치해ㅡㅡ,중립
이태윤,2.5,신선한 설정과 아이디어 하나로 관객을 인질로 잡다.,중립
Vacancy,3,왜 그랬어요?,긍정
우상준,2,ㅇㅇ,부정
별곡이,1.5,나라면 발버둥치지 않고 그냥 눈을 감겠어..,부정
은은한광인,3,믿고보는 황정민에 빛나는 연기력의 조연배우님들,긍정
레몬메론,3.5,스포일러가 포함되어 내용을 생략했습니다.,긍정
은지,1.5,"황정민, 경찰보다 더 쎄다!",부정
빵굽는오리,2,시도는 좋았다.,부정
PAZOREGGI,3,"서스펜스가 넘실거리는 연출이 지속되지만, 각 요소마다 표현이 과하다. 이 영화의 쾌감이 과연 무엇일지 생각하면 실명을 사용하는 황정민이라는 배우를 쥐어 패는 것?",긍정
OnizukaKIN,3.5,배우가 동명의 캐릭터를 연기하는 재미난 설정을 잘 살렸다,긍정
와니,2,"납치되기까지만 재밌고 그 이후부터는………
A급 배우와 D급 각본의 합은 B급 영화조차 되질 못했다.",부정
조경현,2.5,영화적으로나 서사적으로나 배우 황정민의 하드 캐리.,중립
여름,1,재미없는 영화를 인질로 잡혀서 본 느낌.,부정
은서,3.5,"나름 인상적인 초반부와 지루한 후반부.
김재범 짱!",긍정
폭렬여대생,3.5,"ㅋㅋㅋㅋ 재밌다ㅜ 황정민역의 황정민
시나리오는 살짝 아쉽지만 용서될정도로",긍정
샴 푸린 스,1.5,하나부터 열까지 다 뻔한 스토리~,부정
제임스딘,1.5,"인질
황정민이 황정민을 연기한다고 해서 기대했는데
이런영화에서 훌륭한 악역이 얼마나 중요한지 알게 된다.
황정민만 배우고 나머지는 일반인인 영화처럼 황정민만 프로처럼 연기하고 나머지는 아마추어같다.",부정
반성문을영어로하면글로벌,2,황정민 아저씨 기분 좋아보이시는데?,부정
독버섯,2.5,"유명하지않은 배우를 썼다고 하나
납치범중 한분은 이미 다른곳에서 봐서
몰입이 덜했던것도 있고...
같이 붙잡힌 사람도 낯익지않은 배우를 했으면 좋았을텐데
그리고 실감나게 하려면
조금더 카메라같은거를
뭔가 파란노말액티비티처럼?
감시카메라나 그런걸 활용했으면 어땠을까 싶기도
어쨌든 소재는 신선했는데 연출은
그저 그랬다.

+도망갈때 총은 왜 또버려요 .... 들고 뛰라고...",중립
임호섭,2.5,"아주 단순한 스토리로 1시간반을 끌어간다.
황정민의 연기가 아니였다면 아주 긴 러닝타임으로 느껴졌을 것 같다.",중립
메이스1,2.5,신선할 듯했지만 어느새 뻔하게. 정작 황정민 캐릭터가 넘 식상.,중립
아재소방,2.5,그냥 황정민을 보면서 영화를 보아도 될 듯..더 이상 기대하지 말고..,중립
조조는나의힘,3.5,"현실감있는 설정 사실별거 아닌 내용인데
개인기가 워낙 뛰어난 선수다.",긍정
hongveler,3,목적만을 위해 거칠게 끌고가는 호흡,긍정
OFFBEAT,2.5,황정민이라는 배우가 가진 고정적인 이미지를 탈피하기 위해 만들어진 참신한 작품,중립
평론가인척하는 사람의 주관적인 리뷰,3,소소한 재미,긍정
keorm,2.5,2015년 공개된 중국 영화 《세이빙 미스터 우》의 리메이크 작품이다.,중립
정호성(J. Gideon),3,"진짜 황정민 배우가 납치되었지만
납치되어서 하는 행동들은 영화같네요",긍정
김선장,2.5,신박한 소재,중립
이훈,3,"현실 속 인물들의 출현으로 초반 몰입감을 크게 올린 것에 비해 영화가 진행되면서 드러나는 중구난방의 전개,

영화 구타유발자 속 인물들을 벤치마킹한 것 같디만 그에 못미치는 아쉬운 연기... 하지만 덜익은 과일이라 생각하고 앞으로를 기대해보겠습니다!",긍정
쏘울핑거,2.5,본편보다 예고편이 더 흥미진진,중립
가장 나다운 생각,3,황정민이 황정민을 연기할 때,긍정
야루,3.5,스포일러가 포함되어 내용을 생략했습니다.,긍정
비우티플 Beautiple,2.5,상황만 있고 이유는 없다.,중립
kkzk999,1.5,항상보던,부정
삼순구식,2,황정민 밖에 내세울 게 없는 막장 영화 연기자로서의 황정민의 모습 밖에 못 본 것 같아 더 아쉬운..,부정
류영선,1.5,황정민의 캐리로 먹여살리려고 만든 영화임이 티나는...,부정
최소희,3.5,연기를 연기하는 황정민.,긍정
강희성,1.5,"너무하네

타인은 지옥이다에서 캐릭터 다빨고,
전체적인 스토리는 클리셰 덩어리고
도대체 황정민은 왜 출연 한거야?",부정
Feelm,2.5,하다만듯한 설정 활용과 생기다만듯한 스릴.,중립
양주호,2.5,"처음으로 비행기에서 본 영화.

#2022.6.4 서울-이스탄불",중립
정대현,3,닐 것의 황정민,긍정
박철우,3.5,"황정민이 황정민이라서 신선했던 영화, 킬링타임용으로 볼만한 것 같다.",긍정
자은,3.5,유명배우가 인질이 된다는 소재가 신선했고 킬링타임용으로 재밌게 봄 !,긍정
마태오,3,황정민만 할 수 있는 이 영화.,긍정
블루스크린,3.5,대배우는 자기 PR마저도 영화 한 편으로,긍정
x0xee,4,잔인한 거 정말 못보지만 몰입도만큼은 최고,긍정
전재욱,3.5,중간 중간 아쉬운 장면들이 보였지만 이 정도면 나쁘지 않았다.,긍정
한찬,2,"이해가 안 되는 장면들이 너무 많았다.
그저 킬링타임용으로 비행기에서 보기 딱 좋았다.
...
마지막에 사진 찍어달라고 하는 건 너무 오바잖아...",부정
한상유,3,"2022.5.27
(혼자)
황정민이 황정민 역할로 나오는 건 신선하다.",긍정
김태진,1.5,15,부정
재진군,2,"설정은 좋았는데, 연기도 좋았는데, 각본과 연출이 개판",부정
Hong S. Lee,2,황정민이 황정민 역을 맡아 황정민을 연기하지만 그 뿐,부정
황보기훈,3.5,숨쉴틈 없이 치열하다,긍정
😶‍🌫️,1,"밑도 끝도 없이 잔인해서 싫다
스릴있지도 않음..",부정
훈재,3,후하게 3점 드립니다.,긍정
악어,2,"초반의 현실감, 후반에는 너무 뻔~해요",부정
이수영,3,"개연성보단 스릴
초반부 스릴 좋았ㅈ만 후반부로 갈 수록 개연성은 떨어지고 황정민 “배우” 역할이 보이지 않아 아쉬웠다",긍정
신성욱,2.5,익숙한 장면들의 조합 그러나 그럭저럭 버무렸다,중립
한지수,2.5,너무 잔인...,중립
황혜선,3,황정민 배우님 ㅠ 조심하세여,긍정
kjh21,2.5,"배우 황정민이라는 설정을 돈 많은 재벌로 바꿔도 큰 문제가 없어보인다.
그정도로 배우 황정민이 납치됐음에도 영화는 큰 특색없이 뻔하게 진행된다.",중립
사염,2.5,"곧게 나가다가 흔들리는 캐릭터들, 또 핸드헬드의 미친 흔들림과 어지러운 나.",중립
Pied piper,4,욕이 너무 많이 나와... 넘 무서워,긍정
태준,2.5,"이런 범죄 스릴러 영화를 좋아하고 영화 평가에 후한 편인데 초반 빼고 정말 아쉬웠다.
경찰 배우분들 연기같은 부분뿐만 아니라
개연성도 조금 부족하다고 느껴졌고
전체적으로 중후반이 답답했다.",중립
박지나,1,난 트레일러에 속았다,부정
헤주주,1,진짜 싫은 요소가 너무 많은데.... 일단 이런 재밌는 소재를 가지고 황정민에 초점을 맞추는게 아니라 범죄자들에게 너무 많은 비중을 쏟아서 망함,부정
Ji_woneez,3,그냥 황정민이 황정민한 영화.,긍정
bronine,3,한물 간 설정들을 뜻밖의 연출로 살려내다.,긍정
성규동,3,무난한 인질극이 아니었던 괜찮은 시도.,긍정
해달 sMinis,2.5,실제 배우 팔아서 만드는 영화라면 이보다는 좀더 성의있게 만들어야하지 않나 싶다,중립
성훈,3,"예상외로 진지한 범죄영화.
사실 이야기 자체는 평범하나 배우가 본인을 연기하면서 신선함을 느끼고 더 집중할 수 있게 한다.",긍정
숙구,3,설정은 좋은데 악역이 너무 안 무서움.,긍정
워뉸재,3,신선...은 한데... 흠..,긍정
제로니모!,3.5,"내용을 들었을 땐 기대가 안됐지만
역시 빌런이 장르를 훌륭하게 만들어줌.",긍정
이정재,2.5,클리셰를 인질로 잡은 스릴러 5,중립
차지훈,1,한 줄짜리 시놉시스가 영화의 유일한 재미.,부정
김대현,4,형식 자체가 인상적,긍정
Finnegan,0.5,연기가 문제냐 연출이 문제냐,부정
마왕,1,"인질범들이 소리만 지르고 눈에 힘만 줄 뿐
무능력하고 허술하니 몰입이 되지 않는다",부정
북극하이에나,3,"실제배우가 납치된 신선한소재. 이런일이 발생할수도 있겠다는 생각이든다. 볼만한영화.
-22.3.6.-",긍정
혜 성,2.5,클리셰 덩어리,중립
채리,3.5,소재도 신박하고 배우들 연기 감탄하면서 봄ㅠㅠ 연예인들이 경호원 데리고 다니는 거 납득 오나료,긍정
나츠,3.5,"설정 자체가 신선했고 다들 연기 너무 잘하고... 형사 이름 말할 때 대박임; 글고 이유미 연기 너무 잘해...
근데 연예인들 개피곤하겠다 진짜 ㅠ",긍정
천성식,3,칭찬할 만한 영화. 대니 보일 내지는 가이 리치 느낌도 나는 실험적인 작품. 아쉬운 부분보다 칭찬할 부분이 많다. 김재범이 상당히 인상적이었으며 이호정은 나중에서야 알았다.,긍정
김준혁,2.5,시작만 다를 뿐 전개와 결말을 포함해 작은 부분들까지 모든 부분이 익숙하다.,중립
민 주,3,탑스타 납치사건이라는 흔한소재를 긴장감 있게 잘,긍정
신우재,2.5,"번뜩이는 리얼리티가 돋보일 뻔 했으나, 강한 동력과 에너지를 다소 벗어난 방향으로 방출한다.",중립
왕도균,2.5,딱 킬링타임용 끗,중립
네모로 배우는 세상,2.5,이젠 대한민국 경찰의 활약상 좀 보고 싶다.,중립
l00K,3.5,황정민이 황정민했다. (말 그대롭니다),긍정
이용자,0.5,"형사 외엔 여캐 활용 최악
이럴 줄 알았다",부정
bbo,3.5,황정민을 위한.,긍정
김연석,3,가상과 현실의 경계가 끝까지 모호했더라면,긍정
탄호빵,3,황정민이 납치를 당했다. 영화속 인물로써가 아닌 배우 박정민으로. 이러한 설정이 초반 몰입을 좀더 도와주고 개연성을 부여해준다. 그리고 캐릭터들의 연기에 모든 것을 쏟아낸 영화.,긍정
b22n,2.5,미묘하게 자꾸 엉성하다,중립
상록,3.5,연기자 황정민의투혼에 감탄했어요,긍정
심슨,3,황정민배우가 본인을 연기한다는 설정이 생각보다 작품 상에서 별로 사용되지 않는 느낌이고 악역에게는 ‘왜’라는 질문이 너무 많이 생략되어 있고 그리고 결정적으로 영화의 모든 상황이 과연 인질극이 맞나 싶다.,긍정
김승재,1,감독이 인질로 잡혔나. 이런영화를 만드네,부정
YS,1.5,좀 너무 쓸데없이 자극적이지 않았나,부정
byulbyulbam,1,"<차인표>(김동규, 2021)는 그의 진지함 뒤의 이면을 저렴함으로 착각하여 촌극을 만들었다. 반면, 황정민이 황정민을 연기한 <인질>은 영화와 현실의 접점을 만든다. 황정민의 영화들은 <인질>의 황정민을 만드는 주요 요소로 작동한다. 황정민의 행동과 대사에 주목하게 하는 제한된 공간 설정은 효과적이다. <차인표>는 이 부분에서 저렴함을 언급했다면, <인질>은 기존 황정민을 재사용한다. 기존 대사와 캐릭터들은 현실과 영화의 이질감을 최소화하기 위해 적극적으로 사용된다. 분명, 이는 장점으로 관객의 몰입감을 이끌어낸다. 그러나 이 영화가 황정민을 재해석했는지에 대해서는 의문이다. <인질>에서 황정민은 황정민으로 존재할 뿐, 그 이상도 그 이하도 아니다.

(2022.01.01.)",부정
깐깐징어,3.5,"아이디어 좋고
스토리에도 잘 녹였다.",긍정
Jeesue Choi,0.5,"있을 건 다 있는데.. 없었으면 하는 것도 너무 많다.

설득력 없는 멍청한 악당 패밀리.
멤버 구성도 너무 뻔하고 여자 악당은 섹스신 찍고 가슴 까고 죽이는걸로 소모해버리는 클리셰. 배우가 아깝다ㅎ 연기하면서 현타 왔을 듯.
느닷없이 튀어나오는 취업난 현실 고증(?)도 뜬금 없다.

진짜 이런 거 이제 그만 만들어 제발... 2021년 영화 맞냐고",부정
Seungeun👼,3.5,딱 킬링타임용!,긍정
안성현,3,"<세이빙 미스터 우>라는 영화를 원작으로 하는 리메이크 영화.

'이 역할에 어울리는 배우가 얼마나 될까?'라는 질문에 쉽게 답하기 어려울 정도로, 대중성이나 친숙도 측면에서 황정민이 지니는 의미를 다시 한번 생각하게 된다(그 외에는 하정우 정도?).

설정이 독특해서 초반부 몰입감이 괜찮았고, 리얼리티 측면에서도 어느 정도 설득력이 있었다. 잘 알려지지 않은 배우들을 보는 재미도 있었다(다만, 황정민의 연기와 다른 배우들의 연기 사이의 괴리감은 있었다).

아쉬웠던 점은 후반부로 가면서 지루함이 느껴졌고, 잘 짜여진 영화를 볼 때 느끼는 쾌감 같은 것은 없었다. 하드보일드 스타일로 인해 킬링타임용으로도 살짝 부담스러웠다.",긍정
SOWON,2.5,"황정민이 황정민 했다. 비슷한 캐릭터가 몇 년째 이어지니 흐름이 예상 가는 건 당연지사.
소재의 참신함에 <폰 부스>를 기대하며 봤으나 중반에 접어들며 흔한 한국 깡검형 영화의 추격전으로 이어진다.
극을 끌어가는 힘과 몰입도가 좋아 킬링 타임 용으로는 만족스럽다.",중립
고담시귀요미(설원),0.5,"진짜 황정민과 카페알바생의 연기에 별 준다..
악당들이 너무 멍청하다
진짜 에라이..스릴이 아니라 답답함만이 느껴졌다
이 영화는 정확히 배우 황정민의 피랍사건인 페이크다큐스타일의 접근방식인 점 빼고는 1000% 진부하다..
영차영차 발전해나가는 한국영화계 바짓가랑이를 붙잡고 망작구렁텅이로 끌어내리는 물귀신같은 영화. 이게 의도였다면 성공이고.
낡고 구리다..",부정
밸밸,2,그럭저럭 크리스마스영화였다,부정
Nana,2.5,좋은주제라도 익숙함을 넘어서는 건 어려운 것 같다.,중립
Vongvong,3,신선한 얼굴들 보는 재미가 있음,긍정
이지현,4,"특이한 소재는 아니지만, 짧고 알찼다
- 211218 N DD",긍정
이성민,1.5,아무리 별로인 영화를 봐도 '이런 건 나도 쓰겠다'는 생각은 거의 해 본 적이 없다. 작가 개개인의 개성이 다르고 그것이 좋든 나쁘든 결국 완전히 따라하는 건 불가능하니까. 이 영화는 예외였다.,부정
YNWA,3,군더더기 없이 깔끔하네....막판에 스케일을 억지로 키우려는 것만 빼고는....,긍정
이준희,3.5,클리쎄라도 쫄깃,긍정
나래🎈,3,익숙한 전개이긴 하지만 보는 내내 몰입도가 떨어지는 건 없었음,긍정
왓챠말고와쳐,3.5,"일단 진득하게 치고받고 싸우는 장면도 볼만했고, 유명인이 인질로 잡혀야 하는 상황이라 배우를 배우 역할로 하는 스토리도 볼만했고, 그리고... 볼만했고...",긍정
kimsung__,2,아이디어의 본전도 회수 못 한 공중에 떠버린 졸작.,부정
왕자님 여자친구,3,뻔하지만 재미있는,긍정
릴오벨,3,뭔가 진짜 있었던 사건같네!,긍정
투팍,2.5,"연극이면 더 잼날,,",중립
최혜린,3,스포일러가 포함되어 내용을 생략했습니다.,긍정
NICOLE,2,"컨셉은 좋다. 컨셉만 좋다. 아무 동기도 설득력도 없이 때려뿌시고 괴롭히는 거 이제 그만...
(211212)",부정
혀니,2,황정민이어야 할 이유가 하등없다.,부정
강원,2.5,스포일러가 포함되어 내용을 생략했습니다.,중립
성인,2.5,납치범들이 스스로 무너지는 것이 실망스러웠다.,중립
훈짱,0.5,그냥. 킬링타임용 영화.,부정
과자,0.5,퉷,부정
리키,3,생각보다 강하네,긍정
창인,3,신선했지만 진부했다.,긍정
ChangHeePark,1.5,신선한 설정과 시원한 카메라워크. 그러나 불멸의 최기현으로 인해 몰입이 안된다.,부정
노감자,3,서도철이 아닌 리얼 황정민을 데리고 오시길,긍정
Yong Kim,3,할 말만 하고 빠질 줄 아는 영화도 필요하다. 후배들에게 제대로 판을 깔아주는 선배는 더더욱 귀하다.,긍정
ㄷㅋㅎㅇㅅ,2.5,언리얼,중립
항그,2,"신선은 했다만..
퀄리티가 졸업작품~저예산 독립영화 늑김...
2021.12.4 남친",부정
Sunwoo  Park,3,"황정민 연기에 한동안 질렸었다.
이번 영화에서 빛나는 순간이 두군데 정도 있었는데
이 장면은 그가 아니면 절대 영화를 살릴 수 없었을 것이다.",긍정
오몽🍊,3,잠깐 재생 눌렀다가 몰입력 무엇..,긍정
슈슈,0.5,"이거보고 더욱더 우리나라 경찰이 총을 써야한다는 생각이 굳게 자리잡음
답답해 뒤질뻔 했네
예전에 악역 연기하면 길에서 욕 많이 먹는다는 인터뷰 봤는데 왜 그런지 알거같음 범죄자 연기한분들보면 패고 싶을 듯",부정
김승언,3.5,"배우 본인을 영화에서 연기하는 작품이라면 대부분 그 배우의 인간군상이 나오길 기대하고 보는 나로선
영웅 황정민이 나오는 장면을 보면서 굳이 황정민 본인을 연기할 필요가 있엇나 싶다
그에반해 영화적 긴장감은 제법이다",긍정
natural_alice,2,"어리숙한 납치범 캐릭터들의 향연.
뻔한 구성과 놀랍지 않은 결말",부정
MJ,4.5,이유미! 그리고 최기완 역의 김재범 배우 대단하다.,긍정
혜굥,2.5,다 보고 나면 입에서 피맛 나는 거 같아요,중립
현팍,2,♡,부정
박재홍,2.5,후반부가 조금만 더 똑똑했다면,중립
0점사격,2.5,"설정만 좋고, 지겹다",중립
토라진,3,인질범들 나보다 착한 거 같애,긍정
랑호,2,황정민 역만 신선,부정
사공공이,3.5,"황정민이 황정민을 연기한다.
리얼리티가 좀 더 살아있었으면 좋았을텐데 뻔한 설정과 진부한 캐릭터에서 가짜티가 나 몰입을 방해한다.",긍정
준소쿠,3.5,"폰부스처럼 시원시원한 전개
와일드카드3인방을 능가하는 미친3인방도 좋다",긍정
JoonSuhGiulioPark,3.5,다른 건 몰라도 황정민의 연기와 캐스팅은 인정,긍정
No.1 Jun K,3,황정민이 황정민했다,긍정
쭈니,3.5,"황정민씨
트라우마 극복 할 수 있을거예요!!
복귀 화이팅!!",긍정
유태,2.5,기완이 페이스만큼 연기를 잘했으면 좋았을텐데,중립
김홍서,2.5,아이디어는 좋으나 그것을 실현시키는 에너지의 부재,중립
대낮에도꿈을꿀수있기에영화를본다.,2.5,"그런데 주인공이 마동석이었다면…
넷플릭스",중립
민주,2,리얼함을 무기로 하고 영화에선 잘 쓰질 못하네,부정
박현우,1.5,생각없는 악행은 같잖아 보일 뿐,부정
마당발,3,"지루했던
무의미했던
마지막 결투씬",긍정
허준호,2,중반부 도망칠 때 잘 갖고 있던 총이 아무 이유없이 납치범들에게 넘어갔을 때부터 집중력이 떨어졌다. 그 이후 어설픈 설정들은 말할 것도 없고. 좋은 영화는 디테일이 강해야 한다.,부정
JiYongPark,1,"긴장감 한 스푼, 어거지 한 스푼 반...사회의 범죄상을 녹여내려 한거 같았지만 잘 녹아들지 못한 시간채우기 느낌의 내용.",부정
허국호,3.5,생각보다 별로… 뻔한내용,긍정
이e2,4,깔끔하게 만드신듯 재밌게 잘 봤습니다~,긍정
노긍정선생,2.5,"왜 굳이 실존인물 '황정민'을 설정했는지
납치의 이유가 뭐였는지
영화 끝나니까 궁금함.",중립
2_Jar,1.5,그러면 안 되는 거잖아요!!,부정
YS.OH,3,연극같은 느낌 (나쁜 의미가 아닌 좋은 의미로)을 주는 몰입감. 캐스팅도 신선하고 좋았음^^,긍정
니콜라이,3,"원작을 재밌게봤었고 유덕화의 팬인지라
황정민작품도 기대하고봤는데 연기는역시나무랄데가 없었다 단지 한국영화특징인 권선징악과 주인공이끝낸다는 레파토린 여전했다
씬스틸러 샛별이가 기억에남는다",긍정
수연,3,"중간 중간 황정민 연기가 돋보였고 마지막장면 놀램~,",긍정
unfilm,3,황정민의 독주를 막는 걸출한 신인들의 독기.,긍정
황수호,2.5,황정민은 정말 대단한 배우다,중립
수짱,2.5,"외유내강에 기대하는 기본이 있다

시원하게 깨부셔주는 것

근데, 실제 황정민은 액션배우가 아니잖아
거기에서 오는 괴리감이 액션영화의 몰입감을 깬다",중립
ring123kr,1.5,"얼마전 본 영화 차인표와 겹치는 영화
실제 인물과 가상 상황의 연결로 보다 현실감을
주려하나 왠지 더 일어날 수 없는 상황 같은
느낌이 나는 건 왜일까",부정
EJH,2,안 뻔하고 싶은 설정 위에 뻔한 장면과 스토리를 이어붙이는 모순.,부정
베런,2.5,이래서 내가 배우를 안함.,중립
하얀너구리,2,"인물 하나만 리얼리즘.
도무지 몰입이 힘든 황당함의 연속. 영화이니 그렇다? 그럼 진짜 이름은 왜 빌려왔대.",부정
IM,3,웃길라고 안간힘을 쓰는데 안웃김...,긍정
다크나이트,2,신선하고 과감한 설정과 선택. 진부하고 안전한 연출과  각본.,부정
강명준,2.5,"맵고 짜고 뜨거운
자극적이고 공격적이지만 감칠맛이 부족한
눈살이 찌푸려지는 똑똑하지 못한 범죄과정",중립
김현범,4,"2021.11.3
시리즈온",긍정
CGV,3,특색있는 인물들을 고르게 분산시켜서 다 돋보이게 만들었다.,긍정
Jim Pak,1.5,언젠가부터 황정민의 모든 것이 식상해졌다.,부정
이태경 Lee Taegyeong,2,5만원짜리 좌석에서 봐서 인질 잡혔던 영화,부정
CHOPA,3,더 잘 만들 수 있지 않았을까....?,긍정
윤준서,2.5,초반의 기세를 끝까지 가져갔으면 좋을것 같다,중립
료타,3.5,신인. 베테랑. 연기. 대결.,긍정
Tai Woo  Jung,3,"생각보다 재밌다
짧아서 더 좋다",긍정
MADOSMIK,3.5,"죽은 캐릭터가 하나도 없고, 의미없는 시간이 1초도 없는 것 같은 너낌적 너낌쓰
엄마와 211029",긍정
숨(은)뮤비,3.5,"기대안했지만 의외로 전개가 재밌었던 작품.
가볍게 보기 좋은 영화.
배우들의 연기가 돋보인 작품.",긍정
최성현,1,와 이건 좀 심한데,부정
BongsFamily,3,"반짝반짝 빛나는
후배들을 위하여
차가운 세상에서
황선배가 개고생",긍정
공짜냥,2.5,나름 괜찮은 설정을 제대로 마무리 짓지 못한 채로 과속을 해버리니 영화가 스스로 무너졌다.,중립
김석봉,3,"이런 cj 상업영화를 보며 울거라곤 상상도 못했다고요

나는 삶의 의지가 보이는 영화가 좋더라 ~",긍정
문대민,3.5,21.10.26,긍정
따뜻한개소리,2,용두사미,부정
후루둥,3,본명에서 오는 몰입감과 이질감 사이.,긍정
ㅇcㅇ,3,"나도 같이 납치당한 거 같이 숨 막힌다
틈 보일 때마다 반격했으면 얼마나 시원했을까 생각해 본다
그리고 그라운드 기술을 알아두면 좋겠다 싶다",긍정
주현정,2,황정민 빼면 다 별로다,부정
성준,1.5,황정민 하드캐리,부정
Eunji Jeong,3.5,납치범들에 대한 설정이 조금 과한 것 빼고는 전반적으로 지루하지 않게 진행되어 재밌게 봤다,긍정
범스,1,끔찍한 영화,부정
노네임,3,"날것의 범죄영상을 지켜보는 것 같은 출연진들의 생생한 연기가 이 영화의 동력일뿐, 줄거리의 짜임새는 부족하다.",긍정
나는나고,4,황정민 활용 백십프로를 해낸 입봉감독의 패기,긍정
서영,4.5,전개가 막 빨라서 재밌음 진짜 싸이코도라이데려다 찍었나요 얼굴색이 찐도라인데,긍정
stillwalking,1.5,개연성이 넘 부족,부정
참치네🐳,4,몰입감 갑!,긍정
달세계 여행,1,인간(배우인간) 황정민이 납치되면 이라는 설정에 날것의 느낌을 줄줄알았것만 도식적인 진행과 뻔한 연기하는 배우 황정민,부정
해환,2.5,"만듦새가 아쉬워도, 실제 인물을 끌고와 몰입도는 괜찮았음.",중립
김광희,3,이런 일이 과연 일어날까 하면서도 한편으로는 충분히 일어날 수도 있을법한 영화. 딱 타임 킬링용이기도 한듯,긍정
Hoo,3,배우 황정민이 납치를 당했다,긍정
악어새,4,"황정민과 박성웅 모두 좋아하는 배우인데, 스크린 속에서 실제 배우를 만나는 듯 한 신선한 느낌의 영화 !! 신세계의 명대사들이 감초처럼 영화 중간중간에 나와줘서 너무 반가운 느낌도 들었음 !!",긍정
상원,0.5,아직 다듬어지지 않은 듯한 각본에 툭 황정민만 던져 넣고 시작했다.,부정
김승환,3.5,"황정민의, 에 의한, 을 위한 영화임을 알고 봐도 빌런이 주는 신선함 덕분에 재미는 꽤 있다.",긍정
사탕,0.5,씨컵도 처음 보고 이런 영화도 처음 본다,부정
강현규,3.5,"몰입감 좋은 연출, 보기 편한 줄거리, 재밌는 상업영화",긍정
hong,3,아사리판이구만.. 황정민을 황정민으로 사용해서 얻은 효과가 몰까.. 홍보? 악역도 너무 그냥 악역 같애서 별로,긍정
고분자연구실,3.5,어르신의 말에 귀를 기울이자,긍정
싸바,2.5,흔한 장르에 아주 약간의 메타 소재. 어디서 본 것 같은 장면들로 차곡차곡 쌓아올린 낡은 이야기.,중립
진입금지,2.5,신인배우들의 연기가 인상적,중립
이진구,3,"뭔가 요란해 보이지만
아주 단순한 범죄 영화였다.
단순한 범죄 상황으로
친숙한 배우들을 통해
극한의 상황을 공감하게
만든 연출은 칭찬하고 싶다.
덧붙여, 여형사 역할은 옥의 티",긍정
도도무비,2,얼개가 아쉽긴 하지만 황정민 아니었으면 누가 와도 이런 느낌 못냈을 것 같음.,부정
PH,3,21.10.10,긍정
Timothy H,4,스포일러가 포함되어 내용을 생략했습니다.,긍정
한유진,3,2021.10.06,긍정
이지윤,2,2021.10.07 집,부정
만추,3.5,할아버지 전화 무시하지마라.,긍정
Joy Ful,3.5,몰입도가 좋았던 영화,긍정
Egu,2.5,"""돈 많은 대스타가 떡하니 나오는데 그냥 보낼 수가 없잖아.""",중립
김준혁,4,색다른 느낌의 영화 볼만 했다.,긍정
김용석,3,"황정민씨 연기 진짜 잘하시네
몇몇캐릭터는 아쉽..ㅜ",긍정
강창민,3,접근만은 신선했다.,긍정
박만복,4,늘 보던 조연들 대신 새로운 얼굴들이 많다보니 실감나게 느껴진다,긍정
Sol,2.5,"어차피 금방 무너질 현실성 처음부터 가짜 같는게 낫지 괜히 짜증지수만 높아짐
그리고 정우성 이후 오랜만에 욕설연기 어색",중립
가니간스,3,배우가 자신을 연기한다는 아이러니하지만 묘한 재미를 느낄수있었다,긍정
이창현,3,황정민을위래서 그랬나. 총 놔두고 머하니?,긍정
이태성,3,"담백하게 그렸네
러닝타임 마음에드네...",긍정
alsjo,3,뻔한 황정민 영화라고 생각했는데 새로운 도전이었지 싶다,긍정
mcinre,3,"신선한 시도의 성공적인 구성, 리얼한 소동극",긍정
싸이코,3.5,"영화상영시간을 더 늘려서 인질범들의 각 개인과 편의점직원, 경찰, 여자인질등의 캐릭터를 더 디테일하게 표현했으면 영화의 완성도를 더 높일수 있었지 않을까 싶다
뭔가 급하게 찍은듯한 느낌을 버릴수 없다",긍정
캐스퍼,1,2021.10.04,부정
박광재,2.5,되도록 사실적이게 질주하려는 모습이 돋보인다,중립
드닐,3,"정말 딱 별3개

자극적인 장면들때문에 그만보고 싶었으나
그래도 끝까지 봐야지 하고 참고 완주 했음

약간 아쉬웠으나 최선을 다해 만들었음이 느껴짐",긍정
홍마초,3,중반까지는 갓,긍정
No Mad,3,"범행의 동기와 목적이 선명하면,
공포와 긴장이 무너진다.
하네케의 '퍼니게임'을
다시 보기 바란다!
2021.10.03.187",긍정
김형태,3,신박한 진부함.,긍정
엄첼,1.5,코로나 시대라고 봐주면 안 될 품질의 저하,부정
박찬수,2,"황정민 원맨쇼

어리바리 납치범
똑똑한척은 다하는데 사실 별거 없음

가볍디가볍다",부정
마니아#,4,"참 영화를 전문적이고 객관적으로 보시는분들이 많구나
액션/스릴러 영화로써 괜찮고 또 보라면 또볼거같은 영화인데 말이지
새로운 배우들의 연기들도 괜찮았고...
영화제목을 그냥 '황정민'으로 했어도 좋았을듯",긍정
Vicky Kim,2.5,중간까지는 스릴 있었는디 점점..,중립
힘을내요미스터킴,3.5,박진감 넘치는 차량 추격씬,긍정
kh3,2.5,새로움을 표방하기엔 새로운 맛이 없다,중립
Sue,3,"예상을 벗어나지않는 캐릭터와 스토리
집에서 킬링타임 굳ㅎㅎ",긍정
전지훈,3,가성비 좋은 영화,긍정
Style,3,"영화 시나리오에 충실했고 현실에서도 그럴법하게 충분히 일어날수 있는 일이고
순수 연기력으로 매듭 지었고 그게 다다",긍정
이렇듯,2,"범인들은 왜 저렇게 분노가 많은걸까.
악한 건 멍청한 걸지도.",부정
오마추,2.5,뭘 말하고 싶었던 거야?,중립
스치,1.5,뻔한 범죄 영화에 배우 한 명만 넣어보았다,부정
깅스이,1.5,?,부정
정욱,1.5,ㅠㅠ,부정
하나🌸,2,애먼 사람만 뒈지는 영화,부정
공대너구리,3,"신인을 발굴하기 굉장히 좋은 플롯인데
캐릭터의 부재인지 연기력의 부재인지
결국은 황정민만 남아버렸다.
말 그대로 황정민이 황정민한 영화라 조금 아쉽다.",긍정
문수,2.5,"황정민이 연기하는 황정민, 신선함은 딱 10분",중립
dltcmal,2,"이것저것 가져다 쓴건 보이는데...

조연들의 연극같은 대사와 억지 상황들
211002",부정
Juho01865,2.5,황정민이 황정민을 연기하네,중립
영화 중년,4.5,"20211002 기대이상으로, 꽉찬 재미가 있네",긍정
권태용,3.5,"평점 참 야박하다.
지존파야?",긍정
Ilk,1.5,하나마나한 컨셉,부정
graystyle,0.5,안타깝다,부정
가승현,3,하다하다 자기 자신을 연기하는 마리오형,긍정
오세훈,2,"배우를 그대로 스크린에 밀어넣었지만, 그것으로 얻는 이점을 찾기 힘들다.",부정
Dom,1,"이런영화를 보면 화가 난다.

좋은 배우를 낭비하는
개연성 없는 연출.

화가난다 화가나아아~~~~!",부정
오창혁,2.5,황정민이 오줌싸는 순간부터 영화의 성격이 달라지고 평점이 내려간다.,중립
노스토스,2.5,K- 무비 남우들의 스펙트럼이 좀처럼 넓어지지 않아서 인질처럼 답답하다.,중립
영준,3,현실과 영화 그 사이에서......,긍정
무비무환,3,"좋은 재료에 조미료를 한가득 넣으니,
속이 더부룩하다.",긍정
gamchilmatt,2,"괜찮은 아이디어 같은데, 풀어내는 과정이 너무 아쉽다.
특히 납치범들 너무 극단적 또라이 혹은 싸패로만 설정한게 제일 아쉽다. 좀더 심리적으로 옥죄어가면 좋았을텐데… 너무 단순하게 풀어가려다보니…오히려 몰입을 방해한다.",부정
이관렬,3,"짧고 강렬했다.
러닝타임 내도록 긴장감을 유지 할 수있게 해준다.
작품성이 높은건 아니지만 몰입감 하나만 놓고봤을땐 상당히 높은편에 속한다.
권선징악의 흐름으로 진행될 뻔한 흐름이라 빌런들이 나중에 받을 참교육을 상상하면서 보게된다.",긍정
7호선,3.5,황셉션의 연기 속 연기…!,긍정
초구병살,3,클리셰에서 벗어난 듯 하다가도 또 클리셰를 따라가더라,긍정
송우진,3,"아 설정 너무 재밌네 ㅋㅋㅋㅋㅋㅋㅋㅋㅋㅋㅋㅋㅋ 설정만. 그리고 황정민만~
감독과 조연배우들이 황정민을 따라가지 못 한다.",긍정
박규준,0.5,참다 참다 껐다,부정
방울터메이러,3,기대 이상.,긍정
박봉추,2.5,"돈 내고 황정민 학대쇼를 보다니ㄷ
오징어게임 vip된 기분..",중립
영화보러 가는길,1,"황정민이 황정민으로 출현하는 독특함.

초반을 지나고 나면
모든 등장인물의 캐릭터가 없는게 부각.
그나마도 잘 살려주지도 못하고
그냥 험상궂은 표정만 지어대면서
자신이 악역임을 나타냄.
경찰은 더 가관. 능멸 수준.

어차피 길게 끌고 갈 힘도 없었지만
그나마 러닝타임을 짧게 가져간 부분에
가장 큰 박수.",부정
Actinium,2.5,싱싱할 수 있었는데 굳이 이걸 편하게 간다,중립
송형경,1.5,아이디어만 좋음,부정
June,1,연기는 열심히지만......,부정
푸핫,2,원작에서 가져온 컨셉만 있고 알맹이는 없다.,부정
왓더,3,"/90분 러닝타임으로 짧게 편집한 건 그나마 잘했다. 길었으면 더 지루해질뻔 했다.
/황정민의 연기는 실패다. 영화적 연기와 현실 상황 연기에서 차이점이 전혀 없어 보는 재미가 없다.  연기적 고민이 너무 적었다.
/빌런의 미스캐스팅. 알려지지 않은 신인의 캐스팅은 잘 했지만, 배우로서 너무 매력없는 페이스를 캐스팅했다. 혐오스러워도 매력적인 얼굴을 찾았어야한다.
/아무리 유덕화 실화를 바탕으로 리메이크 한 영화라고 해도, 빌런과 주인공의 심리적 대결의 깊이가 하나도 없다. 3막에서 왜 황정민과 빌런의 일대일 싸움은 아무런 감정도 느껴지지 않는가? 두 사람의 내밀한 대화씬을 최소한 설정해줬어야만 한다. 왜 빌런은 황정민에게 아무런 감정이 없는가? 이런 드라마를 왜 봐야하는 지 모르겠다. 아무 동기 없는 폭력성을 하네케처럼 그리려 했다면 폭력의 쾌락을 더 중점적으로 팠어야한다. 결론적으로 연출자는 아무런 의견이 없이 영화를 만들었을 뿐이다.
/배우를 납치했을 때 빌런은 미저리처럼 황정민에게 집착할 수 도 있었는데, 그러한 심리싸움을 전혀 그리지 않아서 헐렁한 영화가 또 한편 나왔을 뿐이다.
/편집과 촬영이 아무런 컨셉이 없어서 기억에 남는 장면이 단 한 컷도 없다.",긍정
Mr Robot,1,이건 선 넘었다~ ㅈ같은 영화의 한획을 그었구나,부정
무비헌터,2.5,"황정민의 필연적 '메소드 연기'
냉혈한이라고 감정이입하기엔 조금 과한 악역들의 연기",중립
Seo in,0.5,"누군가가 고통받는 모습을 보며 스릴을 느껴야 한다. 이런 불쾌한 긴장감을 느끼는 오락 영화는 더이상 보고 싶지 않다. 영화가 주고자 하는 메세지도 없고, 기분 나쁜 찝찝함만 남았을 뿐.",부정
최광호,3.5,"판타지스러운 설정에 현실감을 넣어주는 황정민의 연기력은 진짜
중간중간 보이는 자기작품의 셀프패러디는 덤",긍정
SeungHoon Cho,1,총은 장난감이지,부정
불 함 붙이봐라,2.5,황정민이라는 실존인물이 납치된 영화를 찍으려고 했으면 납치범들도 스테레오 타입이 아닌 리얼리티 넘치는 캐릭터로 만들었어야 했지 않나?,중립
PLAN,3,황정민의 캐릭터 외 소비되는 캐릭터가 아쉬웠지만 충분했다. (영화 차인표가 걸었어야할 길),긍정
심재영,3,몰입도 높고 배우들이 연기를 정말 잘한다. 충분히 더 잘 풀어갈 수 있지 않을까? 생각이 드는 부분도 있었지만 황정민이 황정민을 연기하는 소재 자체가 재미있어서 흥미진진하게 관람할 수 있었다,긍정
이동석,3,몰입감은 좋았지만 예상가능한 스토리,긍정
Seong Jin Jeong,2,황정민만 현실이고 주변은 온통 비현실..,부정
Jin,2,"치졸하고 짜증스러운 악역들이 어떻게 보면 현실적이긴 하지만, 영화적으로는 글쎄...",부정
태지니,2.5,배우가 주연인...그냥 인질 범죄영화...그냥저냥....,중립
왕밤빵,2.5,쉼표 찍고 갈려다 마침표 찍을 뻔,중립
BONG K,1.5,"인질의 가장큰 약점은 예상이되는
황정민의 연기패턴이다",부정
노승현,4,"이런 캐스팅에 이정도 박진감이면 엄청난 수작 아닌가?

차량 추격씬 만큼은 아수라 다음으로 제일 좋았다.",긍정
이승진,3,결국 탈출 할 수 밖에 없는 '황정민'의 치열한 사투,긍정
묵묵,2.5,중구가 시키드나,중립
산딸기,2,"황정민은 기대이상, 그 외엔 기대 이하.",부정
orangesong,3,"처음부터 끝까지 분위기를 잘 살려 나간다
배우들의 연기도 좋다
머 나쁘지 않은데
의문을 갖게 되는 몇가지것들.
-철제 접이식의자에 완전 묶인채 등으로 넘어졌는데 다시 일어서는게 가능한가 ? 가능하더라도 의자가 멀쩡할수 있는가 ?
-덩치큰 악당은 왜 잡히고 혀를 깨물었는가 ?
-기완은 폭탄이 터진곳에 경찰들과 같이 있었는데 그곳에서 어떻게 자기만 멀쩡하게 도망칠수 있었을까 ?
-도망친후 수갑은 안풀고 총만 가지고 오는 멍청함은 무엇인가?

이런 의문이 쌓이고 쌓여 좋은영화가 그저그런 영화로 그저그런 영화가 보기 시간운 아까운 영화로 되는것 아닐까.",긍정
애룡,1.5,"1. 대사와 설정에도 불구하고 도무지 현실감이 없다. 영화속 현실을 구성하는 설정(영화계, 경찰서 등)이 대중들이 딱 상상 가능한 디테일들로만 이루어져 있다보니 몰입이 힘들다. 현실성을 위해 얼굴이 덜 알려진 배우들을 쓴 것 같은데 대사가 상투적이다보니 딱히 효과는 없다. 연출이든 촬영 방식이든 리얼함을 높일 수 있는 고민을 더 했어야한다.

2. 상황을 던져놓고 딱히 이야기를 진행할 동력이 없으니 악역들을 혐오스럽게 만드는 방법으로 앞으로 나아간다. 평면적인데다 도구적인 악역들은 연기마저 전형적이라 짜증을 유발한다.

3.성대모사를 제외하면 딱히 황정민이라는 배우의 아이덴티티를 고민하고 활용한 지점은 거의 없다. 물론 이해는 간다. 배우를 특정하고 시나리오를 쓸 수는 없었을 테니.

4. 아무리 그래도 중반 이후의 내용 전개는 너무하다. 폭탄 트랩도 그렇지만, 경찰들이 아지트로 몰려가는 중에 낯선 노인의 신발을 보고 진로를 바꾸는 장면은 너무 했다.

5. 최기완 캐릭터는 정말이지 너무 했다. 연기뿐만 아니라 머리스타일까지도 나열한 영화의 단점을 아주 상징적으로 보여준다.

6. 현실의 황정민 배우가 아주 조악하고 엉성한 삼류 드라마 속 세계로 떠난 여행 같다.",부정
영화 보는 곰티,3,"+황정민 납치범들 중 대장인 최기완 역의 배우 김재범이 인상 깊었다. 웹툰 '타인은 지옥이다'의 드라마 버전에서 이동욱이 맡았던 캐릭터를 이 배우가 했다면 더 어울렸을 것 같다.
+자동차 추격씬이나 폭발물 사용, 총격씬도 썩 나쁘진 않았다.
-배우 황정민이 본명 그대로 본인 역할이지만, 어디까지나 황정민 본인이라는 허구의 '캐릭터'를 연기할 뿐이기에 썩 감정이입이 되지는 않았다. '드루와 드루와' 나 '밥상 멘트' 같은 것도 황정민 본인이라는 점을 어필하기 위한 장치이지만 그닥 효과적이진 않았던 것 같다.",긍정
AliCE,1,황정민이 황정민이라는 오점을 남기고 싶었다는 이유 말곤 설명이 안 된다.,부정
잔인한詩,2,"근데 유덕화, 차인표 등
본인 이름 걸고 찍는 것 차용했나?

어쨌든 황정민은 배우의 역량을 발휘해서
박성웅에게 지난 작의 형사 이름이 기자 이름이라며
인터뷰 못간다 암시하고
인증서 비번과 opt 위치를
제대로 안 알려줌으로써 시간을 끌고

연기로 아픈 척해서
빠박이가 약 사오게 하고
제일 띨한 놈만 남게 해서
묶인 줄을 풀게 한 뒤 때려눕히고
납치된 알바생을 풀어준다

둘은 도망을 치는데 여깡패가 총을 들고 막아서고
격투 중 떨어뜨린 총을
알바생이 주워 쏴서 배떼기를 맞추는데

마침 약사러간 빠박이가 돌아오고
띨띨이와 빠박이는 둘을 쫓는다

잘 빠져나가는가 싶더니 알바생도 황정민도 다시 잡혀 묶인다
한편 편의점에서 opt를 찾으러 왔다가
경찰에 쫓긴 두목과 수염은
가게를 들이받고
수염만 잡히는데 혀를 깨물고
두목과 빠박이는 분열을 일으킨다

이에 두목은 자수를 하고 위치 정보 제공을 빌미로
형량 감소와 돈을 달라하고
폭탄을 설치한 창고로 경찰들을 데려가지만
황정민이 도망 중에 만난 오락가락 할배는
정민의 신발을 신고 서에 나타나
여형사는 눈치를 채고
짝궁과 제대로 된 본거지로 향하는데

폭발 후 총을 챙긴 두목은 빠박이를 쏘고
수갑 찬 채로 형사 둘까지 처리하고선
정민과 싸우는데

주먹이 운다에서 이종격투기를 배웠던 정민은
두목 목을 졸라 기절시키는데
경찰이 와서 굳이 말린다

가해자 인권을 굳이 또 챙긴다
죽이도록 냅둬야지 ;;;

2년 후 정민의 사건이 영화화되고
그때까지 정민은 트라우마로 연기를 못한다
***
감독이 각본까지 같이 했는데

아주 헐리웃 영화를 고대로 베꼈는데
기시감이 가득하다
여느 한국 영화처럼...

2 / 5",부정
중구,2,한껏 진지하지만 우습기만 하다,부정
이예은,3,"중반부까지 너무 재미있게 봤다.
후반부가 아쉽..",긍정
조재규,4,"황정민은 말할 것도 없고, 악당 조연 배우들의 연기도 하나 같이 뛰어나니 절로 몰입도가 생기네.. 어찌나 움찔움찔하던지..",긍정
Hamin,2.5,인질범은 섬뜩하고 연기 잘하시는거 같았어요!,중립
이현만,0.5,세이빙 미스터 우를 한번 더 보는걸 추천한다...084,부정
UAHAN,0.5,"이유미 배우 시사회보러 갔는데…
스토리가 넘 뻔하고 개연성 웂어서 뛰쳐나가고 싶었다
이유미 배우님 사릉하여…ㅜ",부정
Edwood,2,황정민이 사람이 아녔어…,부정
eu prattein,1,"소재의 아이디어는 좋으나
시나리오가 허술해도 너무 허술하다
거기에 배우들 연기마저 깊이가 없고
겉돈다
최악이다",부정
윤석영,3.5,"황정민 납치
PM 10:00까지 돈 5억 원
전개가 빨랐다
바보 역할 맡으신 분 연기 잘 하시더라
오랜만에 어머니랑 같이 보았다",긍정
레빗구미,3,아이디어의 힘으로 끝까지 흥미롭게,긍정
김승환,2,"정말 아무감흥없는 영화
그래도 그냥저냥 볼만은함
210929",부정
시무룩,2.5,뒷통수의 향연,중립
Ju,2.5,황정민 이미지소비가 커보임,중립
이사님,4,이거 15세 맞음? 그래도 액션은 좋았다.,긍정
이은지,0.5,황정민이 진짜 인질로 잡힌게 분명하다,부정
이혜주,4,일어날 수 있는 일이라서 무서움은 더 극대화되었다. 실제 배우가 자신을 연기한다는 설정도 신선했고 극중 배우들 모두 극을 잘 이끌어 나간듯하다. 심장이 쫄깃해지고 싶다면 보는거 추천!,긍정
PyroSIS,1.5,씨네큐 신도림 10:20 ~ 12:03 / 21.09.23,부정
jiny,0.5,이런걸왜만들지,부정
귤타령,3.5,아무래도 난 황정민씨를 참 좋아하나보다 ..,긍정
아름,2,배우가 아깝다..,부정
콩순,3,그냥 딱 생각하는대로의 영화! 그치만 지루하기보단 나름 쫄리면서 잘 봤다 그리고 난 염동훈… 이 좋았음,긍정
성시형,3.5,.,긍정
주윤오,2.5,"배우가 납치되면 인질극도 극이라 이건가?
어쩌면 참 뻔한 클리셰 소재에 약간의 개성을 덧대어 만들어지는 서사. 배우와 영화가 '인질'의 전부가 된다.

닳아빠진 소재에 아직 단물 남은 배우를 가져다 넣어 흥미로운 기획을 하고 '신예' 아닌 신예 배우들을 붙이니 그래도 뭐가 좀 다르긴 다르다... 그래도 스토리는 여전히 클리셰에 머물러 있다. 누군가가 납치당하고 무능한 경찰은 범인을 쫓고 범인은 그들을 농락하며 도망치다 끝내 붙잡히고 인질은 풀려나는 당연한 인질'극'의 수순을 밟는다. 특이점은 연예인이 납치됨으로서의 변화나, 조금 다채로워진 범인들? 역시 스토리는 딱히 뭐가 없다.. 그냥 킬링타임용 오락영화란 거다.
인상적으로 다가왔던 것은 감각적인 연출과 미술로 끌어낸 '극'적인 아지트 안과, 지독하게 현실적이어서 거의 다큐멘터리 필름처럼 보이는 아지트 바깥의 대비 묘사다. 혼재되는 두 시퀀스 사이에서 관객은 영화와 현실을 구분하지 못하게 된다. 이런 혼돈의 환희를 맛보기 위해 빌드업한 영화라 이거지. 그리고 정말 훌륭했던 연기. 말 그대로 믿고 보는 황정민에 스크린엔 모습을 잘 비추지 않았던 '신예' 배우들이 구현해내는 낯섬, 이런 것들이 모여 영화를 차곡차곡 쌓아낸다. 그리고 목표지점에 완벽하게 도달한다.",중립
let’s get it on,2,08월 31일,부정
경현,3.5,"포스터만 봤을땐
“아 이번 황정민은 걸러야겠네” 싶었는데
기대 이상으로 재밌었다",긍정
동하,2.5,참신함을 내세웠지만 결국 기성품,중립
이푸름,3.5,"21.08.29
-
황정민의, 황정민에 의한, 황정민을 위한 영화
-
권력기관에 대한 불만은 이해한다지만
이유 없고 지나친 무능함은 이제 지겹다.
.
경찰은 바보고, 황정민은 슈퍼맨이다.
-
3.0이하를 주고 싶은 아쉬운 시나리오지만
배우들이 다들 연기를 잘 해서..",긍정
피자팡인,3.5,매력적이고 역겨운 악역,긍정
ㅇㅅㅎ,1,2021.08.30,부정
김현묵,2.5,고작 이정도 명분과 계획으로 이런 대책없는 납치극을 벌인 인질범들에게 오히려 연민을 느낌,중립
이호균,3.5,황정민만 연기를 잘하는게 아니라 다 잘한다,긍정
이민재,3.5,210829,긍정
Nan Lee,3.5,재밌따,긍정
Woodrow,0.5,스포일러가 포함되어 내용을 생략했습니다.,부정
예둥,2.5,"진짜 일어날만한 일이라 보는 도중 몇 번 소름이 돋긴 했는데, 그 일이 전개되어가는 내용이 별로 현실적이지 않았던 느낌이랄까 .. 나만 그랬나?

기대치가 높았던 작품이라 그런지 여러 뻔한 상황들이 나를 아쉽게 만들었다 😞

진짜 나쁜 쓰레기들 다 사라졌으면 좋겠음 진짜로 ㅜㅜ 너무 싫어 ,,,,",중립
최남수,3,"답답한 경찰에, 전형적인 인질극이라는 아쉬움을
배우 황정민의 연기력+배우 황정민이라는 설정이
맛다시 마냥 덮었음",긍정
맘이몽글몽글,4,"익숙한 내용임에도 식상한 영화가 되지않게끔 만들어준 배우들의 연기가 포인트였다
.
철문에서 총을 제대로 쏘지 않았던게 아주.. 아까웠다ㅡㅡ",긍정
김연희,2,스포일러가 포함되어 내용을 생략했습니다.,부정
새우,0.5,시간이 아깝다,부정
최정아,3,작위적인 스토리에서도 잘 이끌어 가는 힘,긍정
neo,3,출발선은 다르나 결승선은 같다.,긍정
됴롱,2,감독은 황정민에게 5억만큼 빚진거다,부정
빙짱,0.5,스포일러가 포함되어 내용을 생략했습니다.,부정
박우진,2.5,"너무나도 익숙하고
너무나도 비현실적인 상황들의 연속.",중립
백경선,2.5,러닝타임이 한 시간이 였으면 최고 였을 영화.,중립
써니☆,3.5,연예인들이 비싼데 사는 이유,긍정
dogggy,3,황정민이연기하는황정민.군더더기없이속도감있고깔끔한영화.의외로한국영화다운골목길카체이스장면이괜찮았다.,긍정
청포도,0.5,... 아니다 야...,부정
백승진,3,숫자만 많은 부실한 반찬들 속에 황정민이란 메인요리 하나.,긍정
시우,3.5,짜장면 먹고 싶어짐,긍정
박세현,3,"[롯데시네마 울산 무대인사]
'영화 보러 드루와'
황정민을 필두로 영화가 무지막지하게 내달린다. 그만큼 황정민의 연기는 대단했고 장르적 쾌감이 일품이다.
물론 가끔씩 삐걱거리는 부분이 몇 있긴 했지만 그 부분을 감안하더라도 킬링타임으로 충분히 볼 만 했다.",긍정
류철,3,인질에 비해 범인들과 경찰 능력치가 너무 떨어짐,긍정
투빅이,3.5,후반부 신은 ‘영화같다.’라는 말을 자아내기에 흥미롭다.,긍정
김형민,4,"보여줄 수 있는건 다 보여준듯 스토리보단
배우들 연기에 빠져들었다...",긍정
peanutjhy,3.5,"가족으로 협박할 때 표정 연기는 진짜 5점
그리고 황정민씨가 짝눈이라 좋았다.",긍정
스무비,2.5,흥미로운 작 중 설정에 기댄 영화. 거구의 공범은 기자들 앞에서 황정민을 납치했다고 광고하는 이유는 무엇..그리고 왜 혀깨물어..,중립
코모레비,3.5,여전히 익숙한데 이번엔 날카롭다,긍정
신주윤,3,멀리서 크게 바라보자.,긍정
김대진,2,과하지도 모자라지도 않은 적당한 긴장감이 좋았다!,부정
신박한닉네임,2.5,"중반이후 뭔가 새로운 진행을 보여줄거라는 기대에 영화는 침묵으로 답했고, 하릴없이 시간을 소비해야 하는 관객들의 미저리만이 남게되는 다소 안타까운 결말",중립
noh0058,3,배우만 잘 써먹음 댔죠,긍정
돌호,0.5,개 오글,부정
부추와마늘,3,타격감 제대로 액션. 손이 오그라든다.,긍정
연유니,0.5,촌스러움,부정
#RE2PECT,2.5,그나마 황정민을 비롯한 배우들이 살려서 이 정도로 나온 듯 하다.,중립
이태호,3,"실감나게 표현한 영화.
다만.. 그게 끝.
갈수록 힘이 약해진다.",긍정
이미연,2,촌스러버,부정
최효맹,3,210828 @메가박스 #엄마,긍정
MAN OF STEEL,3,사진을 찍어 줬으면 납치를 안 당했을까?,긍정
병철,3.5,"잘못하면 지루하게 끝날 영화를 안 지루하고
현실적인 분위기 느낌 주변에서 실제로 일어날일
유명인이 아니면 열심히 찾지 않은 안타까움
모든 배우들 연기들 그리고 김재범 배우 알게되서 굿

2021.08.27",긍정
해람,2.5,와 감독님 성함이 Feel감성,중립
kyungyuri,3,황정민에 집중하느라 납치범들간의 관계나 캐릭터 정립이 아쉽다. 경찰들 묘사는 말할 것도 없고. 그래도 넘치는 것 보단 모자란 게 낫긴 하다.,긍정
marie,2,한 장면 한 장면 너무 과하다,부정
작가정매일,3.5,있을 법한 이야기로 시작해 없을 법한 결말로 끝남에도 빛나는 연기력.,긍정
OO,2.5,"리얼한 스릴러를 기대하고갔는데 히어로물

전형적인 캐릭터들 익숙한 전개",중립
김소담,3.5,염동훈이 젤 무서워...,긍정
이유나,2.5,"황정민이 실제 납치된다는 설정 자체는 신선하지만 그 이후 또는 그외 부분은 새로울 거 없고 오히려 허술하기까지 해서 아쉬웠다,, 특히 악역의 캐릭터가 애매해서 그런지 긴장감이나 설득력이 떨어졌다,",중립
Wonjoo Kwak,2,"29) 21.8.27
촘촘하지 못한 시나리오가 배우의 연기를 퇴색시킨다",부정
Sungwoo Yoon,4,"심장이 쫄깃쫄깃
황정민이 황정민하는 영화",긍정
김재현,4,어색한 현실 연출빼고는 초중반 스토리 내용과 흐름이 다 좋아 재밌게 본 작품,긍정
서요,2.5,솔직히 저 보는 내내 너무 힘들었어요,중립
김동범,2.5,"흥미로운 설정과 조연들의 연기력으로 기대했지만, 흔해빠진 플롯과 쇼트 구성으로 낙심.",중립
경키,2.5,개연성 없는 섹스신. 왜 이호정을 데리고 이렇게밖에 못 써요?,중립
김민준민주니,3,이슈메이커,긍정
으악,2.5,"황정민의
황정민에 의한
황정민을 위한",중립
김승섭,3,2021-08-28 SAY CGV,긍정
Wonderfool,3.5,다 좋은데 경찰이 이렇게까지 무능하진 않아요...,긍정
보보,3,2021년 8월 28일에 봄.,긍정
최재경,3,"중반까지 긴장감이 정말 좋았다!
마무리가 아쉬운거만 빼면 나름 손에 땀이나는 영화.",긍정
Pacific_Rim👀,2.5,황씨 짠해ㅠㅠㅠ,중립
NohDongKi,4,"예상 별점이 이렇게 높다고? 라며 본 영화.
컴팩트하게 잘 쪼으고, 스토리도 탄탄한 듯.
마동석 보고 싶더라.",긍정
워냐,2.5,현실감 느껴지는 설정과 연기는 굿 그러나 보는 내내 내 몸이 너무 아파요 ㅜㅜ,중립
전민욱,3.5,"영화를 황정민이 나오냐 안 나오냐를 기준으로 두 파트를 나눈다고 치고, 안 나오는 파트도 예상외로 재밌어서 놀랬다.",긍정
메가쥬피썬더,2,1시간 반짜리 황정민 팬픽,부정
Rika,3,"둘째말대로
황정민 팬픽 같은 영화
황정민이 황정민한다.
몰입감 있게 볼 수 있는~
뻔한영화~ㅋ
명",긍정
성수,3,킬링타임!,긍정
hye._.chuu,3.5,시작은 좋았으나 끝이 아쉬운 영화 😂,긍정
정태인,3,"황정민이 아니어도 됐던 영화
황정민이라서 되는 영화",긍정
probohemia,3,어디서 본듯한 내용. 어디서 본듯한 악당들. 독립영화인가요? 주인공 아니면 주목을 받지 못했을것 같은 연기. 연출하신 감독님께는 한 표.,긍정
Gun-Woo Lee,3,우와..혼자 다하네..,긍정
그린비,3.5,다들 연기력 지리네~~,긍정
한동호,3,"세이빙 깔고 추적자, 인정사정, 와일드카드 레알 지존파로 마무리 하지만 승자는 황정민 ㅋ",긍정
안영민,4,"낯선 배우, 여대생 캐릭터, 추격씬에서 등장하는 많은 시민들...
이런 장면들이 하나둘 만나 한국에서 만들기에 어색한 장르라는 내 생각을 조금씩 바꿔주었다.",긍정
.👍,3,신박한 주제 적절한 캐스팅 아쉬운 마무리,긍정
조승건,1.5,"드루오라길래 드루갔더니 한숨만.
나오고나서 기억나는건 처음본 C컵 뿐",부정
노블루,2.5,"2021. 08. 27. 목동메가박스.

기시감이 드는 장면과 전개.
한국에서 폭탄마라니요 광산이라니요.

잘 끌고가려 치면 머리위로 ? 좀 띄우고.
마지막 빗속에서의 액션은 좀 짜쳤다.

마음 비우고 보면 볼만한 킬링타이머.",중립
정지후,3,영화는 뻔?했지만 캐스팅을 캐릭터에 맞게 잘 한것 같다.,긍정
디듀,2.5,"천만배우 황정민, 나 연기 잘해요 ^^",중립
YBDB,3.5,"실제배우와 같은 배역으로 사실감 높은 이야기는 순식간에 몰입하게 만들었다. 영화를 보는 내내 황정민 이란 사람이 정말로 저렇게 행동을 할까란 의문을 가지고 봤다. 인지도가 없는 납치범, 형사들의 캐스팅도 한몫한듯. 그것을 제외하곤 클리셰 투성인 영화.",긍정
바키준,3,"황정민 배우의 열연에 감동을 받았다.
보는 내내 답답한 장면이 많아서, 많이 짜증났지만 영화의 클라이맥스를 위해 꾹꾹 참았다. 참은 덕분에 영화를 더 재밌게 봤다.
황정민 배우 빼고 다 모르는 배우라서 더 몰입하면서 봤다. 진짜 있을 법한 이야기인 것 같아서 무섭다🥺",긍정
UReal,3,"그니까 다 괜찮고 재밌었는데,
영화의 포인트인 현실을 끌어다 쓴 설정 때문에,
배우님에게 어떤 창작된 캐릭터성이 아니라
본인 스스로를 연기할 것을 요구해야했기 때문에,
감히 허술한 인간성을 부여하기 어려웠고 너무 완벽한 캐릭터였다.
상황에 맞지 않게 배우로서의 품위를 상당히 지키며
침착하고 옳은 선택만 해나간다.
심지어 빌런들조차 저마다의 선함을 조금씩 내비치는데,
주인공 황정민 캐릭터는 그 어떠한 비굴함도 없이 히어로처럼 멋있기만 하다.
그리고 이미 '황정민'으로 그 캐릭터를 설정해버림으로써 약점을 설정하기 어렵다는 것을 수긍했기에,
'나는 개새끼입니다. 저 년만 죽여주세요!' 하고 외칠 때에도
일말의 충격조차 안 받았다. 그것조차 완벽한 황정민의 계산 속 빠져나가기 위한 계획의 일부일 뿐일테니.
그거 빼고는.. 괜찮았는데?
연예인 역할을 맡은 황정민과 박성웅을 제외하고는
대부분 얼굴을 잘 모르는 배우님들이었던 것도
영화 설정을 견고히 해주어서 좋았다.
갑자기 경찰에 이제훈 나오고 그랬으면..ㅋㅋㅋㅋ",긍정
정희원,1,"진짜 몰입도 안되고 재미없었음. 이럴거면 왜 황정민을 실제 배우로 넣은건지? 오히려 '아 지금 진짜 황정민이 실제 배우라는 컨셉의 역할이었지?'하면서 계속 깼었음.

그냥 클린트 이스트우드처럼 황정민이 감독하면서 주연배우 하면서 찍었으면 더 나았을지도. 핸드홀드 기법을 쓰든, 유튜브 라이브 같은 방법을 쓰든. 뭔가 참신한게 있었어야 몰입을 할 수 있지 않았을까 싶음.

진짜 실소 나오는 장면ㅡㅡㅡㅡㅡ(스포일러)ㅡㅡ

1. 여경이랑 남자경찰이랑 있다가 남자가 차에 치였을 때 : 남자는 절뚝거리는데 여자는 조수석 탐.
2. 경찰들 총 들고 말라깽이 한놈한테 덤비는데 아예 개발림. 남자가 싸움 잘하는 것도 아님.
3. 근데 황정민이 이김.
4. 편의점 알바는 황정민 만나서 우와... 싸인... 하하... 이런 말밖에 못하다가 갑자기 무슨 범죄 이야기하면서 휴대폰 보여줌. 근데 진지하게 들어주는 황정민 ㅎㅎ
5. 센스있게 서도철, 최철기 기자한테 미안하다고 전해달라 했는데 매니저는 이미 집 앞. 어... 어... 아... 경찰...? 거기서 바로 경찰한테 신고했으면 인정. 그리고 매니저는 발신자제한 바빠서 안 받고 배우 박성웅은 받고?! ㅎㅎ
6. 갑자기 나오는 2년 후... 아예 몰입을 그냥 하지말라 이거지.
7. 여자들은 왜 등장한건지 이해 불가. 여자 범인은 씨컵인건 알겠는데 왜 나와서 죽는건지 모르겠고, 사실 누군지도 모르겠음. 같이 있던 인질도 왜 놔둔건지 모르겠음. 여자 인질은 두고 남자 사장님은 죽이고? 여자애는 왜 둔거임? 혹시 황정민 잡아올지도 모르니까 같이 몸값받을려고? 성범죄에 쓸려고?
8. 전국 지명수배 공개수사 전환되니까 머리 왁스발라서 올림. 아니 마스크라도 써주면 안됨? 제발...
9. 그 와중에 정신나간 할배... 나는 자연인이다...?
10. 아 그리고 생각해보니까. 그래서 깨진 소주병 왜 주웠는건지... 아니 손에 피범벅이던데...어케 처리한건지라도... 난 언제 들킬지 조마조마했었는데 그냥 없던 일 되었어서 사실 실소 나올 시간도 없었음.

ㅡㅡㅡㅡㅡㅡ",부정
ara ෆ.̮ෆ,4,왜 C컵 처음보냐?,긍정
인생참쉽지않다,3,긴장감을 끝까지 짧고 굵게 밀어붙인다,긍정
옥점이,4,"재택근무 직후 친구랑 영화보려고 하니 이 영화가 시간이 맞아서 평범한 킬링타임용 인질극이라 생각하고 별 기대 없이 봤다.
그런데 완전 감정 몰입 오지게되고 한두개 복잡하게 상황이 꼬여가기 시작하고 시종일관 분노와 긴장을 계속 유도해섴ㅋㅋㅋㅋ 너무 분노하고 주먹 꽉 쥐고 봄ㅋㅋㅋ 왜 주인공을 배우로 설정했는지 등등 영화의 여러 설정들이 영화가 진행됨에 따라 서로 맞아 떨어져가는 것도 좋았다.
결말에서 기대했던 카타르시스가 (영화 내내 주입했던 분노 및 긴장감에 비해) 약하게 느껴져서 많이 아쉬움…으흐흑
* 친구랑 같이 이야기하면서 느꼈던 건데 카메라를 왜 그렇게 쌈마이한 느낌으로 핸드헬드로 사용했는지ㅜ 초반에 나도 좀 어지럽더라…",긍정
JeongpilChae,4.5,"ㅋㅋ 싱크홀보단 현실적이네
사이코패스는 관리해야된다. 어떻게든.

.
하지만
슈퍼스타이기 때문에
위험한 상황을 쉽게 헤쳐나갈 수도 있었다.
팬이 조력자라는 게
너무 치트키잖아",긍정
티타,2,대사가 너무 ..,부정
민준원,3.5,"황정민이 황정민 역할로 나온다는걸 빼면 정도를 걷는 스릴러
다소 부족한 점은 황정민이 연기로 커버했으니 걱정말....정도는 아니지만 괜찮은 영화",긍정
진원,4,"그냥 재밌게 보면 되지
재밌기만 하구만",긍정
Hyacinthe,3,평작의 텐트폴 무비.,긍정
여진,1.5,"흠… 음… 어… 음..,.",부정
정창화,3.5,황정민영웅전.,긍정
손보경,4.5,"사람 한명 치지 않는 차 추격씬에
뻔한 결말이었지만
그래도 스릴 넘쳐서 너무너무 좋았다
황정민을 황정민으로 캐스팅한 것도 리얼리즘 확실함",긍정
Jiha Song,3.5,"스토리 개연성은 찜찜한 부분이 한군데정도 있었고 긴박함은 좋았다. 카체이싱이 cg 떡칠 안해도 이렇게 재밌을 수 있구나 싶었으니.
황정민이 황정민으로 나온다는 설정은 흥미로웠다. 드라마 전원일기를 보며 배우들이 실제로 누구의 아내이거나 아들이라 착각하던 영화/드라마 초창기의 모습이 뒤집어졌다. 이제는 진짜가 진짜로 나와도 가짜(연기)인지 다 아는 시대가 되었다.",긍정
영화총까.,2,"전개가 빠른데도 밀도의 힘을 점점 잃어버리는 후반부, 신선한 소재와 캐릭터 활용의 아쉬움과  생각보다 큰 메리트가 없는 극 중 인물 배우 황정민, 정말 많이 인상적인 뉴페이스 신인 배우들의 질주, 연기 테크닉만 보였던 조금은 아쉬운 열정의 황정민 배우.",부정
Myeoung Goo Kim,3,"“응, 처음보는데?”",긍정
YN,3.5,샛별이 반짝반짝. 주연을 주인공 만드는 서사야 뭐 너무 뻔한 거라..,긍정
김종훈,1.5,"황정민이라는 스타 하나
그걸로 별 하나
끝",부정
댕청미,2.5,세이빙 미스터 우보단 덜 지루하지만 그래도...,중립
이용우,2.5,무섭기만 한 악당은 혼내주면 조용히 사라지네,중립
데햇우행헹,2.5,"전형적인 한국 납치 영화
근데 염정환(?) 맡은 배우 인상 깊네
그 머리 벗겨진 배우님도 인상 깊다👍
하지만 그 납치범 여자 캐릭터를 꼭 그렇게 그려야했나…
가슴을 굳이..?! 아무튼 그랬다",중립
Rew,2.5,"잘 차려진 밥상에 황정민은 숟가락만…
이라고 생각하고 싶지만 생각만큼 밥상이 잘 차려지진 않았다.",중립
yeetang,3,"배우도 1인분 스토리도 1인분 연출도 1인분 소재도 1인분한 지극히 평범한 영화
""아니..왜?라고 하면 지는 영화""",긍정
혜니,3,황정민씨 억울해요?,긍정
장두용,3,가지 각색의 장르,긍정
진모리,3,잘 짜여진 스토리에 좋은 연기력으로 결말까지 스토리를 이어간 영화,긍정
진진,3,배우들이 멱살잡고 끌고가지 않았으면 정말 별로였을 영화,긍정
이의중,3.5,복수 시리즈 이후 강한 시각 감각 연출. 꼭 필요한 폭력을 구성했다는 점이서 다만 악에서… 등의 영화와 차별. 재밌기도 함.,긍정
셔니,2.5,"황정민 연기가 볼만 했던 작품
의외로 처음보는 배우들의 연기도 괜찮았음
실제로 황정민이 납치된 것 같은 느낌을 줬지만 후반부로 갈수록 지루해지고 결말이 허무했다",중립
오민석,3.5,박성웅이 박성웅 역으로 나온 영화에서 박성웅 역할의 영화를 찍는다,긍정
최지환,4,"신선한 설정
뻔한 스토리
기대 이상의 긴장감",긍정
송하은,3.5,깜짝 놀라는 순간이 너무 많아서 감전된 뱀장어 같았다..,긍정
이대엽,2.5,"코메디의 왕에서 드러내는 주제들과, 특히 카체이싱 장면에서 암걸리는 주변사람들을 비춰준 것은 좋았지만 오락요소에 거의 묻혀서 드러나지 않는다

하지만 이 영화의 가장 나쁜점은 악역이 허술한 것이다

납치범 두목은 지능범인것처럼 보이나 토막까지 내서 유기한 시체가 굉장히 금방 발견된 것 부터 멍청함이 느껴진다
애초에 감방 동기도 아니고 특기도 없는 찐따를 팀에 합류시킨 것도 이상하다
타겟을 황정민으로 정한것 역시 돈을 찾는 과정이 삐걱거리는 걸로 보아 즉흥적인 거라고 보인다
범죄를 굉장히 당당하게 저질러서 악마를 보았다류의 원시적 사이코 연출느낌이 나지만 딱히 그만큼의 파괴력이 없어서 영 시덥잖다
결국 폭사엔딩과 몇몇 장면들은 두목이 사실 아티스트가 아닌가 하는 느낌을 주지만 처음에 말했듯 그런건 오락요소에 묻혀서 드러나지 않는다

허술한 악역때문에 범죄영화임에도 어떤 스릴감이나 통쾌함도 느낄수 없다

그래도 적당히 저녁을 즐기게 도움준 영화",중립
체리밤,3,다른 배우들도 물론 나오지만 황정민 하나로 이 영화를 긴장감 있게 끌고 나가는게 참 놀랍다. 영화 자체는 너무 리얼해서 그런지 오락적 재미는 전혀 없고 약간 붍쾌하기도 하지만 이렇게 황정민의 능력치를 깨닫고 간다.,긍정
백창훈,4,조금 더 독했어도 괜찮았을듯 감독판 내주세요,긍정
김혜빈,3,납치범들의 내분파티를 보는게 재미있었다,긍정
조석민,3,힘 있다.,긍정
☀️🌕⭐️,4,역시 황정민은 황정민이다,긍정
GC,3,무능한 경찰을 풍자한 영화....,긍정
Empty land,2.5,우두머리 최기환이 빼고 연기 못하는 사람은 없다..  영화도 킬링타임으로 좋다 다만 사제 폭탄 사제 총이 아쉬울뿐… 내가 문화의날로 봐서 만족 했을지도..,중립
총명,3,황정민이라서 다행이였던 영화,긍정
밍밍,3,연기가 다들 좋으시네요,긍정
지루한건못참아,2.5,"스토리는 너무신박해서ㅠ너무보고싶었음
사진안찍어줘서 이지경까지된건가..
진짜ㅠㅠ긴장감과 스릴 오천배,,, ㅠㅠ내가 다 고통임
진짜너무무서운데ㅠ 조금 연기가..너무연기같음..대사도그렇고 경찰… 초반에는 리얼했는데  나중갈수록…좀…
그 인질분이랑황정민이제일연기잘하는것같음",중립
고구미,3.5,"등장인물 황정민과 그를 둘러싸고 발생하는 사건들은 조금은 뻔한 인질 범죄극이지만, 지금까지 배우 황정민이 연기한 사람들은 이렇게만 대응할 거 같다.
경찰들 대사와 늦장 수사, '경찰들 덕분에 무사히 구출'되었다는 마지막 뉴스 멘트가 있어서 더 돋보이는 그의 연기.
배우 시리즈로 나오면 좋겠다는 리뷰가 있는데 진짜 공감한다. 외국 영화 중에 비슷한 게 있었던 거 같은데...!",긍정
파랑달,2.5,벌게지는 액션 투혼의 몫이 황 씨가 아닌 황정민이어야 할 이유는.,중립
하면된다,0.5,이 영화 황정민 나온다.  ㅎ,부정
김시웅,3.5,그저 Wls..,긍정
예매완료,2,"황정민이 황정민이어야 할 이유가 전혀 없네.
이게 왜 이렇게 만들어져야 했는지 알 수가 없다.",부정
음핫탓핫하,3.5,경찰이 총을 이악물고 안쓰는게 거슬리긴 했지만 그래도 재밌음,긍정
최영생,4,실제로 있을법한 미친 놈들을 실제처럼 연기해서 무섭게 느껴질 정도.,긍정
이상용,2.5,이 영화의 진정한 가치는 ‘황정민’이라는 배우 자리에 타 배우를 캐스팅 연기로 치환했을때 판단할 수 있을텐데 아무리 후하게 쳐도 B급 스릴러 영화 이상으로 보기 힘들다. 한마디로 황정민이 이 영화의 알파이자 오메가이고 시시한 재능 낭비다.,중립
토나리노 토토로,3,요상한 취향으로 만들어낸 팬무비.,긍정
야루레빠빠,2,씨컵 처음 봐?,부정
J.P.Park,3.5,"황정민 배우가 납치된 자신을 연기하는 재밌는 설정의 영화.
빠른 호흡에 생동감 넘치는 카메라 워킹이 인상적인 영화.
제한적인 공간 속에서 긴장감을 높였다.

동선이 복잡하게 꼬이고, 장면 전환이 삐걱거리는 아쉬움은 있다.
황정민을 비롯한 배우들의 연기가 좋고, 장르적 재미도 충분히 가져다주는 영화.
스피디함과 배우들의 연기가 영화적 이음새의 헐거움을 메꿔준다.

팝콘 무비로 제격인 영화.

​한줄평 : 탈출이라는 목표를 위해 쉼없이 달리는 영화. 배우들의 연기가 좋다.",긍정
🤡🤡,3,황정민이 더 무섭다.,긍정
흰푸,2,그저 황정민 팬미팅,부정
숩숩,2,"배우들의 연기는 정말 뛰어나지만, 고증이 허술해서 이야기에 몰입하기가 어렵다.",부정
희안,2.5,신선한 소재에 점점 상해가는 전개,중립
김경진,1.5,또 외유내강이야?,부정
시준,3,황정민의 황정민 연기는 탁월했다,긍정
이졍,2,황정민씨 팬이에요,부정
에이든,2,"실존 인물을 영화로 데려온 만큼 리얼리티를 살렸으면 어땠을까? 다큐같은 연출, 신인 배역, 실제같은 납치범.
어색하고 전형적이며 허술한 납치범 들로 리얼리티는 깨지고 폭발과 총, 카체이싱은 억지로 끼워맞춘 듯 삐걱 거린다.",부정
김덕훈,2.5,아 진짜 기대 이하. 너무 이상함.,중립
J.j,2.5,경수.. 빡빡이 귀엽네,중립
햄릿,1,그냥 뭔가 뻔한 황정민아저씨를 본 느낌,부정
이승엽,2.5,"황정민, 탈출을 향한 필사의 사투!",중립
박정민영화찍자,2.5,마무리가 너무 아쉽다. 지나치게 끄는 모습.,중립
최지민,2.5,신선한 소재를 다소 식상하게,중립
박종구,2.5,저는 인질보다 일진이 무서워영,중립
버순이언니,1.5,황정민의 황정민을 위한 황정민 영화,부정
싱글라이더,1,"신선함을 어필하지만, 보여준 것은 뻔한 것들",부정
추락,1.5,C,부정
손정기,2.5,60분으로 줄였더라면,중립
영배,3.5,거 황정민 너무 두들겨맞는 거 아녀요?,긍정
두옹,3,황정민 연기 원툴,긍정
nhami,3,짜치는 모먼트가 꽤 있었지만 그래도 황정민이잖아!!,긍정
112,1.5,참 재미없다…,부정
지나가는 잼민이,1.5,"배우 황정민이 납치되었지만 어린이놀이터급 수사망
최악의영화",부정
재빈,3,총 좀 쏴라. 답답하다.,긍정
lovebites,1,지금 생각하니 웃김,부정
라미,2.5,신선했고 불편했다.,중립
크크,2.5,서울의 봄 보고 빡치면 다시 봐~,중립
🥹🐙,0.5,쓰레기영화,부정
김다진,2,유독 눈에 띄는 황정민의 연기력. 다만 배우가 배우를 연기할 때 오는 픽션과 리얼리즘 사이 엉성한 배합.,부정
후크 선장님,3,"""아이디어만 남아 버린""",긍정
공유빈,2.5,배우의 연기로만 이끌어간 영화,중립
박명수,5,최고의 비급영화,긍정
교수호소인,3,"이 영화보고 연극톤이 뭔지 알게됨
그와 별개로 황정민씨가 나올때마다 우와..😀하면서 봄
생각없이보면 꽤 재밌는 영화",긍정
농준,2,"“ 뻔한 스토리, 그치만 황정민 배우님의 기승전결이 흥미로운 ”",부정
유남쌩,2.5,갈수록 힘을 잃어가는 영리한 설정,중립
이여준,3.5,볼만한듯 가볍게 / 황정민 하나로 하는게 신기 ㄷㄷ,긍정
밍밍구리,2.5,What if…?,중립
뽀뽀해요,1.5,"예고편에서 보여준 내용이 영화의 반이다;
그래서 중반까지 정말 고역이었다. 뒤 이야기가 다를까 생각했는데 역시나 뻔했고 편한 영화.
대차게 실패했을줄 알았는데 의외로 흥행은 그럭저럭 했다고 ... 24.11.21",부정
lllllIllIllI,1.5,이런 경찰이 답답한 영화는 그만 만들었으면... 범인이 대단해 보이지도 않고 어느정도 개연성을 무시하더라도 수준이하인 영화.. 황정민님 연기에 0.5는 추가,부정
..,0.5,"안봐도 되는 영화...
황정민이 자선봉사로 신인들이랑 합 맞춘것같음",부정
구구,3.5,액션씬이 휘몰아치고 생각보다 코미디가 없었음,긍정
파란안경이동진,2,"난 폭력과 유혈을 사랑하는 사람인데 보는 내내 괴로웠다. 이유를 모르겠다…
내용은 무난하고 배우들의 연기가 좋았다",부정
약용,1.5,그니까 황정민이 감독님한테 잘못한 일이 있었던 거죠?,부정
딸기케이크,3,대사 올드하긴 한데 영화 자체는 속도감 긴장감 있고 재밌었음,긍정
엉잘알,1.5,기억나는 것은 오로지 C. 독창적인 척,부정
서희,,메인빌런이 너무 약하게 생김. 걍 동네 아져씨 느낌이 너무 강함,알 수 없음
ㅇㅇㅇㅇ,2.5,납치범들 지능 가오 반비례라서 짜증난다,중립
여누,3,독특한 소재와 그 사이 빈틈을 메우는 주연배우의 장악력.,긍정
castiel,2,알고 보는 트루먼 쇼,부정
라온필름 Laon Film,3,소재만큼은 신박.,긍정
송연서,4.5,"배우 황정민 씨 믿고 보는 영화 ,,,,🖤
재밌게 봤어요",긍정
우정완,2.5,30년 전 영화같다,중립
태우,2,"배우 황정민을 위한 헌정작
그게 전부인 영화",부정
한서준,2.5,가진것을 활용하지 못했을때,중립
영화,3,의도에 맞게 잘 만든 영화 하지만 뭔가 아쉽다,긍정
송여,2.5,배우들의 연기력이 좋아서 몰입도는 좋았어요! 긴장감도 확실히 잡았고 인질범으로 나오는 조연들이 정말 씬스틸러더라구요. 다만 스토리가 조금은 아쉬웠습니다.,중립
유진,2.5,"얼굴 빨간 남자분 좋아하는 분이셔서 나쁘지 않게 봄
러닝타임 짧아서 다행",중립
김정환,2,가볍다,부정
Sundry,3.5,"완벽한 킬링타임 영화. 크게 담고있는 내용은 없고 줄거리도 직관적이다. 근데 꽤나 재밌다.
괜히 있어보이려고 하지 않고 마지막을 깔끔하게 끝낸점도 좋았다.",긍정
borntoloveto,3,황정민이 황정민을 연기한다는 소재에서 발현되는 그 미묘한 재미 하나만으로 힘겹게 이끌어간다.,긍정
K.S.H,2,"열연 속의 열연.
예상치못한 사제폭탄은 새벽감성을 폭파시켰다",부정
Johnnyboy,2,진짜 좀..그렇네...,부정
유원잉,3,러닝타임이 짧으니 시간이 뜬다면 볼만함,긍정
숭이,3,"작품성은 별로
근데 황아저씨 비주얼이 너무 예뻐서 3점 줌",긍정
노아,3,"배우의 열연으로 만들어낸
빈틈 숨기기",긍정
심종석,2,굳이 배역이 '황정민'일 필요가 있었을까? 싶을 정도로 뻔했다.,부정
Sooodam_,3,킬링타임용으로 만족할만하다.,긍정
240,3.5,"황정민씨 멋있게 나오는 영화
설정이 특이해서 궁금했었는데 딱 그만큼",긍정
えㅐ윤서,3,웃기내 .,긍정
충남 뷔,4,"Q : 어때?
A : 재밌어.

Q : 어떻게 생각해?
A : 잘 모르겠어.",긍정
평론가인척하는놈,4,고어 장면의 연출이 다소 아쉬운 면이 있지만 장르의 특성에 충실하게 군더더기 없이 집중하는 연출 방식이 돋보인다,긍정
도피처,3.5,대배우와 합을 이룬 신인과 무명들의 조합이 기특해지는 영화,긍정
나잇무비,2.5,별로 기대를 하지않고 봤지만 정말 몰입감있고 재미있었다,중립
김덕곤,2.5,전능과 멍청을 왔다갔다하는 경찰과 납치범들,중립
SSONG,1.5,"집에 가고 싶다,,",부정
김대겸,2.5,황정민만 소화할 수 있는 배역의 매력이 돋보이지만 황정민이 다라는 게 단점.,중립
Hororo,2,"주인공의 이름만 봐도 예상 가능한 결말의 극본과
이 와중에 그것을 살려내는 좋은 연기.",부정
신석준,2.5,몰입도 빠르게 전개도 빠르게 마무리는 너무 빠르게.,중립
이궁혁,3,제목을 [황정민 납치사건] 이라고 했으면 더 좋았을텐데,긍정
Eric,2,가슴을 들추어내며 대사하는 조연의 대사가 유일하게 생각나는 대사일 것이다. 그만큼 묻혀지지 않는 몰입감,부정
Happyduck,1,머하냐,부정
태수,3,해야할 일을 잘 알고 열심히 하는 부반장 같은 영화,긍정
돌파댕이,1.5,의미 없는 뜀박질에 구토나는 클리셰들.,부정
넛지,0.5,"이걸 영화관에서 봤다면..?
내 돈 내놔.",부정
S.yooj1n,2.5,너무 뻔해서 별로였다,중립
melatonin,3.5,W. mom,긍정
영화춘,2,이런 영화는 리얼리티가 살아야하는데 악당 캐릭터 설정부터 말투까지 이 작품이 픽션이라는 것을 계속 강조하던.,부정
이상현,3,제목의 충실함. 그것이 전부,긍정
@@,1.5,잘 차려진 밥상에 먹을만한게 하나도 없다,부정
타시,1,"이유미 배우님이 워낙 악역을 많이 해서
인질이 아닐 거라고 계속 의심이 된다.",부정
Minyoung Kim,2.5,황정민이라는 대배우를 가지고 질질 끄는 드라마,중립
송용후,3,"컨셉 흥미, 내용 너무 단순
그래서 더도 말고 덜도 말고",긍정
9민,1.5,"오...
그렇구나.",부정
감귤오렌지,2.5,그래도 실화 같은 기분이 들게하는 설정,중립
밍지,2.5,"황정민 만이 소화할 수 있는 시나리오
(거절했으면 차 순위로 어느 배우에게 갔을까)",중립
Supreme Chicken,2,황정민용 프로필영화,부정
정지원,2.5,코메디,중립
타브리스,4,"[Netflix]
""",긍정
Cubanos,3,서사적 허술함이 분명함에도 황정민 배우의 힘으로 밀고나가는 영화.,긍정
vicky,2,황정민씨가 고생하셨네...,부정
JangJunyoung,2,"나름 몰입감있게 만들수있는 소재이나,
전체적으로 부족함.",부정
조상은,3,배우 황정민만 사실이고 나머지는 허구지만 그 사실이 몰입시키는 것은 장점이고 소재상 서사가 부족해서 억지로 질질 끄는 느낌 입니다,긍정
이지형,2,그냥 황정민.,부정
이름없음,3,기대안해서 그런가 재밌게봤다,긍정
이세중,2,황정민 없으면 안돼,부정
박마꽁,3.5,연예인이기 때문에 나에게 트라우마를 안겨준 분장을 한 사람에게도 웃어줘야 된다는거 넘 괴롭....,긍정
장간지,0.5,"으아씨 이거 볼만하다고 한 사람 누구냐,,",부정
랑자,4,"뻔한 스토리와 뻔한 전개, 뻔한 결과의 영화가 될 뻔 했지만, 긴장감있게 편집된 연출과 몰입력 가득한 배우들의 연기가 커버한다.",긍정
남연우,2.5,"황정민이라는 배우가 인질로 잡힌다는 신박한 소재. 초반부터강한 긴장감을 주며 재미를 북돋았지만, 후반으로 갈수록 풀어지는 내용과 뻔한 결말 진행 때문에 아쉬웠다.",중립
Lotty Kim,1.5,황정민을 인질삼아 보게 만드나 납치의 결론의 대부분 그러하듯,부정
유토피아,2.5,흔하디 흔한 한국 영화,중립
이일동,2.5,"넷플 요즘
현실배우 한명씩 잘하는 장르 하나씩 뽑아먹으려나
차인표에 황정민..다음은 누굴지 기대되네",중립
임현재,,키노라이츠   65.37%   2.8   리뷰   93        로튼 토마토   ---   50-           알로시네   ---   0명          2022.05.06          IMDb   6.2   평균   6.3   626명          2022.04.14          네이버   6.56   평론가   7   7   6   6   6   6   5   5          2022.02.12,알 수 없음
첼정훈,2,"영화는 둘째치고
신인들의 등용문을 만들어준 황정민이라는
사람이 너무 멋있는 선배라고 느껴진다.",부정
Sinryuji,2,황정민이라는 배우가 황정민이라는 배우를 연기하네.,부정
이고,3.5,나름 괜찮았다.,긍정
네이버 영화,3.5,6.56,긍정
헐리우드키드2,2.5,"20220108
처음엔 괜챦은 발상 같아 몰입했지만 시간이 갈수록 별로였다
어떻게 캐릭터가 그리 바뀌는지 ᆢ",중립
김영규,3.5,찐따가 대장이네??,긍정
나는 내일 어제의 너와 떡볶이 조진다,2.5,"그럭저럭

Feb 5 , 2022 with Mom",중립
박현우,3,"강점은 없지만, 약점도 절제한 상업영화",긍정
Craig00se7en,3.5,기존 인질극 영화는 일반인을 상대로하여 보면서도 불편한 부분이 많았지만 황정민의 인질은 영화배우 설정으로 나오다보니 감상하면서도 불편함 없이 팝콘무비로서 즐기기에 괜찮은 영화였다. 그냥 딱 영화!! -20220205-,긍정
소영,3.5,"손 땀 잔뜩
납치극에서 살아남아도 트라우마는 어떡해ㅐ😭",긍정
이준영,2,"납치극은 대상이 누구인가보다도
상황별 선택의 공감대와 서스펜스가 장르의 재미인데,
이야기를 끌어가는 힘만 있고 서스펜스는 없더라.
다소 아쉬운 진행이 되어버린듯",부정
helpme,3,스포일러가 포함되어 내용을 생략했습니다.,긍정
정다정,2.5,"그냥 황정민.
그냥 뻔한 영화.",중립
Sienna,3,특별한 것 없는 그냥 그런,긍정
늘이,3,그냥 그랬음,긍정
디비디비디,2.5,아쉬우,중립
영화보는 고등어,2,"황정민의, 황정민에 의한, 황정민을 위한",부정
조한성,3,연기..👍👍,긍정
최희용,2.5,예상되는 전개이지만 범인조합의 살벌함은 대단.,중립
연암,2.5,경찰은 무능하고 악역은 초인인데 황정민은 신임,중립
Jin Kyong Shawn Joo,2.5,그냥 저냥 음~,중립
조영욱,2.5,혹시나 했던 전반부 전개와 역시나 하는 신파의 반복,중립
임명환,3,이거 이런 영화였어...?,긍정
송서영,2.5,"220203 @집
강약중간약 없이 강강강으로 몰아치다 급 마무리",중립
원담,2.5,"노골적이고 자극적인 방식으로, 반인륜적인 범죄가 사람을 어떻게 망가뜨리는지에 대하여",중립
Seikoon72,2.5,실화도 아닌데 굳이 실존 인물로(?) 설정하는 무리수를 두었나..의문이 남는다.,중립
시-타입,2.5,"반복되는 경찰의 무능함은 현실인가, 창의력의 한계인가.",중립
Sungin Park,2.5,신선한 설정 + 뻔한 스토리 + 어설픈 전개,중립
박경범,3,본명을 써서 실감나지만 조금 부족하다,긍정
Jinsol Hwang,3.5,22/01/30 넷플릭스,긍정
bogo,2.5,"황정민이 황정민을 연기한다
폭력과 고통을 보여주기 위한 영화
질린다... 이런걸 보라고 만들었구나...
결론 궁금해서 3배속으로 보기
알바가 살아서 다행
트라우마를 가진 피해자 눈앞에 고통스런 기억을 들여다 보여주는 현실... 이런걸 비꼬려고 의도한걸까?

좋은 배우들은 몇 눈에 띈다",중립
구미란,3,진짜 황정민의 황정민을 위한 영화다,긍정
개미,3.5,"황정민이 대단하긴 하다
주연도 모자라 본인 캐릭터를 연기하는 배우라니 ,,
ㅋㅋㅋㅋㅋㅋㅋㅋ
제목을 ‘인질’이 아니라 그냥 ‘황정민’으로 했어야 했다",긍정
차승호,1.5,황정민의 재능기부.,부정
안경민,4,이름을 아는 배우는 황정민 뿐이였지만 그래서 더 좋았다 (마무리는 좀 이상했지만),긍정
하랑,2,황정민 디게 좋아하는데 이건 쫌..,부정
Sue,2,시도는 좋았으나 표현이 진부했으며 늘려야만 한다는 강박이 있는 듯이,부정
2h,3,킬링타임용으로 좋은 패스트푸드같은 영화,긍정
mue,2.5,증말 피곤허다,중립
Albert Bonhong Koo,2,"세상에 없던 새로운 감성의 감독과 배우들이 기성의 그것을 어설프게 따라해 빚어진 어쩐지 애매한 무언가

기대를 하자니 실망스럽고 실망스러워하자니 뭔가 색다르고 좋았다. 황정민이 황정민 역할로 나온다기에 마케팅에 사용한 것처럼 제4의 벽을 뛰어넘는 독특한 구성의 영화를 기대했는데, 진짜 그냥 황정민 역할로만 나와서 어딘가 아쉬웠다. 어떻게 했어야 좋았을지는 모르겠지만, 뭔지조차 모르겠는 그 막연한 기대감을 채워줄 수 있으려나 기대한거니까.
이유미 배우가 오징어게임으로 유명해지기 전에 개봉한 영화라 마케팅에 적극적으로 사용되지 않았는데, 실제 비중도 기대만큼 크지는 않았다. 어딘가 불쌍한 역할이 잘 어울리기는 한데 묘한 흑막같은 분위기도 있어서 끝까지 살짝 긴장하면서 봤는데 별다른 반전은 없었다. 있었으면 오히려 식상해졌을 것 같기는하다.
간간히 감독 특유의 독특한 색이 나올 뻔했는데 상업 영화의 색채에 맞게 자제한 것 같다는 느낌이 들어 괜히 아쉬웠다. 황정민이 그냥 황정민일 뿐이라 사실 내용 자체가 특별할 것이 없다보니 전개의 과감함과 배우들의 신선함, 그리고 예상치 못하게 튀는 특이점이 있었으면 하고 기대했는데 무난하게 다듬어져 있어 어쩐지 뒷맛이 좀 어설펐다.

하지만 개성만큼은 뚜렷해서 감독의 차기작이 기대까지는 아니고 궁금함 정도는 되는 것 같다.",부정
챠왓,4.5,"현실을 스릴로
스릴을 현실로",긍정
김맹구,5,"5점까진 아닌데
황정민 나오니까... 의리로...^^",긍정
박준혁,2,황정민이 황정민으로나오는데 그냥 황정민나오는 다른영화랑 똑같다,부정
지누기,3,"흥미로운 초반에 비해 중후반은 다소 뻔하다. 이야기 전개도, 무능력한 경찰도.",긍정
Changmin Kim,3,황정민이 지겹다는 당신에게,긍정
마루치,2,"< 인질 >
Hostage: Missing Celebrity, 2021

왜
찍었을까?

이 영화를 ..

감독도 배우도

별점수는 ★★

#황정민 #나는_왜_봤을까?",부정
은진,2,절대 혼자서 독차지 하지 마라.,부정
린유,4.5,기대 하나도 안하고 봤는데 너무 재밌는데??,긍정
보라,2.5,아니 x발 파밍을 했으면 좀 써라.. 어?,중립
김선우,4,22.1.17,긍정
hereiam,2.5,왜 항상 경찰은 범인만큼 치밀하지 못한걸까?,중립
Yun,2,뭘 말하고싶은거지…..,부정
이현진,3.5,"그냥 영화 제목을 '황정민'으로 바꿔도 큰 무리는 없을 것 같다. 황정민 그 자체인 영화. 다만 중반 이후부터는 이게 사람인지 좀비인지 모르겠는 내구도를 뽐내는데, 자극적인 장면을 만들기 위해서라는건 알겠지만 자극적인 부분을 좀 줄이더라도 적당히 했으면 좋겠다고 생각했다.",긍정
쇼니,4,재밌으면 됐지,긍정
공갈빵,2,"마지막씬에서황정민눈빛빼곤 다별로
특히 납치범들 연기가 왜 그모양이냐
김재범은 대학로아이돌이라던데 왜 대학로아이돌타이틀에먹칠을.. 류경수는 자기가 잘하는 그 에너지 잘잡고갔는데..
아쉽지만 조화도 매력도 잡지못한 캐릭터설정과 연출.",부정
한기훈,2.5,"이제 이런 멍청한 캐릭터들은 지긋지긋하다

2022. 1. 13",중립
psl,3,로우 리스크 로우 리턴,긍정
smilegorany,3.5,"악당들이 뭔가 엉성하긴 하지만 전반적으로 안정적인 킬링타임 영화. 황정민 배우님 본인이 주인공으로 나오면서 익숙한 명대사나 캐릭터명이 쓰이는 건 흥미로웠는데, 단순히 유명인으로만 나와서 조금 아쉬웠다. 배우로서의 생활, 삶과 관련된 부분들이 조금 더 내용에 녹아들었다면 다른 영화들과 차별화된 작품이 될 수 있지 않았을까 싶다.",긍정
rio,2.5,황정민 팬이라서 봄.. 그냥 그뿐.,중립
수진,3,예상을 절대로 빗나가지 않음 . 딱 요럴거 같던 영화가 딱 요랬다 .,긍정
영화보는환이,,"안 일어날 것 같은 일이
일어나고 보니 일어났다
더이상 그누구도
스타든 아니든 인질 되지 말아야한다",알 수 없음
터슨패,2.5,중간까지 참 좋다,중립
강성현,3.5,처음 보는 소재라 재밌게 봤다. 후반부로갈수록 남는 아쉬움은 나만 느낀건 아닌듯하다,긍정
썽망,3.5,못 보던 배우들 신선하고 줄거리도 재밌는데 여성 배우들 너무 무능하게 나온다 훌륭한 배우일 텐데 영화에 나와서 하는 거라고는 개 뜬금없이 가슴 사이즈 오픈하고 죽는 것밖에 없다니,긍정
아임낫데어,2,재밌는 것만 보고 살기에도 인생 짧다,부정
박머핀,1,집중하나도 안되는 맛,부정
쏘딩,3.5,"보는 내가 심장이 벌렁거릴정도로 몰입있었는데
각본이나 연출보다도 배우들의 연기력때문이지 싶다
특히 마지막 엔딩에서 황정민의 연기는.. 박수가 절로나옴

(211211)",긍정
솔솔,2,"황정민 배우 연기야 더 말할 것도 없고 믿고 보는 검증된 배우이지만 이번 영화에서는 납치범들의 연기도 엄청났다.
​
류경수, 이호정 배우는 드라마에서 최근까지도 봐서 그런지 반가웠고, 김재범 배우... 미쳤다 진짜! 너무 소름 끼치게 연기해서 아직도 무서운데 그만큼 캐릭터를 잘 살려서 연기했단 거겠지!? 휴우 진짜 너무 무서웠다.. 너무너무",부정
조잘조잘,3,"황정민이기에 가능한 영화
영화스타그램 조잘조잘 @cho.__.jal",긍정
권준형,4,"기대 1도 안하고 봐서 그런가 너무 재밌게
봤다",긍정
박슬기,2.5,"무엇이 현실이고 영화인지 혼란스럽게
현실적인 배경속에서 극적인 연기를 했더라면 아쉬움
영화 속 현실속에서 황정민의 연기는 다른 영화의 황정민의 캐릭터 같았고 늘 똑같은 연기를 한다는 시선을 풍자하는 듯 했다

영화속 현실이 다시 영화가 될 수 있게
결말을 지었더라면
현장에서 클로즈업된 황정민이 카메라를 응시하며
끝내는 결말이면 어땠을까",중립
모두 찾아온다,2.5,"항상 뻔한 황정민이 본인을 연기하니 모든걸 끌어낸느낌. 의외로 괜춘
2022.01.07",중립
타누키,1,조잡하고 산만함,부정
sinain,2,컨셉 한번 독하다…,부정
명준,3,몰입시키는건 성공했지만 발목을 잡는 진부한 후반부,긍정
Ham,1.5,"주인공이 황정민이어야 할 이유가 없는 각본
찝찝한 전개 후련하지 않은 결말
22.1.3.월",부정
서보희,3.5,배우의 이름값과 연기에 다소 주눅든 탓일까.,긍정
박주헌,3,"어떻게 보면
황정민을 위한 찬사네",긍정
zap,3,엉성한 개연성을 동여맨 연기력,긍정
ㅈㅇ,3.5,황정민이 황정민으로 나와서 더 표현의 한계가 생긴 것 같다. 기대를 안하고 보면 재미있는 영화. 작품성을 기대한다면 실망할 것이 분명,긍정
박봉달,1.5,어설프다.,부정
히포,4,금방 보는 것 보니 킬링타임용 좋다,긍정
유민정,2,"황정민배우 영화 중 가장,,,,,👎🏻",부정
손혁,2.5,의도하는 스릴을 전달하지 못한채 예측 가능한 범위에서 사건이 진행된다.,중립
여채경,1.5,참신한 소재와 시도만으로 매력을 이끌어내긴 어렵다,부정
토들,4,'연기하는' 황정민을 연기하는 황정민. 본연의 모습은 아닌듯 했지만 디테일한 쫄깃함은 나름 괜찮았다.,긍정
안현,4,"킬링타임용으로 매우 괜찮음.
지루한 부분도 별로 없고,
오랜만에 한 번도 안끊고 끝까지 본 넷플 영화.

황정민이 연기톤이 아니었다면 좀 더 좋지않았을까. 살짝 아쉽다.",긍정
하암,1.5,배우 황정민이 납치된다? 너무나 궁금증과 호기심이 생겨 클릭 그러나 너무나 자극적이고 폭력 선정적이라서 내 취향은 아니었다 이게 15세라고요?? 진심 레알?,부정
김너스레,3,느슨해진 상영시간에 긴장감을 주는 영화.,긍정
서재혁,3,황정민이 캐리한 영화..악역을 좀더 연기력이 탄탄한 배우로 했으면…,긍정
정진호,3,스토리텔링 성공,긍정
박민제,3,역시 황정민,긍정
100호,4,"뭐 재미있겠어 라고 생각했는데 재미있네
미묘한 현실성",긍정
대감독,1,어느 무엇도 남지않는 두시간,부정
SON,1,스포일러가 포함되어 내용을 생략했습니다.,부정
손님,2.5,다 던진듯이 굴지만 어떤 것도 내려놓지 못한,중립
뜌굠,1,악당들 악당인척 연기하는게 너무 오글,부정
김성진,2.5,아주 좋은 장면과 그렇지 못한 장면이 번갈아가며 반복된다. 클리쉐를 줄였다면 더 좋은 영화가 되었을듯.,중립
KOO,3,황정민이 아니면..?,긍정
그랑죠,3,깔끔한 진행과 불편한 라스트,긍정
𝐩𝐢𝐜𝐧𝐢𝐜𝐤𝐞𝐫,2,"나는 이상하게 황정민 배우님의 연기에 감흥이 없다
참으로 이상한 일 🤔",부정
321,2,"꼭 그랬어야 했나 하는 전개가 힘들었던 영화
결말은 뭘 의미하는걸까",부정
1,3,울엄마 재밌어 함,긍정
윤재영,2,"황정민의 납치 체험...-끝
그뿐 스토리가 없어서 오히려 실사같은 효과 + 심심함",부정
Kevin,2,"하이퍼리얼리즘 영화는 참신 했지만

그래도 현실성이 떨어져서...

그냥 평범했다",부정
기린,3,"익숙한, 혹은 친숙한 수레에 새로운 얼굴들을 태운채 달려나간다.

ps. 우리나라에 연기 잘하는 사람들, 참 많구나.",긍정
개시리,3.5,"생각보다 재밌었음
특히 범죄자들이 정말 범죄자 같아서
연민의 구석을 느낄 수 없는 게 제일 좋았음
하나같이 개X끼들이라 맘 편하게 싫어할 수 있어서 좋음ㅎ

서도철 최철기 기자 얘기 꺼냈을땐 ㅜ
알아들은 내가 신기방기",긍정
MinSung Kang,2.5,야! 잘차린 밥상. 뭘 야려~ C급 무비 첨봐?,중립
MINI,0.5,유치하고 평범한 한국영화…,부정
택승이,3,"테일러는 편의점 직원에게 총을 겨누며  ""넌 뭐가 되고 싶었어?"" 라고 묻는다.
""수의사요.""
""6주안에 공부 시작해. 안하면 넌 죽어.""
그리고 그는 말한다.
""내일은 그의 삶에서 가장 아름다운 날이 될 거야.""

출처: https://pointstory.tistory.com/164?category=750794 [1001번가의 스토리보드]",긍정
매련,3,황정민 십분 활용법.,긍정
이서강,3,배우를 괴롭히는 새로운 방법?,긍정
김재성,2.5,211219,중립
정영운,4,아주 간단한 밥상인 줄 알았는데 진수성찬.,긍정
회향,2,저는 처음봅니다..,부정
강씨네수다,3.5,"""팬한테 어떻게 이래?""

+ 황정민의 새로운 표정을 보았다.",긍정
Meca Kang,2.5,"시작은 신선
신선도 유지는 글쎄",중립
김현수,2,황정민에 올라타서 순전히 날로 먹으려는 영화.,부정
민민왕자,2.5,어딘가 허술하고 아쉽지만 황정민이라서 봤다,중립
실리안,3,그저 킬링타임,긍정
안준용,2.5,차라리 조금 유머러스하게 풀어봤더라면 어땠을까 하는 생각이 든다. 악역들도 좀 과한 것 같다.,중립
워니:-),2,"류경수 연기너무잘한다,,
악역들 연기가 좀 아쉽다 😐😐",부정
채옥이,3,단순명료. 재밌음,긍정
giants_lee,3,익숙함 속에 새로운듯 다소 엉성한 낯섦,긍정
김철민,3,"욕심내지 않은, 웰메이드 장르물",긍정
십일,2,어정쩡하다,부정
Sasasa,3.5,황정민이 너무 황정민이야ㅠ,긍정
Mia-Wallace,2,"황정민의 원맨쇼, 거기에 더해지는 악당들의 발악쇼.",부정
-_-,2,황정민이연기로멱살잡아끌어올려도따라와주지않는다,부정
류정민,2,난 이런 쓰잘데기 없이 폭력적인 영화가 싫더라.. 난 나쁜놈들 찢어죽이는 영화가 좋아 타란티노같이,부정
BK,2,@넷플릭스,부정
송민석,3,어찌 보면 이야기를 끌어가는 게 힘들 수도 있는 영화였지만 나름 잘 이끌어간 것 같다.,긍정
쇼비,3,"황정만을 위해 그럭저럭 잘 각색한 리메이크작 이지만 원작인 ‘세이빙 미스터 우’ 보단 못한 느낌. 그래도 원작은 실화 였다는 느낌을 어느 정도 느낄 수 있는 리얼리티가 있었는데, 황정민 버전은 리얼리티를 완전히 배제하고 액션에 좀 더 비중을 둔 듯 하다.",긍정
폴키킴,2,최영환 감독님,부정
영화교살,2,"감독이 황필른이네
황정민연성이 실화가 된 영화",부정
피엑스병,2,배우들 연기력은 좋은데 뭔가 다른영화 패러디를 보는기분,부정
추민규,3,우리나라 경찰력과 광기에 어린자의 협력작품.,긍정
Doiary,2.5,"신세계를 본 관객을 전제로 익숙함을 소재로 이끌고 나간 형식은 신선했지만 가면 갈수록 질리는 맛인게 아쉬웠다. 황정민 연기 넘 잘한다 ˙ᵕ˙
형사는 한 번에 쓰러지는데, 황정민은 대체 목숨이 몇개인가ㅋㅋ",중립
WOO,2.5,울림없는 맹목적인 자극에 대한 질주.,중립
시그사우어,2.5,감독의 패기 하나,중립
기메민,1,왜 본다고했을까...?? 과도한 폭력씬이 눈에 거슬림,부정
지하인간,2,"한국 영화 역사상 가장 독창적이었던 아이디어 중 하나임은 부정할 수 없지만, 그에 비해 지나치게 작위적이고 촌스러운 감이 있다. 황정민이라는 이름 석자를 빼면 남는 것이 거의 없는 작품이 아닐까.",부정
박 성호,3,인질 잡기보다 중요한 건 멘탈 잡기,긍정
양성순,1.5,"영화보는데 집중이 안된다. 왜냐 뻔한 스토리 라인 따라가고 뻔한 연출 하고
뻔한거 반복하고 있으니깐.  그러면 배우 연기도 뻔해진다.

그러고 보니 참 뻔뻔한 영화다.",부정
정종혁,3,익숙치 않은 배우들로 불어 넣은 리얼리티를 등에 업고 온전히 황정민으로 견인한다.,긍정
임규빈,3.5,황정민을 위한 영화 한편. 조금 비현실적인 영화 요소가 많이 들어간점이 아쉽 !,긍정
웅재박,3,다 본 뒤 어렴풋이 나타나는 본질 망각의 우,긍정
허두녕,3,예상 보다 괜찮음,긍정
육종석,2.5,"천만배우라는 상징이 있다고해도 실명으로 출연할 이유가 전혀없다.
코믹장르도 아니고 실제인물을 전복시킬 생각도 없고
그런의미에선 차인표가 더 충실한 영화다",중립
박성진,4,스포일러가 포함되어 내용을 생략했습니다.,긍정
강현수,2.5,"몰입감은 최고지만, 헐거운 고리들이 마지막까지 보는데 신경쓰임",중립
봄날,2.5,천만 배우는 확실히 다르구만,중립
Sophie,3,내내 긴장감있게 재밌게 봤고 얼굴이 잘 알려지지 않은 배우들을 써서 몰입감있었다. 마지막만 조금 아쉽다,긍정
영상학개론,3,그가 배우라서 가능 했던 것.,긍정
Li,2.5,스포일러가 포함되어 내용을 생략했습니다.,중립
이원일,2.5,형식의 시도와 배우의 명연기가 무색,중립
한상환,3.5,스케일이 작으면서도 긴박함은 놓치지않고 배우로 잘끌고 나간다 조금더 스케일이 작게 실험적 도전도 가능했을듯한데 여튼 긴장감하나는 잘 잡았다,긍정
김수한무,2.5,"남은건 정민이형.

뻔한 클리셰와
90년대라면 신선했겠지마는,
이제는 납득할 수 없는
행동들.",중립
WatchaPedia,2,킬링타임으론 좋았지만 리얼함이 크게 없었고 배우들의 연기도 감명깊지않았다.,부정
김자몽,2.5,뭔가 그냥 하고싶은거..찍고싶은거 한거같은?,중립
잠탱이아빠,2,ㅋㅋㅋ 좋다,부정
groovie,3,캐릭터가 굳이 황정민 아니었어도 크게 다를 건 없었을 듯,긍정
충분이,3,어떻게 보면 성공적,긍정
피묻은칼,2.5,2021.12.14,중립
nayoungseon,3,캐스팅의 힘,긍정
jeipak,3,시도는 좋다. 그런데 불편함을 유발하는 장치들은 거슬린다.,긍정
권혁우,3.5,황정민 원맨쇼의 안정적인 리드,긍정
김소희,4,예상했던 고구마 예상했던 사이다,긍정
jememe,1.5,실화 배경이 아니라면 이 영화의 존재 이유는......,부정
이갈리아의 딸들,3,이런 장르에서 마지막에 주인공과 악역의 1대1 대결.. 그러려니 하려고 해도 너무 한 것같다 경찰도 이기는 악역을 탈골한 정민이 형이 이긴다고??,긍정
여인호,3.5,넷플릭스 홈,긍정
xrush,2.5,"황정민이 한번쯤 영화찍으면서
상상했을것같은 느낌ㅋㅋㅋ",중립
이미형,1,재미없쟈나.. 싸이코가 이해가 안되서 괴로웠…,부정
이창수,3,"아이디어는 정말 참신하고 좋았고 전반적인 긴장감 구성도 좋았으나...
범죄자들이 너무 빡대가리처럼 일을 크게 만들어서 내용 몰입을 방해함.
5억 받자고 히멀 건한 대 낮에 택시 기사나 편의점 알바 다 죽이고 황정민네 집 다 털어서 매니저가 눈치채게 만들고 ㅋㅋㅋ 개노답임",긍정
주상현,2,긴장감은... 어디로?,부정
불휘불휘깊은나무,4,킬링타임용으로 확 몰입하기에 좋음,긍정
wooznn,2,"좋은 소재 선택을 하고
뻔한 내용으로 이끄는 부분이 아쉽",부정
김근재,4,"실제의 삶으로 이야기를 만든것에 대해서는 신선하다.
황정민의 연기는 드라마가 아닌 영화에서만 통하나 보다.",긍정
죠온윅,2.5,스포일러가 포함되어 내용을 생략했습니다.,중립
김진산,2.5,신선하긴하다,중립
섭웨,1.5,스포일러가 포함되어 내용을 생략했습니다.,부정
home,3,잃을게 없는 사람은 없다,긍정
MM,3.5,"21.12.11
경찰의 상태가..,",긍정
정민기,3,악당이 편의점에서 흥분하기 전까지는 좋았다,긍정
바나나우유,3.5,황정민에 제작비를 몰빵해서 조연들 (특히 경찰들) 연기가 너무 아쉽다. 메인 빌런은 처음 보는 사람인데 연기를 잘해서 좋았다. 그냥 시간 떼우기 좋은 영화.,긍정
최재욱,2.5,"후배들의 무대를 만들어 주기 위해 자기 이름을 내어준 황정민과, 그런 선배의 선의에 열연으로 보답한 후배들",중립
김한수,2.5,"음.. 예전에 외국 영화 중에서 이런 류의 영화들을 많이 봤었는데.. 이든레이크? 도 있었고 또 뭐더라..  제목들은 다 기억나지 않네 어쨌든 뜬금없는 폭력을 보면 내가 저 상황에 어떻게 할지 그리고 저 새끼가 어떻게 될지 생각하며 끝까지 보게 된다.
하지만 이 영화는 좋지 않았던것 같다.
끝까지 보게는 했지만 현실감이 더 있었으면 하고.. (극중에서도 유명배우인 황정민이 납치되는것 부터가 좀..)
그리고 자꾸 작위적인 설정도 거슬린다 그냥 악, 악함에 집중했으면 좋겠는데.. 황정민이 영화 시작하자마자 납치되다보니 이럴수밖에 없었던듯 하지만.",중립
서강석,3,"황정민이 황정민으로 등장하는 설정이 흥미롭고, 발암 캐릭터들과 절대악 빌런들 사이에서 고군분투하는 황정민 연기 대단하다. 다 보고닌 후에 원작이 있다는 걸 알았는데 언젠가 한번 찾아볼 수 있다면 좋을듯.",긍정
こょ,3,생각보다 몰입도 있었음,긍정
황지성,2.5,"경찰이 너무 답답하다
총은 장식이냐!",중립
yj,2.5,그저그런 예상가능한 수준,중립
양브리,3.5,상당히 흥미로웠음,긍정
조승상,3.5,"오. 예고편 보다 재미있음.
살면서 범인같은 인간들과 마주치더라도 불상사가 생기지 않게 겉으론 친절하자.",긍정
수딘이,1.5,그냥 기분나쁜 영화.. ㅠ 그나마 익숙한 황정민이 나와서 이정도 별점준다.. 갈수록 긴장감이 고조되는 게 아니라 답답함이 고조된다 ㅋㅋ 진짜 괜히 봤엉 ㅠㅠ,부정
류크 김박봉나,1,"1.  '황정민이 황정민인 영화 있으면 재밌겠네 허허허'라는 이야기를 상상한 각본가? 감독이 오 이거 재밌겠는데~ 하고 시나리오를 썼는데 개봉을 하려면 적어도 90분은 찍어야 하니 무작정 이야기를 늘려서 만들다가 개판된 느낌?

2. 유지사제",부정
제작하다 녹음하는 김수삐,2.5,현실도 영화도 페이크 다큐도 아닌 넌 정체가 뭐니. 한시간 반이 이렇게 길었니,중립
건축가,3,영화계를 이끌어갈 배역들의 발견,긍정
우르르쾅쾅,2,"초반은 신선했으나 그것뿐이었다.
뒤로 갈수록 너무나 예상된다.

ps.스토리를 위한 것이었어도 경찰이 너무 무능하게 나온다.",부정
YammY,2.5,배우 황정민이 인질로 잡힌다는 점 말고는 모두 다 진부했다.,중립
박지수,2,ㅎㅎㅎㅎ,부정
박인동,3,"뛰어난 상수, 부족한 변수",긍정
유프로,2.5,"영화자체 시간은 잘 간다만 악당들이
시작부터 황정민한테 질꺼같이 생김",중립
박지영,2,"영화 바깥의 실재적 요소들을 대거 투입하였다고 그것을 리얼리티 혹은 리얼한 것이라 말할 수 있는가의 문제. 영화의 내적 논리와 짜임새는 전혀 리얼하지 않을 때, 우리는 어디에 초점을 두고 따라가야 하는가.",부정
woogiibooster,3,"그래, 재료만 다를뿐 익히 알고 있는 그 라면 맛이야!",긍정
철현,0.5,오랜만에 영화보면서 화가 난다,부정
손기정,2,"8월에 예매해놓고 바빠서 까먹고 못본게 억울해서
넷플 떠있는거 보고 봤는데 그냥 못만든 한국영화였고
덕분에 부당거래 한번 더봤다",부정
이주현,2.5,인질,중립
민경,2.5,"황정민을 제외한 모든 등장인물들이 다 조급해보인다.
화에 가득 찬 욕들은 어색하고.. 스토리 자체는 그럭저럭이었지만 연기가 별로였음",중립
좌포청종사관,1.5,이건뭐..  이도저도아닌.. 그저그런..,부정
얇아애어리,3,신선하고 진부했던 인질극,긍정
2983,2,요즘영화 맞나 싶을 정도로 진부,부정
무비라이더,3,망한 영화를 심폐소생술로 이렇게 살려낸 각본가에게 박수를,긍정
비밀,3.5,나쁘지 않은데?,긍정
유국토,1,"고급 주방, 신선한 식재료로 끓인 한강라면 한젓가락",부정
다래,3,김재범 마스크 존나 대박,긍정
천호영,3,황정민이 히어로로 변신하는 대목부터 영화의 밀도가 떨어지긴 하지만...,긍정
규리,2,인질극에 알맞게 깝깝했다,부정
홍성협,3,2021-12-08,긍정
박지원,2.5,김재범님 연기 좋네요. 뮤지컬보다 더 잘하는듯,중립
Icemango,3,"황정민의 미묘하지 않게 연기자 황정민스럽지 않은 연기가
묘미이다. 애초에 설정해둔 소박한 목표를 충실하게 달성하는 영화",긍정
movies.movie,2.5,"악역이 안 무서워서 몰입 안 됨
(우리 새벽이 넘 반가웠음)
소연(이유미배우) 샛별(이호정배우) 역할의 필요성은 무엇인지 왜 그렇게 소모될 수밖에 없는지 궁금하다",중립
김병국,3,적당한 포카칩,긍정
강형구,3,김재범이란 배우만 발견했으면 됫다,긍정
Nuyh GnasG  noh,3,실제 배우가 극 중 인물일 때 장점은 배우의 필모를 갖고 놀 수 있다는 점이고 단점은 그 배우의 이미지에 갇힌다는 점을 알 수 있게 해 준다. 모든 게 잘 돌아가는 연출이란 건 알겠으나 컨셉의 잠재력을 다 써먹은 건 아닌 느낌이고 오히려 주인공 배우 특유의 매너와 정의감이 이야기를 억누른다는 인상을 준다.,긍정
김숨니,3.5,킬링타임용으로 적절,긍정
이병전,2.5,한국종특영화,중립
Justin Ui-Do Kim,1,스포일러가 포함되어 내용을 생략했습니다.,부정
Sekang,3,황정민 배우의 생활 연기를 담고 싶었나..? 다른 영화가 더 생활 연기 같다…,긍정
Tae Young Heo,4.5,"첫 인상과는 다르게 황정민 원맨쇼는 아니엇다
심장이 쫄깃쫄깃 ! 보는 동안 복잡한 생각들일랑 모두 잊고 살떨리는 인질극에 몰입했다!",긍정
최인혁,2.5,"재밌다고 하기엔 엉성하고
별로라고 하기엔 짜임새있다.",중립
김광휘,3.5,나쁜놈들 반목하는거 보는맛에 본다.,긍정
쫑쫑,4,한시간 반동안 몰입도 최공,긍정
김용근,4,“삐리빠리뽀!”,긍정
순돌이,2,스포일러가 포함되어 내용을 생략했습니다.,부정
이예원,3,20211207,긍정
관민,2,신선한 소재 선정이 끝,부정
호호,2.5,몰아치긴 한다. 짧아서인가,중립
m2ed,3.5,스타의 삶은 무서운거구나...,긍정
heelit,3.5,하 초반부터 그냥 유투브 5분요약을 볼까 하다가도 결말이 궁금해서 1.5배속으로 다 보긴 봤다. 시간도 짧고 나쁘진 않았지만 저예산 독립영화에 황정민이 출연한거 같은 느낌.. 전체적으로 부조화스럽고 뭔가 어색한 그 느낌.. 음 고생하셨습니다,긍정
재민,2.5,원맨무비일 줄 알았는데 오히려 조연을 살리려 한 점에서 모두가 아쉬워져버린 우연적 클리셰 덩어리,중립
Yunmin Park,1.5,"뭔가 어정쩡한 느낌인데
이도저도 아닌것같아",부정
울감,2,잔뜩 준 힘을 아쉽게 놓아버린다,부정
배지훈,2.5,폭탄이 터지고 액션이 나오면서 선 넘었다,중립
HYEONGCHAN KIM,3.5,황정민의 연기가 가장 꿀잼,긍정
Hee,3.5,"3.5점 이상 줄 정도로 재밌긴 함
근데 초반부가 과도하게 폭력적이라서 눈살이 찌푸려졌다
황정민 제외하고 다른 배우들은 별로 연기 못함 특히 우물거리는 발성 좀 어떻게 해줘라 넷플에 한글 자막있어서 다행이었음",긍정
choi,3,"황정민 매드무비
왜 영화감독들이 황정민을 선호하는지 알것만 같다",긍정
뽕재종,1,확인사살좀...,부정
LIM,1.5,설정만 신선하고 감독이 황정민을 위해 바치는 선물 같은 영화… ㅋㅋㅋㅋㅋㅋㅋㅋㅋ;; 거북함,부정
양희영,1.5,"한번도 없었지만 어딘가 익숙한 황정민의 극중 모습...
재미도없고 참신함도 없지만 전개가 너무 궁금해서 계속 보게되었는데... 결국 그 의도에 걸린건가
21.12.06 집넷플",부정
김태민,3.5,"황정민 역의 황정민이라니 신선했다.

본인 자신을 연기하는게 오히려 쉽지 않았을텐데 그걸 해내는 황정민이 존경스럽다.

영화 자체는
납치 상황을 리얼하게 표현한 몰입감있는 스릴러 영화였다.

황정민이든 빌런이든 경찰이든 각자의 자리에서 최선을 다하는 모습이 보기 좋았다.

파주가면서 봄

21.12.7",긍정
백진호,0.5,"개연성은 개나주고, 인물들에 대한 설명이 너무 없음.
뜬금없이 반전을 주는 이유를 모르겠음..",부정
박현섭,2,악역의 중요성,부정
에밀리,1,"1. 재미가 없다.

2. 긴박감도 없다.

3. 페이크다큐형식인거 같은데 범인들의 캐릭터나 색이 없어서 그냥 갑자기 등장한 악당같음.

4. 그냥....킬링타임...시간만 날린 느낌",부정
김덕관,4,"황정민이 연기하는 배우 황정민..👍
with.빙수+떡볶이",긍정
김두호,3,역시 믿고보는배우,긍정
charie,3,결말은 아쉽지만 현실감이 있어서 지루하지 않게 봤다. <차인표>랑 비슷할까봐 아무 기대 없이 봤는데 볼만 함ㅇㅇ,긍정
ming,1.5,"왜 이렇게 넷플릭스에 빨리 풀렸나싶었더니^~^

2021.12.07 넷플릭스 관람",부정
에꼬르,2.5,불쾌함과 불편함이 가득,중립
류승희,3.5,포스터 무슨 블록버스터급이고,긍정
햄밍,2.5,스포일러가 포함되어 내용을 생략했습니다.,중립
오긩,1.5,2021.12.07,부정
도헌킴,3,배우들의 열연,긍정
ok go,2.5,"차인표를 차인표가 연기하면 별로듯, 황정민도 마찬가지.",중립
박진아,2.5,짜친다..,중립
써니,2.5,"경찰들이 시종일관 너무 답답하게 굴어서 별을 뺍니다 ... 이것도 감독님이 의도하신건가요 ..... 영화 보는 내내 어찌나 답답하던지 .........

스토리가 -특히 후반부로 갈수록- 조금 미흡한 부분이 있지만... 황정민의 연기는 빛이 났다. 류경수도 이런 역할 너무 찰떡이다.",중립
DRken Jang,2,설정과 시작은 좋았는데.. 클리셰클리셰클리셰,부정
김경미,2.5,소재는 신선했는데 이야기를 풀어나가는 방식이 너무 전형적이라 다음 장면이 기대가 되지 않는 게 제일 치명적이었다.,중립
둡둡,2,"인 인간을 묶어놓고 때리는 사람은
질 질이 나쁘다",부정
김정식,1.5,"아찔하다

이영화를 극장에서 봤을 생각을하면",부정
팥차,3,"사실적으로 와닿게 시나리오를 잘 쓴 듯
황정민의 실제 캐릭터를 잘 이용해서",긍정
먹으세요,4,아름다운 자연산. C컵의 움직임을 볼수 있던것에 대해 감사하는 마음으로 별 4개를 보내드립니다.,긍정
다쿠루,3.5,그냥... 볼만한데요,긍정
노광욱,3,황정민이 황정민인 것만 제외하면 리얼리티라곤 찾아볼 수 없는 영화,긍정
타키,1,황정민 영화 그만 찍길. 공짜로 찍음 연기 왜케 날림임?! 박성웅 연기는 무슨 애들 장난이데,부정
Hye,5,#2021.12.06,긍정
김혜정,2,"""뭘 연기해도 결국 황정민이 보인다"" 라는 평가 제법 많았는데 진짜 황정민이 황정민 연기하는 거ㅋㅋㅋㅋㅋㅋㅋㅋ",부정
SEOJUN,1.5,시도는 좋았으나...,부정
ONGO,3,연기를 너무 잘하니 극 중 고통스러워 하는게 연기인지 상황속 진짜 고통인지 하는 말이 구란지 진짜인지…,긍정
나연,2,초반 30분은 볼만한데ㅔ…,부정
강성찬,3,김치찌개에는 핫소스를 넣지 말자,긍정
chu,1,황정민이 황정민했다,부정
Vonchio,3,"1. 황정민 연기의 마지막이 아닌가싶을 정도로 연기한다. (자신에게 감정이입한건가???)
2. 인질보다 인질범의 연기가 더 어려울텐데 조연들의 연기가 가히 황정민에게 주눅들지않는다.(정재원 이호정...)
3. 범죄극 치고 시나리오는 좀 짜치지만(특히나 형사들의 연기와 행동은 아마추어 수준) 여형사의 눈썰미는 현장감을 줬다
4. The Passenger 를 마지막에 깐 이유가 궁금하다.
5. 다만악에서 황정민의 연기가 빵점이라면 이번 연기는 75점 준다

☞☞☞ ★★★
P.S  황정민이 인질범을 죽이지 못한게 후회스럽게 다가오는 마지막 트라우마 씬",긍정
쏘라,3,"엔딩이 그려지는 뻔한영화지만
납치범으로 나왔던 배우들의 연기가 👍🏼",긍정
allsmith,1,무엇도 아닌,부정
배부른소크라테스,2,오징어게임 이전에 볼걸,부정
백경모,2,스포일러가 포함되어 내용을 생략했습니다.,부정
Minaeee,3.5,머그저시간남을때보면괜찮을듯..,긍정
디두,2,킬링타임,부정
권희원,3.5,"황정민 뻔한 연기가 살린 최고의 원톱 영화
반복되는 캐릭터성에 논란이 되던 뻔함이 페이크 다큐 속에서 완전히 반전된다

황정민은 황정민을 연기했을 뿐
그것이 그 자체로 리얼했다

클리셰 속에서도 쫄깃한 긴장감을 만드는건 진정한 황정민의 연기와 많은 조연배우들이 만든 진심.",긍정
상선,3,긴장감은 오케이,긍정
손준영,3.5,흔치 않은 리얼리티 컨셉 ㅋㅋ 주말저녁 킬링타임용으로 완전 굿 ㅋㅋㅋ,긍정
Tim,3,"딱히 덧붙일 말 없는 영화, 칭찬도 욕도 아닌 딱 중간.",긍정
이창현,3,캐스팅과 호연으로 나름 잘 버텨낸 90분.,긍정
말콩,2.5,어쩌라고 🙈🙊🙉,중립
하외욤,3,주인공은 살테니까. 그래서?,긍정
이한승,3,"실제 황정민이라는 세계관을 입힌 설정을 제외하면 지극히 평범하고 무난
전반에 비해 후반에 힘을 잃은듯한 느낌",긍정
웅이,1.5,보다가 폰봄,부정
안상영,2,자신이 차려놓은 밥상 위에서.,부정
뿜뿜,3,"황정민 본인으로 나온 게 유치하면서도 참신했다.
그리고 작전동이 반가웠다.",긍정
ㄷㅈㅁ,3,설정 자체가 기발했음 딱 그 뿐,긍정
JUNSIL OH,4,소재도 신선하고 연기도 지림 재밌어요,긍정
maru,3,"황정민이 황정민 한 영화
박성웅은 까메오인가?",긍정
Lee Jong-won LJ,3.5,"황정민의 레버넌트,
2021년에 빛나기 시작한 배우들의 발굴.",긍정
술잔속의달빛,1.5,"황정민이 황정민을 연기하고, 인질은 환자인척 연기하고, 악당들은 바보인척 연기한다.",부정
김규식,2,무게가없다,부정
김광천,3.5,스포일러가 포함되어 내용을 생략했습니다.,긍정
슈슈,3,"결말이 별로인데 현실적이어서 쫌 짜치넼ㅋㅋㅋㅋㅋㅋㅋㅋㅋ
그리고 황정민보다 저 범인이 더 연기 잘 하는것같은데ㅠㅋㅋㅋ저 분 상 좀 받으셨을까…….궁금……",긍정
퍄룽,3.5,"있을 듯 하지만, 없을 것 같은 이야기를 실제 인물 기반으로 풀어내어 더욱 현실감  다가왔던 것 같다.
만약, 실제 제판이 이루어진다면, 어떻게 될 지 궁금해진다.
21.12.05 넷플릭스",긍정
만두,3,아쉬운 부분들도 분명 있었지만 적당한 긴장감을 극 후반부까지 유지해서 좋았다.,긍정
Soohyeon Noh,1.5,어우 다들.. 찍느라 고생했겠당,부정
maree,3,뭐니뭐니해도 캐스팅이 신의 한 수 였던 듯. 안정감있게 끌고 가는 황정민과 그 외 조연들의 앙상블이 좋았다.,긍정
돌발사태,1.5,이상하게 10분 이상 연속해서 보기 힘들다.,부정
방정환,3,"무난한 킬링타임용, 부실한 악당서사",긍정
호가든,3,황정민원맨쇼,긍정
최삼영,3,황정민이다!,긍정
LostStarB612,2.5,"메시지의 부재, 허망한 킬링타임",중립
삼선짬뽕,3,역시 황정민,긍정
해밀,2.5,"무난한 한국영화.
-
15세라기엔 좀 잔인하다
-
언제나 믿고보는 배우 김재범 짱",중립
LP,2.5,하..원작 보세요........,중립
비밀임다,3.5,어설픈 페이크다큐보단 확실한 연기가 좋았다,긍정
엠마(Hyun),2,"이 영화에, 황정민이 황정민을 연기했어야 하는 이유가 없다. 그냥 가상의 배우 역할로 나왔어도 충분했고 그랬다면 오히려 더 설득력있었을 영화.",부정
박시현,3.5,"의외로 괜찮음.
평만 보고 안 볼뻔!",긍정
사춘기,2.5,황정민은 황정민을 하면서 익숙함으로 밭을 갈고 다른 얼굴들은 신선함의 씨앗을 뿌려놓는다.,중립
리지,0.5,15세? 피떡칠하고 계속 욕하고 총기 제작에 쏘고 난리 부르스를 치는데 15세? 진짜 미성년자가 이거 봐도 된다고 생각하세요?,부정
졸 냉정평가자,0.5,역시 감독이 중요해,부정
르 리차드 퐁 3세,1.5,안 좋은 습관은 다 담긴 영화 이렇게만 찍지 마세요! 를 알리는 교육용 영화 같다,부정
LSG,2,그냥 쏘쏘해,부정
김도우,2.5,2021.12.04 넷플릭스,중립
이경아,3,"설정은 좋았는데, 결론은 사진을 잘 찍어주자인가? 갸우뚱.",긍정
배인한,3,"배우들의 실명을 걸고 시작하는 생생함.
납치를 위한, 구조를 위한 설정과 적당한 전개.
조금더 긴박감 있게 연출했다면.",긍정
18g25”36g,2,황정민 유니버스,부정
현영호,3,"생각보다 재미있으나, 악마같은 놈이 나오니 기분 나쁨",긍정
상원,2,"확실히 긴장감은 있었고,,,
오히려 현실적이라는 느낌도 받긴 했으나
전체적으로 너무 무난하게 시간만 흐른 느낌이다.",부정
로온,3,좋은 배우들 데려다놓고 뭐한겨 대체,긍정
Jeongpyo Lee,3,천만관객을 인질로 삼은 천만배우의 연기 탈출,긍정
박은학,2.5,실제로 일어날 수도 있을 법하다. 후반부만 빼고,중립
가람과뫼,3.5,기대 이상으로 쫄깃한 맛이 살아있네.,긍정
WatchaPedia,2.5,"현실로 일어난다면 가정하고 본거지만
연기력은 흠잡을때 없었음
스토리는 뻔한 이야기",중립
우인식,3,악역맡은 배우는 곧 뜰거같다,긍정
콘스탄티노플,3,"끝까지 긴장감을 유지하는데
액센트가 없다~",긍정
박지석,0.5,허허…,부정
문노을,3,황정민 연기 찐!,긍정
Park Dae-won,2,"황정민이 아닌 그 누가 나오더라도 뻔하게 나올 법한 이야기를 보여주었다.
특별히 뽑아낼 에피소드나 복선, 차별화된 전략이 없는 것이 런닝타임으로 증명되었다. 그나마 캐릭터의 연기력으로 버틴듯하다.",부정
복어대가리,3,"2021.12.04
집",긍정
김현수,1.5,처음부터 잘못 만든것 같은,부정
김동현,3,근래 보기드문 인상적인 악당,긍정
성식,3,이름값을 소재로 소비하는 데에 있어 단순히 단면만 핥는다.,긍정
Mr.Lee,3,"자극적이라고
더 낫다는건 아니다

# NETFLIX",긍정
고니,1.5,"아니 이건 뭐 너무 현실적이라 그런지.. 납치범들이 진짜 일반인들처럼 연기가 아쉽고.. 뭐 다 죽고, 맨날 경찰은 다 약하고.. ㅠㅠ",부정
루니37,2.5,새로운 시도였으나 뻔한 스타일인 팝콘영화 by 넷플릭스 21.12.4,중립
서원철,3,황정민은 그날밤 차를 편의점에 주차하고 어딜가려 했을까?,긍정
이현석,2.5,이러니깐 브라더말만 믿고 따라오라고 할만하네.,중립
대중과는 다른  감각의 영알못,4,아무리 연기라지만 개고생 했을 황정민을 생각하면 별 4개는 아깝지 않지!!!,긍정
뭐없다,3.5,"211202

220528",긍정
박준호,2,스포일러가 포함되어 내용을 생략했습니다.,부정
kyu,3,"경찰이 당혹스러울 정도로 무능함
유지사제는 여기서도 나쁜놈이고,
240번은 여기서도 불쌍함",긍정
김윤석,1.5,황정민이라 1.5점 준다 진짜 후,부정
기미연,4,"흔하고 단순하게 아무생각없이 볼수 있는 영화는
황정민과 외유내강이 만나 류승완 너낌 물씬나는
영화가 되었다.

때론 복잡하게 머리쓰는것보다
여기서 이렇게 되겠지 예측하고 그걸 맞추는
재미로 영화를 보는것도 좋은것 같다.",긍정
넝마주이,1.5,"한숨 나오는 설정과 한숨 나오는 전개와 한숨 나오는 연출의 연속.

그냥 저냥 대충대충~ 시나리오적 고민이 별로 안보인다.",부정
수진,3.5,"연예인 한 번 하기 참 힘들다......ㅋ
근데 진짜 있을법하다고 생각돼서 공포영화보다 무서웠음...",긍정
승ㅏ,0.5,주인공빼고 나머지 캐릭터가 바보스러워서 몰입이 잘 안됨.,부정
김인수,2.5,"급발진이라니...
돈뜯어먹기 어렵네..
소소했다",중립
강촌마을,2.5,"넘치는 클리셰속, 진부함과 이를 극복하려는 노력이 주는 묘한 기분.",중립
쫑범,2,연출에 비해 시나리오가 너무 떨어진다,부정
조대현,2,소재만 재밌넹ㅎㅎ,부정
도도도도도,4,"넷플릭스랑 웨이브에서 볼수있었다.
인질범들과의 관계는 몰입하면서봤는데 경찰들은 뭔가 몰입이안되네.
그래도 충분히 재밌게봤고 90분이라는 시간도 길지않고 딱 집중할수있었던것 같다",긍정
이주환,2,1편도 없는데 속편 보는 듯한 답답함,부정
뎅쥬,2,이런 어벙한... 범인들을 보았나,부정
한끼밧데리,3,"시작은 실제상황인척 하지만, 배우가 대사를 뱉는 순간 이건 영화일뿐이라고 강력하게 주장한다.",긍정
성태진,2.5,황정민이 인질이 되는 팝콘 무비. 기발했으나 내용은 그리 특별하지 않다.,중립
솔직한 코멘트 봇,1,"시끄럽고 정신없고....... 빌런은 무슨 만능이고...
캐릭터들이 너무 평면적이다. 본인을 연기한 황정민을 제외한 배우들의 연기들이 정말 아쉽다. 특히 메인 악역의 연기가 너무 아쉬웠다. 너무 힘이 잔뜩 들어가서 ""난 냉철한 싸이코야~"" 하는 연기.. 이제 한국 영화에서 이런 연기 좀 그만 봤으면하는 바람이 있다.
그리고 독전을 비롯해서 이런 영화에 쓸데없이 여성 배우들 벗기고 자극적으로 보여주는 씬.. 정말 정말 그만 좀 하길... ""c컵 처음봐?"" 라는 대사는 정말 충격과 공포였다.......

영화 소재가 신선해서 연출과 캐릭터에 조금만 더 신경을 썼다면 어땠을까 하는 아쉬움이 남는다.",부정
MS,3.5,줄거리만 보고 그저그런 코메디 영화라 생각했으나 현실은 스릴러,긍정
링링이,4,너무 끔찍하다 쓰레기같은 나쁜놈들,긍정
RUBY RED,0.5,황정민의 모노드라마,부정
어른 아홉살,3,"여름에 개봉할 법한.
개성 강한 인물들이 경쟁하듯 막나가는 아쉬움.
황정민님의 무게중심으로 수평을 이룬 듯.",긍정
나는깐용,3,"절반까지 본 입장에서 말한다.
난 재미있다고 봄..
결말까지 가면 실망하겠지만...",긍정
Jongho John Park,2.5,연기는 아쉽고 흐름은 뻔하고,중립
ㄱㄱㅎ,3.5,이거 왜 재밌지??,긍정
강유현,3,"- 스릴러 장르영화로서 한국에선 드물게 메인스토리에 집중하며 볼만하게 만들어냈다. 영웅서사에 등장할 만한 캐릭터로 만들어진 '황정민'은 조금 몰입이 깨지긴한다.

21.12.03 넷플릭스",긍정
김레띠,0.5,"기만있고 승전결 없음
자서전을 영화로 낸건가
본인이 집에가다 생각나서 냈다고는 했지만 정말 그게 끝일줄이야.. 큰엄마 봉고 뭐 그거 이후로 이만큼 황당한 영화는 또 처음이군요
이런거라면 우리 은우도 하나 찍어주세요",부정
이승민,3.5,"연기속의 연기가 연기속으로 사라진다
지렸다 부라더…..",긍정
미레도레미미미,3,"깔끔하다

2021.12.3",긍정
Min,3.5,"시도는 신선했으나
알맹이는 그닥이드라",긍정
허효식,1,얄팍한 아이디어,부정
김세현,3,"경찰의 무능함이 엄청난 영화
황정민이 살렸다.",긍정
프로방스,2,엉성한 플롯 속 낭비된 '황정민',부정
소연,1.5,"황정민씨 부분만 잘만들면 단가요.. 나머지 부분들이 소품이나 대사가 너무 짜치고자빠졌다..
갠적으로 이런 영화는 다시는 나와서는 안된다고 생각합니다..",부정
짜사이,2.5,"납치범들 연기가 하나같이 다 과잉이라서 부담스럽고 질린다. 캐릭터들도 너무 전형적임
황정민은 맡은바 소임을 다해 열연 하지만.. 개인적으로 배우들이 혼신의 연기를 하는 작품이 있는 반면 '이정도만 해도 될꺼같다..'하며 연기하는 작품도 있다고 생각하는데 이 영화에서 황정민은 후자였던거 같다",중립
이강효,2,정신없이 달린다.,부정
임진희,2.5,특별할 것 없는,중립
하얀얼룩말,3,영화 한편 제대로 찍기 전에 설설~ 하나 찍고 감 살짝 데우고 응? 알졍~,긍정
김원혁,1,헐... 황정민 바지에 오줌쌈,부정
이다빈,1.5,극장에서 봤으면 개억울할뻔 했다,부정
강민혁,2.5,"흥미로운 설정을 나름 긴장감있게 풀어냈으나, 몇몇 배우들의 어색한 연기가 몰입을 방해했다.",중립
조성준,2,"'황정민' 을 제외하면, 경찰청사람들 재연 수준",부정
hawool,4,"억까도 없고 억빠도 없는 현실적인 영화
너무 내 취향이다..
마지막은 살짝 억빠 인정😅",긍정
영화기록,4,고구마 먹는 느낌 없이 순식간에 볼 수 있어서 좋았다,긍정
ten egg,2,출처가 어딘지 불분명한 불협화음,부정
몰입과 전율,2.5,초중반까지 몰입력도 괜찮았는데 그 이후에 이야기를 끌고 가는 힘이 많이 부족했던 것 같다. 그래서 결국 흔하디흔힌 인질극영화 하나 양산되어버린 느낌,중립
이상인,5,"올해의 한국영화

평점이 왜 이모냥인지 모르지만 이야기의 흐름이나 몰입도 배우들의 쪄는 연기

오랜만에 황정민이 제대로 연기를 한다",긍정
KHJ,3,황정민이라는 '인'간의 '질' 높은 연기,긍정
서쪽구름,3,핵심만 쏙쏙,긍정
노바피디,3.5,흥미로운 소재와 쓸데없는 장면 없이 깔끔하게 전개되는 연출 특별함은 없지만 킬링 타임 영화로 나쁘지 않다,긍정
EHOI,2.5,"황정민연기교실 : 멱살캐리편

-
메인빌런이 너무 찌질하고 하찮아 보여서 몰입이 깨졌는데 문득 현실의 모든 악역들은 찌질하고 하찮은 놈들이라는 걸 깨달았다.",중립
다섬,3,좋은 소재에 예측가능했던 스토리,긍정
강신종,3,배우들의 끈덕진 연기로 황정민 본인을 연기한다는 비현실적인 상황을 현실화시킨다,긍정
박종구,3.5,재미나네.. ㅋㅋㅋ,긍정
박지돌,3,배우들이 생각보다 메이저이다?!!!??,긍정
yamadonda,1,섹시한 영화가 될 뻔 했는데 그냥 뻔한 영화가 됐네,부정
전태현,2,추격자같은 영화 언제 나오려나,부정
솨C,2.5,"흠 소재의 시작은 좋았으나
결말을 향해가는 모습이 혼란스러워 보임",중립
홍륜건,3.5,"오히려 황정민의 이름이 스크린 속의 나를 현실로 끌고 나온다.
그리고 총 좀 쏴 제발...",긍정
이용준,3,"19: 04 본오

차 추격전, 산에서 뒹구는 장면이 실감남.",긍정
은.,3,"769
21/12/01",긍정
최현우,1,본인을 연기하는게 이렇게 어렵다 ㅡ,부정
무적은성,2,"‘배우 황정민’ 인질이라는 참신한 설정으로 시작하지만, 결국 ‘배역 황정민’이 되는 어중간한 설정과 진부한 진행",부정
류한승,1.5,가상과 현실의 접합 목적이 너무 불순한데다 쓸모없기까지 하다.,부정
Changryul Oh,4,신선함과 긴장감이 가득한 시작은 몇 개의 장애물을 만나 속도를 줄이고 방향을 바꾼다.,긍정
윤태영,2.5,최대한 리얼리티를 살리려했으나 관객은 여전히 영화를 관람하고 있을뿐이다,중립
황금,2.5,"현실성 제로
공감 제로",중립
호두,2,연출을 배우로 떼우려는 느낌,부정
절름발이뱀파이어,3.5,"올해 가성비 최고의 영화일 듯
특히 납치범 대장 캐스팅이 아주 최고 배우님께는 죄송(?)하지만 생긴게 너무 재수 없어서 배역에 그냥 딱!!",긍정
DDLINE,2.5,"잘해도, 못해도 오로지 한 명에게만.",중립
Chang Woo,3,꽉조인 스토리 보드와 팽팽한 연기감 스케일이 작은게 흠이라면 흠이다,긍정
그냥저냥,3.5,세이빙 미스터 우 리메이크인가?,긍정
강철웅,3.5,"황정민이, 황정민을 위한, 황정민에 의한 영화였다. 라고 평을 내릴 수 있을 듯.
본인이 본인을 연기한다는 점은 굉장히 신선했다.
그랬기에 본인이 더욱 몰입해 좋은 연기를 보여주지 않았을까 하는 생각도 들고, 그로 인해 돋보이는 연기력을 볼 수 있지 않았을까 하는 생각을 한다.

뭐 아쉬운 점이 없다곤 할 수 없는 작품이지만, 그래도 난 잘 봤기에 괜찮은 점수를 줄 수 있을 듯.",긍정
히선,3,이게 천만배운가,긍정
jj,4,"신박한 설정
황정민배우 연기야 뭐 말할것도 없고.

21.11.10",긍정
이대연,3,황정민이 장르. 경찰은 도대체?! 뭔지,긍정
JY,2.5,"다분히 뻔한 전개속
현실같은 연기같은 현실같은 연기",중립
일반음식점,3,"재밌는 시도
보고 싶어서 본 영화가 아니다 보니 처음부터 너무 폭력적으로 다가온",긍정
이대광,3,차인표보단 나았음,긍정
성훈표,3,"이야기 설정에 적합한 캐스팅과 온몸에 힘을 주게 하는 열연이 무색하게도, 무난하고 안전하게 전개되는 이야기가 아쉽다. 조금 더 도전적이고 패기 있었다면..",긍정
체마N보스코,2,다양한 의미로 확실히 해줬음했던.,부정
summer,2,그냥 인질극 한국 영화...,부정
YkOh,1,"고딩 쓴 것 같은 스토리에
학예회 수준의 연기
황정민은 여기 왜 출연한걸까",부정
해피엔딩 덕후,0.5,하하.. 하하.. 하.ㅎ.ㅏㅎ.ㅏㅎ.ㅏ하,부정
Bluepond,2.5,상당히 긴박감 넘치는 영화! 추천핢만...,중립
더께,2.5,긴장감 넘치는 차 추격전과 강압으로 유발되는 답답함.,중립
유니스,1.5,"일단 소재는 약간 신박... 딱 거기까지

CGV",부정
GGC,3,"배우 황정민이, 배우 황정민 역할을 하는
영화라 소재점수 0.5점 추가해서
3점",긍정
량량,3.5,"황정민이 황정민했다.
2021. 8.",긍정
겨ㅕㅕㅕㄹ,2.5,"📆 2021.08.25
🎟 메가박스 김포한강신도시 3관",중립
rudolf,3,"1.
예고편이 이렇게 땡기는 건 처음이었다. 정말 재미있을 것 같았다. 그래서 개봉을 기다렸다가 봤다.  그리고 정말 정말 재미있었다.

_
2.
취향도 재능이라는 말이 있던데, 나는 대중이 뭘 원하는지 잘 모르겠다. 다수가 좋은 평가를 하는 영화는 주로 유치하고 좀 뻔뻔하게 넘어가는 부분이 있다. 그런데 내가 와 이건 정말 좋은 영화다 싶은 영화는 주로 유치하고 아쉽다는 평가를 받는다. 내가 어느지점을 다르게 보는지 잘 모르겠다.
_

3.
최근에 본 모가디슈는 별로였다. 캐릭터가 구태의연하고 사연을 집어넣는 방식이 안일하다고 느껴졌다. 그리고 인질은 좋았다. 특히 납치범들의 연기들이 다 너무너무너무 좋았다.
그러나 경찰관련해서는 배우들의 연기가 다 끔찍했는데 이건 배우들의 연기문제라기보다는 연출의 문제인 듯 하다. 정확히 기억은 안나지만 '걸으면서 명령하기'가 무려 세번이나 나왔다.

_
4.
길이가 짧다는 것도 좋았다. 마지막 시퀀스는 좀 사족 같았다. 끝.",긍정
심우진,2,황정민을 빼면 기억에 남지 않을 작은 영화. 그래도 세이빙 미스터 우처럼 밋밋한 느낌은 없다.,부정
뿡빵뿡삥,3.5,스포일러가 포함되어 내용을 생략했습니다.,긍정
Porco_Rosso,2.5,배우들 연기에 볼만함,중립
차라,3,신선한 느낌이 몇 가지 의문점들을 잠재우면서 급박하게 끝을 향해 달려간다.,긍정
씨네쿤,3.5,컨셉을 잡아놓고도 써먹질 않는 하이 컨셉 영화지만...,긍정
jimmy_y,2,썩 그럴 듯한 원맨쇼.,부정
정현서,3,"황정민이라는 설정 외에는 아무것도 남지 않는 듯 하다만 싫지가 않고, 이 자체로 존재하는 듯 한. 옛날 지존파 사건을 모티브로 삼은 것 같아 보였는데, 원작이 있음에 사뭇 놀랐다. 불필요하게 소모되는 부분들이 영화에 듬성 듬성 구멍을 내고 있지만(왜 있는지 모르겠는 캐릭터/장면), 새로운 얼굴들을 보는 반가움과 전체적으로 지루하지 않았음에 의미를 두게 된다.",긍정
Rickkkk,2.5,"빌드업 열심히 하다가 결국 자빠진 빌런..ㅜㅜ

영화 재미는 딱 이정도임
영화관에 개봉한 영화 5-6개인데 뭐보지? 라는 물음을 던지면
인질 보자 or 아 영화 볼 게 하나도 없네
의 답변이 각각 50%로 나올 것 같음 ㅋㅋ 킬링타임용으로는 ㅇㅋ...",중립
KIM YUN,3.5,황정민이 가지고 있는 매력을 잘 이끌어 낸 영화이지만 기존 황정민 영화란 느낌이 많아드는게 조금 아쉬웠다,긍정
마들렌,2,황정민씨 납치 시 로망 실현 팬무비를 나까지 볼 필요는 없었는데 봐버렸네😅,부정
ARAKO,3.5,-,긍정
