사용자,평점,댓글 내용
쨍하고 해뜰 날,1.5,"박훈정의 가장 큰 문제는 오리지널리티가 전혀 없다는 것이다. 데뷔작 '혈투'부터 후쿠모토 노부유키의 만화책 '고백'을 대놓고 표절을 했다

아니 세상에 어떤 모지리가 자신의 입봉작 부터 표절을 할까 싶지만 박훈정은 깡도 좋게 무단표절을 했다

그것도 모잘라서 '무간도'와 '흑사회'의 중요 설정을 한국식으로 비벼서 만든게 '신세계'다.

그 이후에도 기타노 다케시 감독의 영화들을 베껴서 짜집기 수준으로 만든게 '낙원의 밤'이다

이외에도 그가 연출한 모든 영화들 '마녀', '대호', 'VIP' 또한 수많은 영화와 소설에서 대놓고 레퍼런스를 가져왔다

김지운 감독을 좋아하지는 않지만 그럼에도 그는 창작자로써의 최소한의 양심을 지키고 있다고 생각한다

그가 매번 새로운 장르 영화(공포,웨스턴.느와르)를 찍을 때 마다, 기존의 장르적 관습을 차용하지만 그 안에서 장르적인 이해를 보여줄려고 애쓴 흔적이 뭍어난다

그러나 데뷔작부터 패기좋게 표절을 일삼은 박훈정은 그딴거 없다 새로운 차기작을 찍을 때마다 다른 영화들의 설정을 티가 안나게끔, 도둑질하는 실력만 늘고 있다 바늘도둑이 어느새 소도둑이 되어 버렸다

쿠엔틴 타란티노는 수많은 영화에서 레퍼런스를 가져와서 자기만의 스타일로 재창조를 했지만 박훈정 감독은 조선 스타일로 걍 무단표절을 일삼고 있다

이딴 놈이 영화감독을 하고 있다. 한국영화의 현주소라고 봐도 무방할듯. 영화계의 유희열같은 존재다. 박훈정이 찍은 영화에 유희열이 음악을 맡았으면 좋겠다"
신상훈남,4.5,"김선호의 못된 미소를 마주한 순간부터 난 이 영화에 빠져들었던 것 같다.

이제 알겠다. 박훈정 감독은 하나에 꽂히면 그것만 실행한다. 그는 각성한 주인공이 (무조건 후반부 하이라이트 액션신에서 각성해야 함) 홀로 다수의 조직원들에 맞서 싸우는 것을 좋아하게 됐으며, 전투 도중 필요 이상으로 피칠갑을 하게 된 섬뜩한 모습, 푸른 새벽빛에 반사되는 고요한 숲의 향기라든지 일상에서는 온화한 미소를 짓다가도 전투만 시작되면 정색을 하는 주인공까지. 이 말고도 많다. 이제는 칼과 총을 사용하는 액션신은 필수 요소이며, 무조건 잔인해야 한다. 인간의 살을 깊이 파고드는 피비린내는 <신세계>때부터 지금까지 한 편도 빠짐없이 계속되고 있다. 이제, 그의 영화는 뻔하다. 다 보인다. 어떻게 전개되고, 어떤 상황이 펼쳐질지 다 보인다.

""개인적인 감정은 없어. 우린 프로고, 이건 비즈니스.""

영화는 분명 내가 예상한 것과 크게 다름이 없었고 영화의 맛도 '늘 먹던 맛'이었지만 난 이상하리만큼 이 영화를 재밌게 보았다. 박훈정 감독은 영화의 정교한 서사나 극강의 재미로 승부를 보는 스타일이 아니었다. 특유의 짙은 여운과 영화가 끝나고 되새김질하게 되는 부분들이 영화가 계속해서 생각나게 만들고, 이런 점들이 시간이 지나도 그의 영화가 다시 보고 싶고, 앞으로의 영화를 계속해서 보게 만들 수 있는 큰 매력이었다. 소재는 어디선가 본 듯한, 그리 튀지 않는 것이었지만 각본이나 분위기 연출만큼은 독특한 색깔을 띠고 있는 작품이었다.

""지그재그로 뛰어요. 그래야 총알 맞을 확률이 적어요.""

아무리 생각해도 영화가, 되게 매력적이었다. 해가 희미하게 뜨기 시작할 즈음의 새벽에, 홀로 울창한 숲을 보며, 담배 한 개비를 태우며, 들숨에 담배의 일산화탄소와 숲의 피톤치드를 곁들이며 이 영화를 보면 진짜 그게 천국일 것 같다는 생각이 들었다. 거기에 빨대 꽂고 병코카콜라에, 벤츠 타고 창문 열고, 어디 가지도 않으면서 맞춤정장까지 입고 있으면 금상첨화. 극한으로 몰입할 수 있는 환경을 관객 스스로가 조성할 수 있고, 선택할 수 있다면 그것이야말로 즐길 요소가 많은 영화라고 생각한다.

[이 영화의 명장면 📽️]

1. 광기의 추격전

살다 살다 이런 추격전은 또 처음 본다. 비 내리던 어둠의 추격전에서 비가 그치고 하늘이 갠 상황에서 맑은 추격이 재개된다. 보통 상황이었으면, 적당히 추격당하는 자와, 추격자의 묘한 유대감이 생성되기 마련인데 정말 미친 듯이 질주해대는 둘의 뜀박질에 무심코 '그냥 좀 잡혀줬으면'하는 염원이 들었다. '살고자 하는 욕구'와, '무조건 잡아낼 거라는 확신'이 제대로 붙는 장면. 피멍투성이 된 채로 살고 싶다고 발버둥치는 것과, 미소를 지으며 온갖 멋을 부리는 것. 그리고 어둠의 긴장감을 포기하고 밝은 대낮에 벌어지는 숨막히는 추격전, 육탄전에서 우위를 점하는 추격당하는 자. 늘 자신만의 틀 안에서 모든 것을 행했던 박훈정 감독이 이 장면만큼은 추격전의 클리셰를 완전히 박살내버렸다.

""적당히 하시지 정말. 내 차 저거 어떻게 할 거야.""

2. 피칠갑의 프로

'이 상황을 어떻게 헤쳐나갈까' 매력적인 주인공이 위험에 처하는 상황은 항상 두렵다. 이 걱정은 <존 윅> 시리즈에서도 똑같이 느꼈다. 칼이 아닌 수많은 총구들이 그를 겨누고 있을 때의 긴장감. 도무지 탈출구란 보이지 않는 시점에, 박훈정 감독은 '이 때다 싶어' 관객들에게 '스트레스 해소' 시간을 준다. 느슨한 후방을 노리는 적의 움직임까지 신경쓰는 귀공자의 전투 디테일이 좋았고, 두 번 다시는 일어날 수 없게 확인 사살까지 (한 번 타격해도 될 걸 굳이 위험을 감수하면서까지 확실하게 처리)하는 모습이 정말 프로 같았다. 피칠갑은 역시나 이번 작품에서도 빠지지 않는다.

""삥 뜯기는 게 낫지 않겠어? 죽는 것보다는.“

정말 다 좋았지만 종반부의 여백이 너무 필요 이상으로 많지 않았나 싶고, 진중했던 영화의 전체적 분위기가 엔딩 부분에서 너무 익살스럽게 변하는 것도 마음에 들지를 않았다.

배우들의 연기도, 영화의 분위기도, 내 취향과 너무 잘 맞아서
아마 당분간은 이 영화의 여운에서 쉽게 벗어나지 못 할 것 같다
또 지인들에게 ""나 프로잖아~"" 이러면서 허세를 부리고 다닐
내 모습에
벌써부터 진절머리 난다"
재원,2,"거참. 쏠 거면 좀 쏘고, 죽일 거면 좀 죽이든가.
표적 앞에서 뭐 저렇게 나불나불 말들이 많은지.
그리고 장르에 코미디라고 써붙여도 됐겠구만,
반전이 아주 쌩뚱맞은 코미디네 이거."
케빈,1.5,<신세계>는 그저 뽀록이었다는 것을 다시 한번 확인시켜 준다
캡틴부메랑,N/A,이 형 진짜 귀공자랑 영어대사에 진심이네
BIGMAC_bro,3.5,"개인적으론 <존윅4>를 볼때 귀공자의 분위기를 내면서
쎈척만 오지게하고 정작 액션이 없었던 빌 스카스가드의
케릭터가 너무 아쉬웠는데, 김선호의 케릭터가 그 아쉬움을
조금은 채워주네 ㅎ

곱게자란 부잣집 도련님처럼 생겨가지고 스스럼없이 악당들을
죽이거나, 고통스러워 하는 상대를 보며 순박해보이는 미소를
지을때의 분위기가 양면적인 느낌이었음.

기존의 무겁던 박훈정식 느와르에 코믹요소가 포함된,
전체적으로 많이 무겁지 않은 분위기의 영화여서 색달랐다.
근데 나쁘지가 않네??

허당끼가 있지만 실력은 뛰어난 해결사인 김선호의 케릭터도
만화주인공 같고 좋았다. 배우의 분위기와 페이스가 잘 어울리는 느낌이어서 스크린 데뷔로는 강렬한 느낌.

신인배우인 강태주 역시 좋았는데, 의외로 대사보단 도망씬이
많아 약간 아쉽기도 ㅎㅎ

전체적으론 후반부의 액션씬이 조금만 합이 더 느껴지는
연출이었으면 어땠을까 하는 마음도 든다.

박훈정 감독의 영화는 전반적으로 잘 맞았어서 몰입해서
재밌게 봤음. 호불호는 좀 갈릴 것 같다.

*생각보다 덜 잔인함.
왜 청불이지… 15세여도 괜찮을것 같은데 ㅎ"
망고무비,N/A,“그렇게 웃지마!” - 더 글로리 시즌2 중에서.
Dh,2.5,"시간 넘쳐나는 전문가의 친구 만들기
#다사다난
#CGV"
윤제아빠,2.5,"신세계를 보았다 생각했는데
허세쩌는 디스토피아 일줄은
.
.
#이제그만구름위에서내려와
#현실에서할일찾는게나을듯
#근데김선호는좀많이귀엽네
#신세계이후다거기서거기네"
쨍하고 해뜰 날,1.5,"박훈정의 가장 큰 문제는 오리지널리티가 전혀 없다는 것이다. 데뷔작 '혈투'부터 후쿠모토 노부유키의 만화책 '고백'을 대놓고 표절을 했다

아니 세상에 어떤 모지리가 자신의 입봉작 부터 표절을 할까 싶지만 박훈정은 깡도 좋게 무단표절을 했다

그것도 모잘라서 '무간도'와 '흑사회'의 중요 설정을 한국식으로 비벼서 만든게 '신세계'다.

그 이후에도 기타노 다케시 감독의 영화들을 베껴서 짜집기 수준으로 만든게 '낙원의 밤'이다

이외에도 그가 연출한 모든 영화들 '마녀', '대호', 'VIP' 또한 수많은 영화와 소설에서 대놓고 레퍼런스를 가져왔다

김지운 감독을 좋아하지는 않지만 그럼에도 그는 창작자로써의 최소한의 양심을 지키고 있다고 생각한다

그가 매번 새로운 장르 영화(공포,웨스턴.느와르)를 찍을 때 마다, 기존의 장르적 관습을 차용하지만 그 안에서 장르적인 이해를 보여줄려고 애쓴 흔적이 뭍어난다

그러나 데뷔작부터 패기좋게 표절을 일삼은 박훈정은 그딴거 없다 새로운 차기작을 찍을 때마다 다른 영화들의 설정을 티가 안나게끔, 도둑질하는 실력만 늘고 있다 바늘도둑이 어느새 소도둑이 되어 버렸다

쿠엔틴 타란티노는 수많은 영화에서 레퍼런스를 가져와서 자기만의 스타일로 재창조를 했지만 박훈정 감독은 조선 스타일로 걍 무단표절을 일삼고 있다

이딴 놈이 영화감독을 하고 있다. 한국영화의 현주소라고 봐도 무방할듯. 영화계의 유희열같은 존재다. 박훈정이 찍은 영화에 유희열이 음악을 맡았으면 좋겠다"
신상훈남,4.5,"김선호의 못된 미소를 마주한 순간부터 난 이 영화에 빠져들었던 것 같다.

이제 알겠다. 박훈정 감독은 하나에 꽂히면 그것만 실행한다. 그는 각성한 주인공이 (무조건 후반부 하이라이트 액션신에서 각성해야 함) 홀로 다수의 조직원들에 맞서 싸우는 것을 좋아하게 됐으며, 전투 도중 필요 이상으로 피칠갑을 하게 된 섬뜩한 모습, 푸른 새벽빛에 반사되는 고요한 숲의 향기라든지 일상에서는 온화한 미소를 짓다가도 전투만 시작되면 정색을 하는 주인공까지. 이 말고도 많다. 이제는 칼과 총을 사용하는 액션신은 필수 요소이며, 무조건 잔인해야 한다. 인간의 살을 깊이 파고드는 피비린내는 <신세계>때부터 지금까지 한 편도 빠짐없이 계속되고 있다. 이제, 그의 영화는 뻔하다. 다 보인다. 어떻게 전개되고, 어떤 상황이 펼쳐질지 다 보인다.

""개인적인 감정은 없어. 우린 프로고, 이건 비즈니스.""

영화는 분명 내가 예상한 것과 크게 다름이 없었고 영화의 맛도 '늘 먹던 맛'이었지만 난 이상하리만큼 이 영화를 재밌게 보았다. 박훈정 감독은 영화의 정교한 서사나 극강의 재미로 승부를 보는 스타일이 아니었다. 특유의 짙은 여운과 영화가 끝나고 되새김질하게 되는 부분들이 영화가 계속해서 생각나게 만들고, 이런 점들이 시간이 지나도 그의 영화가 다시 보고 싶고, 앞으로의 영화를 계속해서 보게 만들 수 있는 큰 매력이었다. 소재는 어디선가 본 듯한, 그리 튀지 않는 것이었지만 각본이나 분위기 연출만큼은 독특한 색깔을 띠고 있는 작품이었다.

""지그재그로 뛰어요. 그래야 총알 맞을 확률이 적어요.""

아무리 생각해도 영화가, 되게 매력적이었다. 해가 희미하게 뜨기 시작할 즈음의 새벽에, 홀로 울창한 숲을 보며, 담배 한 개비를 태우며, 들숨에 담배의 일산화탄소와 숲의 피톤치드를 곁들이며 이 영화를 보면 진짜 그게 천국일 것 같다는 생각이 들었다. 거기에 빨대 꽂고 병코카콜라에, 벤츠 타고 창문 열고, 어디 가지도 않으면서 맞춤정장까지 입고 있으면 금상첨화. 극한으로 몰입할 수 있는 환경을 관객 스스로가 조성할 수 있고, 선택할 수 있다면 그것이야말로 즐길 요소가 많은 영화라고 생각한다.

[이 영화의 명장면 📽️]

1. 광기의 추격전

살다 살다 이런 추격전은 또 처음 본다. 비 내리던 어둠의 추격전에서 비가 그치고 하늘이 갠 상황에서 맑은 추격이 재개된다. 보통 상황이었으면, 적당히 추격당하는 자와, 추격자의 묘한 유대감이 생성되기 마련인데 정말 미친 듯이 질주해대는 둘의 뜀박질에 무심코 '그냥 좀 잡혀줬으면'하는 염원이 들었다. '살고자 하는 욕구'와, '무조건 잡아낼 거라는 확신'이 제대로 붙는 장면. 피멍투성이 된 채로 살고 싶다고 발버둥치는 것과, 미소를 지으며 온갖 멋을 부리는 것. 그리고 어둠의 긴장감을 포기하고 밝은 대낮에 벌어지는 숨막히는 추격전, 육탄전에서 우위를 점하는 추격당하는 자. 늘 자신만의 틀 안에서 모든 것을 행했던 박훈정 감독이 이 장면만큼은 추격전의 클리셰를 완전히 박살내버렸다.

""적당히 하시지 정말. 내 차 저거 어떻게 할 거야.""

2. 피칠갑의 프로

'이 상황을 어떻게 헤쳐나갈까' 매력적인 주인공이 위험에 처하는 상황은 항상 두렵다. 이 걱정은 <존 윅> 시리즈에서도 똑같이 느꼈다. 칼이 아닌 수많은 총구들이 그를 겨누고 있을 때의 긴장감. 도무지 탈출구란 보이지 않는 시점에, 박훈정 감독은 '이 때다 싶어' 관객들에게 '스트레스 해소' 시간을 준다. 느슨한 후방을 노리는 적의 움직임까지 신경쓰는 귀공자의 전투 디테일이 좋았고, 두 번 다시는 일어날 수 없게 확인 사살까지 (한 번 타격해도 될 걸 굳이 위험을 감수하면서까지 확실하게 처리)하는 모습이 정말 프로 같았다. 피칠갑은 역시나 이번 작품에서도 빠지지 않는다.

""삥 뜯기는 게 낫지 않겠어? 죽는 것보다는.“

정말 다 좋았지만 종반부의 여백이 너무 필요 이상으로 많지 않았나 싶고, 진중했던 영화의 전체적 분위기가 엔딩 부분에서 너무 익살스럽게 변하는 것도 마음에 들지를 않았다.

배우들의 연기도, 영화의 분위기도, 내 취향과 너무 잘 맞아서
아마 당분간은 이 영화의 여운에서 쉽게 벗어나지 못 할 것 같다
또 지인들에게 ""나 프로잖아~"" 이러면서 허세를 부리고 다닐
내 모습에
벌써부터 진절머리 난다"
재원,2,"거참. 쏠 거면 좀 쏘고, 죽일 거면 좀 죽이든가.
표적 앞에서 뭐 저렇게 나불나불 말들이 많은지.
그리고 장르에 코미디라고 써붙여도 됐겠구만,
반전이 아주 쌩뚱맞은 코미디네 이거."
케빈,1.5,<신세계>는 그저 뽀록이었다는 것을 다시 한번 확인시켜 준다
캡틴부메랑,N/A,이 형 진짜 귀공자랑 영어대사에 진심이네
BIGMAC_bro,3.5,"개인적으론 <존윅4>를 볼때 귀공자의 분위기를 내면서
쎈척만 오지게하고 정작 액션이 없었던 빌 스카스가드의
케릭터가 너무 아쉬웠는데, 김선호의 케릭터가 그 아쉬움을
조금은 채워주네 ㅎ

곱게자란 부잣집 도련님처럼 생겨가지고 스스럼없이 악당들을
죽이거나, 고통스러워 하는 상대를 보며 순박해보이는 미소를
지을때의 분위기가 양면적인 느낌이었음.

기존의 무겁던 박훈정식 느와르에 코믹요소가 포함된,
전체적으로 많이 무겁지 않은 분위기의 영화여서 색달랐다.
근데 나쁘지가 않네??

허당끼가 있지만 실력은 뛰어난 해결사인 김선호의 케릭터도
만화주인공 같고 좋았다. 배우의 분위기와 페이스가 잘 어울리는 느낌이어서 스크린 데뷔로는 강렬한 느낌.

신인배우인 강태주 역시 좋았는데, 의외로 대사보단 도망씬이
많아 약간 아쉽기도 ㅎㅎ

전체적으론 후반부의 액션씬이 조금만 합이 더 느껴지는
연출이었으면 어땠을까 하는 마음도 든다.

박훈정 감독의 영화는 전반적으로 잘 맞았어서 몰입해서
재밌게 봤음. 호불호는 좀 갈릴 것 같다.

*생각보다 덜 잔인함.
왜 청불이지… 15세여도 괜찮을것 같은데 ㅎ"
망고무비,N/A,“그렇게 웃지마!” - 더 글로리 시즌2 중에서.
Dh,2.5,"시간 넘쳐나는 전문가의 친구 만들기
#다사다난
#CGV"
윤제아빠,2.5,"신세계를 보았다 생각했는데
허세쩌는 디스토피아 일줄은
.
.
#이제그만구름위에서내려와
#현실에서할일찾는게나을듯
#근데김선호는좀많이귀엽네
#신세계이후다거기서거기네"
JY,2.5,"'자고 일어났더니 심장빨로 레벨업한 코피노 주인공이 귀공자가 되어버렸습니다만 어느 날 갑자기 SSS급 친구와 헌터들이 나타나 다들 내게 집착한다'

감독님이 만화갬성 좋아하시는것 같아
제목하나 지어올립니다
'귀공자'보다는 이게 요즘 먹힌답니다"
황재윤,2,"특유의 허세와 겉멋으로 똘똘 뭉친 세계가 조화로워 보이질 않는다. 🔫

230614 롯데시네마 회원시사에서"
감성적인너구리,2.5,피 튀기는 정육점 이야기 기대하고 갔다 마주한 미니어처 정육점 이야기.
유권민,4,"박훈정의 영화는 악평을 받는 것도 이해가 간다만 난 왜이리 재밌냐.
여전히 헛점 투성이지만 말초적인 재미는 보장되어있다.
김선호의 연기는 처음 봤지만 꽤 서늘하고 잘 어울렸다. 김강우는 늘 그렇듯이 잘한다."
진태,3,웃기긴 함 ㅋㅋㅋ
무비신,3,우당탕탕 좌충우돌 이러쿵저러쿵 해피엔딩.
겨울비,3,"벤츠vs제네시스vs마세라티 대결의 승자는?

+ 김선호 연기 매우 흡족"
내 낡은 서랍 속의 바다,2,스포일러가 포함되어 내용을 생략했습니다.
Sz,4,캐릭터 잘뽑았다
dltcmal,1,믿고 거르는 박훈정표 영화
TERU,2,"Good : 김선호의 깔끔한 미모
Caution : 길고 지루한 카체이스 액션"
다솜땅,3.5,"세련됬지만 잔인하고, 재미스럽지만 피가 튀기는…
인간 말종들의 세상에 이 아빠를 찾고싶어하는 마음을 이용한 사기에 사기, 범죄에 범죄..
누굴 응원해야 할지 마지막까지 흔들리는 마음..
“너 살았어 짜식아” ㅋㅋㅋㅋ
#24.1.5 (17)"
수진,3,"효도 한 번 하자.
-
부드러운 음악이 흘러나오는 곳에 누군가 묶여 있고, 그를 묶어 놓은 일당은 조 사장과 통화하며 별거 없었다고 가벼워한다. 가진 게 많은 놈이라는 말에 즐거워하던 일당은 조 사장이 곧 도착한다는 소식을 듣는데, 그런 그들에게 누군가 조용히 뒤에서 다가가 가격해버린다. 이후 도착한 조 사장은 이미 일이 벌어져 있자 식겁을 하고 도망가려 하지만 문이 닫겨 갇히게 되고, 곧 총격전이 벌어진다. 총격전의 주체인 '귀공자'는 쓰러진 조 사장에게 반갑게 인사하고, 줄 것을 꼭 주겠다고 겁에 질려 말하는 그에게 우린 친구이고 개인적인 감정은 없다며 가격한다.

박훈정 감독의 또 하나의 누아르 영화다. 사실 주인공을 맡은 김선호의 비주얼이 매우 훌륭하며 의상도 슈트를 깔끔하게 빼입고 멀끔한 모습이기에, 굳이 그의 카리스마를 전달하는 데에는 많은 대사나 행동이 필요하지 않은 것처럼 보인다. 하지만 감독의 최근 전작들이 답습했듯이 다소 허세스럽거나 지나친 대사들이 영화의 진지한 톤을 해친다는 느낌을 받을 때가 이 영화에서도 종종 있다. 멋진 캐릭터가 이미 비주얼적으로 충분하기 때문에, 굳이 누아르 영화에서 이러한 허세를 대놓고 잡는 것이 오히려 역효과로 이어질 수 있다는 것이다.

그러나 개인적으로 진짜 하고 싶은 말은 지금부터의 내용이다. 그것은 이 영화를 단순히 누아르 영화로만 보지 않고, 코미디 영화로도 본다면 주인공인 귀공자의 행태가 나름 맛깔난다는 것이다. 감독의 전작 중 하나인 <낙원의 밤>의 예를 들자면 극중 차승원과 이문식이 중식당에서 짜장면을 먹으면서 서로 춘장을 튀기며 우스꽝스럽게 화를 내는 신이 있다. 그 영화를 전체적으로 보면 워낙 진지하기에 그 신만 꽤 튄다는 느낌을 받았는데, 그러한 톤의 신이 이러한 코미디 영화에서 주인공을 중심으로 벌어지니 꽤나 매끄럽고 익살스럽게 보인다는 것이다.

사실 이 영화를 코미디 영화로 해석하기 위한 장치들은 꽤 많이 있다는 생각도 든다. 나머지 주연들이 모두 진지하지만 주인공인 귀공자만 혼자 튄다는 점, 귀공자 자신이 프로이고 전문가임을 재차 강조한다는 점, 그리고 어설픈 영어를 사용한다는 점 등을 들 수 있는데 진지할 듯한 분위기 속에 코미디가 은근 숨 쉬는 영화의 톤 덕분에 피카레스크적인 흐름도 담백하면서 꽤 맛깔이 난다. 개인적으로도 꽤 웃은 장면들이 있고, 같은 영화관 내의 다른 관객들로부터도 적잖은 웃음소리를 들을 수 있었다. 코미디가 생각보다 괜찮게 작동하는 영화라고 느껴진다.

감독의 최근 작품들에 줄곧 좋지 않은 평가들을 하면서도 챙겨봐온 것은 여전히 장르 영화의 팬이기 때문이다. 감독이 그간 만화적인 영화들을 줄곧 만들기도 했고 그 특유의 스타일 때문에 아쉬움을 느껴왔지만, 이 영화는 드디어 괜찮다고 느낀다. 사실 거대한 명성을 가져다준 <신세계> 이후로 감독은 영화의 만듦새와는 별개로 <신세계>의 영향력에서 벗어나기 위해 고심한 흔적을 이후 작품마다 조금씩은 보여왔다고 생각한다. 그리고 줄곧 이어진 그 특유의 스타일이 결국 코미디라는 장르를 만나서 색다르게 보이니 아무쪼록 흥미로운 영화다."
DarthSkywalker,N/A,"이젠....박훈정 감독에겐 더이상 신뢰와 기대조차 하지 않는다.....

난 타겟을 놓쳐본 적이 없거든.
이게 뭐야.....ㅠㅠ"
뚱이에요,2,컨셉질도 애매모호하면 대참사로 이어지기 마련.
주방장의 잡기술,3,아무리 봐도 적응할 수 없는 맛
솔티드캬라멜,3.5,"다소 아쉬운 전반부를 지나 해사한 귀공자의 얼굴위에 붉은 피를 튀기며 질주하는 영화의 후반부 액션이 백미

(근데 이게 왜 청불이지? 액션은 강하지만 잔인하진 않음)"
Steve,3,"조금씩 진보되어,,,
이번에 존윅까지 덧붙여 ...

김선호의 변신, 강태주의 발견,
그리고 김강우,, 고아라까지
배우의 열연이 돋보인다"
Mia-Wallace,N/A,"박훈정 감독이 부당거래의 각본을 썼다고 알고계시는 분들이 많을 것이다.

부당거래의 각본은 박훈정 감독이 초기의 골격만 잡고 나머지는 류승완 감독이 전부 다 맡았다고 한다.

류승완 감독은 왜 박훈정 감독이 각본을 다 도맡았다고 했던것일까? 처우가 열약한 작가들 때문이다.

박훈정 감독의 기가 막혔던 부당거래 대사빨들을 아직 기대하는 분들은 이제 기대를 접으셔도 될 것 같다.

이제 이 사람이 할 줄 아는 건
오글거리는 영어대사와 유치한 유머, 그리고 오글거리는 씩 웃기 뿐이다."
RAW,4.5,"끈적하고 쫀득한
4.6/5점

김선호와 강태주라는 보석의 발견
우아하고 치밀한 연출의 연속
솔직히 범죄도시3보다 훌륭하고 23년 한국 액션 영화 중에 제일 인상적인 작품"
jyjea,3,"김선호의 질주, 박훈정의 제자리 걸음...

-6월8일 시사회관람-"
JeongpilChae,1.5,"작전과 장난 사이.

코믹영화에 가까운데
나는 김강우 연기가 맘에 들었다.
단 한 순간도 연기라는 생각이 안들었음.

하지만 나머진 다 별로...

그냥 이 영화 자체도
킹스맨같은 수트액션을 하려고 한 데다가
김선호 팬들을 위한 헌정 영화에 가까웠음..."
공실,2.5,박훈정 감독님 각본가좀 짤라버리세요
김병우,2,"'귀공자'를 보고난 후, 박훈정 감독에게.. 공자 왈

""자승자박[自繩自縛]."""
인생참쉽지않다,1.5,앞으로 박훈정 감독 영화는 믿고 걸러야겠다
Vimzen,3,오글거리는 대사와 액션으로 마니아층을 확실히 노린다. 박훈정은 어쩌면 한국의 그 누구보다 컬트 영화의 원리를 잘 이해한 B급 감독이 아닐까..
한창성,2.5,"신세계 후광 효과로 여기까지 온 듯한 박훈정 감독.

한두 번은 웃겼지만 뇌절할 때까지 반복하는 유머.

개연성은 둘째 치고 통쾌하면서 시원스러운 타란티노 감독의 피칠갑에 비해 이건 그냥 겉멋에 취한 유혈 낭자.

촌스러운 반전 연출.

마르코 역의 신인 배우 ‘강태주’의 연기는 집중이 안된다.

(의외로 좋은 관객들 반응이지만 글쎄…)

크레딧과 동시에 쿠키영상 하나."
스탕달,2.5,"제목부터가 이미 어딘가 좀 촌스럽다 했더니

역시 그 감성.

마녀2에 비하면 너무 양반이라 까기 좀 그렇긴 한데

여전히 각본이 초딩같다.

그래도 주연배우들이 제 몫을 해줘서 볼만했는데

특히 신인 강태주를 칭찬하고 싶다."
5jp,1,지들끼리 북치고 장구치고 총쏘고~가관이다
neworld,3,무작정 방아쇠만 당기는 것보다는 이런 영화가 훨씬 낫다.
Limousine,4,"박훈정 감독의 상상은 현실이 된다.

그냥 자기 하고 싶은 거 다 했습니다. 평소 박훈정 영화처럼 총 많이 쏘고 액션 많고 피 많이 나오고 미친 것처럼 웃고 숲이 울창하고 영어 많이 씁니다. 근데 이번엔 개그 욕심이 좀 늘었습니다.

근데 사실 이런 개그 제 스타일입니다. 저는 냉철한 비평가가 되기는 틀렸나 봅니다. 보고 나면 남는 건 없지만 팝콘 무비로 괜찮습니다. 김강우는 역시 연기 베테랑이고 김선호는 예고편 보고 걱정했는데 꽤 잘합니다. 강태주 배우는 신인인 거 감안하면 괜찮습니다.

초중반이랑 후반이 완전히 다른 장르 같아서 싫어하실 분들이 많을 거긴 합니다.

#투자 못 받기 전에 빨리 마녀3나 진행시켰으면... 끝은 봐야지..."
Random cul,3,"김선호님 이갈았네.
무난 그 이상.
볼만했다."
P1,2.5,"훈증아
내가 요즘 모든 게 귀찮구나..
근데 너는 왤케 부지런흐게 계속 찍는 거시야..
그것도 맨날 질리지도 않나 일당백 먼치킨물
아무리 치킨은 못참아도 치킨먹고 나면 피자먹고 피자먹고 나면 회도 먹고 회먹고 나면 족발도 먹고 그러다가 다시 먼치킨먹고 해주는 로테이션이 필요하지않큿나 훈증아 치킨만 먹으면 물려 마 형은 우리 훈즈이 애정한다
훈증아 신세계에서 멈추지 않고 달려와줘서 너무 고맙데이!
앞으론 ㅂ신세계 서타일로 신나게 함 달리보자!"
리얼리스트,2,감독님의 사춘기가 궁금하다.
coenjung,3,김선호가 웃을 때 나도 같이 피식거리게 되는데 이게 맞는 건가?드라이브의 라이언 고슬링만큼 좋다.
txt,4.5,묵직한 느와르일줄 알았는데 통쾌한 액션물이었다는게 반전. 나쁜놈을 때려잡는 미친놈? 이건 먹히지
138층,3,왜 재밌지 자존심 상하게..
김수지,3.5,들인 공과 규모에 비해 다소 촌스러운 마무리..
세훈,3.5,박훈정은 이렇게 가루가 되도록 까이면서도 꾸준히 좋은 배우들과 작업한다. 그 비결을 공개하면 대박날거 같은데
차칸수니리,3,1980 대 1 의 경쟁률에서 선택 받은 강태주는 한국에서는 계속 달리기만 하고 액션은 거의 없다. 고아라는 예쁘지만 맡은 배역은 없애도 큰 영향은 없다. 김강우는 자신이 맡은 배역은 악역이라는 것을 보여주려고 계속 노력을 한다. '귀공자' 만 살아남았다.
HBJ,3.5,"'귀공자'는 아버지를 만나러 한국에 온 필리핀의 지하 복싱 선수가 의문의 킬러들과 재벌 2세의 추격을 받게 되는 액션 스릴러다. 박훈정 감독의 이번 영화는 이전 작들과는 달리 좀 더 힘을 빼고 가벼운 톤도 보여주며 B급 장르적 재미를 선사한다.

박훈정 감독의 이번 영화는 간만에, 아니 거의 처음으로 힘을 많이 뺀 것 같다는 느낌이 들었다. 물론 여기서도 이해관계들이 좀 복잡하게 얽혀있긴 하지만, 중심이 되는 주인공이 살아 움직이는 공공의 적이자 메인 타겟이 되면서 이야기가 생각보다 너무 복잡하거나 난잡하다는 생각이 안 들었다. 또한, 박훈정 감독이 요즘 좋아하는 듯한 푸른색 팔레트로 분위기를 차갑고 진중하게 잡는 것 같지만, 막상 여유를 부리고 허당끼도 있는 캐릭터들의 향연 때문에 의외의 가벼운 맛이 있다. 이 영화에서 킬러 역을 맡은 김선호가 '신세계'에서 황정민이 했던 감초 같은 캐릭터이지만 이종석, 최우식 등에 또 하나의 미남형 사이코패스가 씬스틸러가 되며, 이 영화의 긴장감부터 웃음까지 모두 책임지는 꽤나 매력적인 캐릭터가 된 것 같다. 주연인 강태주도 절박하고 치열한 연기를 잘 펼쳤으며, 김강우와 고아라 또한 재미있는 조연 연기를 보여주며, 전반적으로 배우들의 매력과 여유를 함께 즐길 수 있는 장르 영화였다고 생각한다.

다만, 박훈정 감독의 액션 연출은 여전히 많이 아쉽다. 사람들이 많이 호평하는 '마녀'의 액션도 개인적으로는 별로였는데, 그런 면에서 박훈정 감독은 액션을 처절하게 연출하기는 해도 쾌감있게 연출하는 모습은 아직까지 제대로 보여주지 못한 것 같다. 이 영화에서도 액션이 화려하거나 쾌감이 있거나 흥미진진하다고 생각들진 않았고, 오히려 클라이막스 시퀀스가 편집도 난잡하고 전반적인 구성과 아이디어도 그냥 평이한 난투극처럼 보여서 아쉬웠다."
예비 작가 장시우,2.5,"배우의 매력이 모든 걸 버텨내지만, 이야기의 빈틈은 끝내 메워지지 않는다."
재우,3,장르 구분에 액션보다 코미디를 써야 할 듯
타퇴엽절,3.5,"""박훈정"" 감독의 전작인 <신세계>와 <마녀>를 관람한 후 느꼈던 ""속편에 대한 갈망""을 또다시 느낄 수 있는 작품이었다..^^ 개인적으로 ""귀공자"" 캐릭터는 취향저격이었고, ""김선호"" 배우도 오버하지 않고 잘 소화했다고 생각한다~"
영민하다,3,허우대 멀쩡한 배우들이 허우적 거리는 모습을 보면 괜히 웃기다. 웃김을 수습하지 못한 결말부는 좋지 않다.
그대의 눈동자에 Cheers,3,"23.06.22 1480번째 영화.

기품 없는 겉멋과 볼품 없는 허세 속에서도 빛나는 맑은 눈의 광기."
Fridaythe13th,2.5,실소도 웃음이라면 뭐...
오세일,2,매 쇼트마다 어떻게든 가오를 뽑아내기 위해 안간힘을 쓰는 각본을 계속해서 바라보고 있자니 짜증이 몰려온다. 이쯤 되면 외국어와 힘준 대사들의 향연만으로도 진정 멋있는 순간들을 빚어낼 수 있다고 감독은 굳게 믿는 것 같다.
김용규,3,캐릭터 하나가 주는 매력이 그 외의 단점들을 어느 정도는 가려준다.
SSK,3.5,"느와르의 탈을 쓴 코믹 영화
예상 못했는데 나에겐 오히려 괜찮았다
호불호는 많이 갈릴 거 같음"
김정운,3,김선호의 이질적인 캐릭터만 받아들인다면 볼 만한 영화
Hoon,3,"김선호 너무 매력적이야~
시리즈로 나가면 정말 좋을 거 같다."
핑크맨,2,난잡하고 어수선한 연출에 독이 된 캐릭터의 매력.
최재식,3,매력적인 김선호 캐릭터와 매력적이지 않은 이야기의 흐름
Gooson,2,"귀,멸의 칼날
공,공칠빵
자,바더헛

이런식의 조합과 전개랄까..."
이송원,4.5,한국판 존윅이라고 하면 오바겠지만 머리아프디않고 볼수있는 시원한영화.
지수_evol,1.5,"다리 위에서 도로로 뛰어내릴 때, 박훈정 감독에 대한 일말의 기대감도 뛰어내렸다."
나홍진,1.5,점프가  탈인간급 아니자나요 ㅠㅠ
따옥,4.5,"메가박스 시사회로 보고왔습니다
기대 없이 갔는데 가서 많이 웃다 나왔네요
아무 생각없이 웃을 수 있는 영화라 좋았습니다. 몇몇 캐릭터의 활용은 다소 아쉽지만 상업 오락 영화라고 생각했을 때 이정도의 완성도면 아주 훌륭합니다."
김기욱,1.5,"불필요한 장면 너무 많음...
스피드가 느껴지지 않는 추격신..
같은 개그의 남발..
이해가 안되는 캐릭터들의 행동에 집중이 안됨.."
최승교,2,티 없이 맑은 광인의 웃음 넘치는 집착
하루 한편,3.5,김선호 배우의 숨은 매력. 좋은 소재. 엉만진창 연출.
Insomniac,3,"그놈의 ‘야나두’ 마무리만 아니었다면 참 좋았을 텐데. 김선호로써 빛난, 충분히 그럴 듯한 개성을 지닌.
(+ 하지만 속편은 제발 참아주세요, 감독님.)"
송송,4,난 괜찮은뎅 특히나 김선호 연기😄 23.6.25
park,3,감독님 차기작 텀을 조금 둬보시며 하고 싶은 걸 조금은 자중해보심이 어떨지요...
밖에비온다,3,"귀공자는 우리의 친구

김선호 미소에 치인다."
말챤욱,3,어머니가 아픈 아들의 투사는 이제 그만..
킬링타임,3,"제주도 오지게 좋아하네 감독

웹툰식 오그라드는 감성 결국 배우들이 어떻게 소화하냐에 달린 감독"
배추입니다,3.5,이상하다.. 난 박훈정 감독이랑 왜 이렇게 잘 맞지
김민재,3,액션은 좋았으나 스토리가 전개가 느리고 오글거리는 대사가 아쉽다.
최진홍,3.5,"적당한 양념맛에 자꾸만 손이 가는 불량식품 박훈정.

#롯데시네마도곡"
나이트 시네마,3,"그냥그런 평작에
김선호 라는 신의 한수"
nam kyun kim,1.5,"대사 오글
연기 오글
영어 오글

너는 프로가 아니야 제발..."
송좌,2.5,"김선호 원맨쇼
진짜 쇼."
정현우,4,"사실 마녀 때부터 박 감독님의 코미디 욕심은 조금씩 엿보였고 마녀2 때는 과하다 싶을 정도로 개그 신이 많았는데 이번에는 아예 대놓고 블랙코미디로 밀고 나가시고 후반 가서는 아예 대놓고 코미디물이 되버린다 결과적으로는 극장에서 많이 웃었기에 별 불만은 없다 다만 그 외의 요소는 전작들하고 대동소이하기에 단점들은 여전하다

단점 하나만 언급하자면 액션씬 때 카메라 무빙이 과하다고 생각한다 액션 스피드에 너무 집착한 게 아니신지 의심스러울 정도로 무빙이 심하다 복장도 검정 양복이니 동작이 눈에 안 들어온다 마녀1처럼 안정적이고 단정된 액션이 가장 마음에 들었었는데...

결과: 코미디 스탯만 마구 업그레이드한 또 하나의 박훈정 작품"
JHY980,4,"어 난데, 훈정아 이번 영화도 정말 프로 오타쿠 같고 내 취향에다가 재밌었다 🤍"
성용,3,"영화 초반, 주인공 마르코는 프리미어리그를 보며 역배로 스포츠도박을 하는데 첼시가 무려 4대0 승리를 거두며 돈을 잃는다.
뭣이? 22-23시즌 1년 동안 단 한번도 4득점이란걸 해본적 없는 골결정력 똥망 12위 첼중딱이 4골이나 넣고 이겼다고? 아무리 영화라도 이건 너무 비현실적이라는 생각이 들었다.  아마 첼시가 챔스우승했을 즈음에 시나리오를 썼나보다"
킴지,3,귀공자 가라사대
니콜라이,3.5,"신세계의 화교
vip의 북한인
마녀의 초능력자
귀공자엔 코피노
캐릭터하나만큼은 잘만드는감독이다
다음엔 어떤 나라 어떤 캐릭터가 나올지 기대된다"
도윤,3,김선호나올때만 재밌어요
미평,3,감독님이 코미디에 소질이 있었네
YOU,4,"김선호 맑눈광...
너무 재밌다"
이준서,2.5,"코미디와 액션 사이에서 갈팡질팡.
그럼에도 중독성 강한 박훈정 스타일."
LUCY_luxuanxi,3,"<신세계> < 마녀> 영화감독 맞아요?
예고편 보고 기대 마니 했는데 쩝..
김강우 나온다는 거에 걸러야 했나?
연기는 깔 게 없는데, 왜 매번 찍는 작품은 폭망인지
이번에도.. 어김없이 말아 드셨네요..😂
고아라는 응답하라 나온 그 고아라 맞나
캐릭터 완전 무매력에 연기마저 🐶어색
없어도 무방한 존재감 제로 캐릭터
‘귀공자’ 김선호 말곤 건질 게 하나도 없어

마녀 2부터 뭔가 세~하긴 했는데
이번 영화로 확실히 정신 차렸음
이제부터 박훈정 감독은 믿고 거르는 걸로.."
박찬욱,3,"여전히 가오잡고 오글거리는 대사들을 뱉어대긴 하지만, 마녀 시리즈보다는 낫다."
혜 성,2.5,"대사랑 분위기에서 마녀 느낌이 많이난다.
폼은 폼대로 잡았는데 때리질못한다.

CGV 하단아트몰링."
포녹,3.5,재치 있는 총알들이 어설프게 박힌다.
라씨에이,4,스포일러가 포함되어 내용을 생략했습니다.
임중경,2.5,"해외 로케를 영리하게, 한국 영화 비꼬기. 그러나 언제나 대안은 만화?"
서주원,3.5,빠른 속도감에 인상깊은 김선호의 맑눈광 연기
영화광,2,이 영화에서 허세를 빼면 남는 것이 뭘까?
최현수,4,"피칠갑 소음기 단 권총 액션이 한국 정서에 안맞긴한데 마녀2보다 훨씬 좋았다. 여러가지 디테일에서 맘에 안드는게 많긴 했는데 그냥 심플하게 보면 나쁘지 않았다. 김선호 마스크에 넘어간듯..

근데 김강우 잘 생겼었네. 살짝 권상우랑 닮았다.
23.07.21"
이윤석,3,"V.I.P같은 강렬함을 기대했는데
그냥 순한 맛이었네
맑은 눈의 광인이 아니라 그냥 맑은 눈 ㅋ"
이마윅,3,김선호와 김강우의 열연에 비해 작품이 못 받쳐준 거 같아 아쉬울 뿐.
johnny,3.5,"예상치 못한 또라이같은 주인공을 보는 재미는 있지만
그렇다고 그것만 보고 가기엔 너무 질질 늘어지는 느낌에 조금 아쉬움"
누누,3,"이 대사를 소화하는 김선호가 프로거든 프로, 전문가"
뽀봉이,3,"김선호의 나쁜 미소에 홀려서 영화관을 찾은 1인..

다음엔 홀려서 오지 않으리.."
평가는 늘 주관적,4.5,스포일러가 포함되어 내용을 생략했습니다.
Yoonhui,3,스포일러가 포함되어 내용을 생략했습니다.
박준현,3,"단순히 보여주기 위한 수단으로 이용되는 이야기, 그리고 반전 강박증"
이상호,4,스포일러가 포함되어 내용을 생략했습니다.
무비남,2.5,"마라톤에 출전한 스프린터처럼
가끔 빠르지만, 대개는 버겁다."
별빠,3,"재벌기업 사이코 Vs 혈혈단신 코피노, 양극단 계층의 대립과 충돌, 홍콩 느와르로 변주한 「아비정전」, 괴물 일망타진을 위한 총알장전, 사기급 캐릭터들의 킬러들의 입담은 피칠갑 액션의 MSG 양념, ‘T-1000’ 같이 끈질긴 만찢남 ’김선호‘, 프로 각본가 ‘박훈정’의 「심장이 뛴다」."
홍성욱,3,김선호 연기 잘 한다 끝
jsjs,4,김선호 화보집
수란잔,3,신파의 잡내를 귀공자(김선호)의 쿨내로 '겨우' 잡아낸다.
이수영,3.5,선호형 친구해줘
자유로운소년,3.5,"생각외로 재밌게 봐서 놀랐습니다 ;;;
김선호 배우의 뭔가 똘끼 있는(?) 연기도 괜찮았고
그리고 청불 치고는 눈살 찌푸릴 정도로 잔인하거나 수위가 센것도 별로 없었고...
마지막 반전도 나름 괜찮았고...
근데 그래도 조금만 스토리가 정돈되었으면 좋았겠다 하는 아쉬움은 있었습니다...
뭔가 감독님이 작품을 만들수록 스토리가 아쉬운 느낌이... ;;;
그건 어떻게 안되려나??? 욕심인건가??? 쩝..."
차용현,3,배우가 작품을 살려주길 바라는 박훈정의 방식은 이제 바뀌어야할 듯 한다
톄슈,3.5,금연하세요
Trainspot,3.5,"진짜 기대를 1도 하지 않았고 정보를 찾아보지도 않았다. 그래서 그런가.
박훈정 감독님의 세계관에 동의하지는 않으나
귀공자 캐릭터가 매력적이었다는 것은 인정해야 한다.
230622"
쿠키,2.5,"<신세계> 이후 계속 퇴보하는 듯한 박훈정 감독
.
.
.
.
.
.
.
+ 영화의 거의 유일한 장점인 김선호 배우의 명연기
- 김선호 배우와 대비되는 어색한 연기의 강태주 배우
- 체이싱이 맞는지 싶을 정도로 루즈하게 뽑아낸 카체이싱
- 후반부 액션씬에서 카메라를 흔들리게 해서 액션씬의 멋이 반감됨"
호동신,3.5,"웃음병만 치료하면......
괜짐한 영화임
액션이나 개그나 충분히 즐길만함"
양기자 (YCU),3,"가제가 '슬픈 열대'라길래 하드보일드인 줄 알았는데, 박훈정 감독식의 언어 유머로 범벅한(물론 피범벅 액션은 유지된다) 코미디였다. 아마 박훈정 감독도 관객에게 어떤 카타르시스를 느끼게 할 사이다 장르를 원했던 것이 아닐까. 메인 주제가 '코피노' 남성의 삶을 다뤘다면 더욱.
하지만 몇몇 장면은 판타지처럼 느껴진다.(특히 고속도로 장면)"
Keep,2,"긁어다 베끼기로 연명하던 감독이
여지 없이 날려먹은 황금 같은 기회"
박화영+,N/A,어째 시놉만 봐도 박훈정삘ㅋㅋ
Axllow,4.5,"박훈정감독의 영화와 스타일이 잘맞는건지 영화 불감증이 있을때 항상 박훈정감독 영화를 보면 신선함을 느낀다.
신세계, 마녀, 낙원의밤에 이어서 귀공자에서는 프로킬러 주인공 얼굴을 보는것만으로도 신선했다. 킬러라는 직업을 신선한 방식으로 표현했는데 영화가 끝날때까지 신선한을 유지했다. 내용자체는 일방적으로 적들을 압살하는 수많은 영화와 다를게 없지만 오랜만에 영화에서 신선한 마스크를 볼수있었다는것만으로도 만족스러웠고 어느영화에서든 조금은 애매한 연기를 보여주는 고아라와 김강우를 조연으로 이렇게 잘써먹을수 있는것도 감독능력이라 생각한다. 사건에 강제로 휘말리는 복서 주인공때문에 뒷끝이 개운하지는 않지만 또다른 방식의 여운으로 느껴졌다."
개구리개,2.5,캐릭터 좋다 싶었는데 역시나 컨셉 못버림
공백꽃,3,﻿제발 도망 좀 잘치자
2325,3.5,김선호 웃는걸 시작으로 끝맺음 한 영화
mm,3,웃겨 주셨다는 점에서 가산점 드립니다
제트별,4,타의 추종을 슬며시 불허하는 프로 코믹스
해석왕 고태일,3,복제 사이에 피어난 귀공자
김지노,3.5,"김선호 무릎,구두 쥰내 튼튼!"
효디니,3,"내 다시 김선호한테 빠지지 않겠다고 했거늘,,,,
왜 자꾸 눈가가 촉촉해서는,,,,,
폴인럽,,,"
TK Lee,3,"마녀랑 뭐 어떻게 역을 생각이여?
뭔가 색갈이 없네.
쫌 답답하게 만들었다잉-!
분발하자-!"
Fromme,3,가끔은 그 사연을 굳이 설명안해줘도 그 분위기만으로 그 캐릭터가 빛날 수 있다. 김선호 배우의 열연에도 불구하고 맡은 역할이 다소 아쉽다. 여성 캐릭터의 애매한 위치는 여전하다.
조성호,3,"기대 전혀 안하고 봤는데 그래도 마녀2 보다는 괜춘함.

김포공항 롯데시네마"
scv,3,예측 안되는 케이프로 캐릭터가 맘에 든다. 우연을 남발하는 이야기 전개는 맘에 안든다. 각본 쓰기도 카메라 흔들기도 아마 제작비를 아낄려는 절약정신 때문인지도 모른다.  쌈마이가 박훈정감독의 매력이라 계속 찾게 된다.
이감자,3.5,김선호의 재발견
김동주,4,난 이렇게 가오잡으려는 작품도 좋아한다. 낭만있음.
Sol2Sol,4,선호씨 무서운 사람이었네~
ㅂ📽️,3,"기대치 않았음에도 제대로 된 포인트들이 여럿 있었는데, 그 중 으뜸은 김선호의 미소가 아닐까 싶다."
DK,N/A,"[23.06.21. 개봉]
[크랭크인/업 21.12.10.-2022.04.]
[제작비 약 100억원 / 손익분기점 180만명]
+ 제작과정에서 제목이
슬픈 열대 -> 더 차일드 -> 귀공자 순으로 변경
+ 시리즈화 염두
+ 김선호 스크린 데뷔작
+ 마녀 유니버스에도 귀공자라고
같은 이름의 등장인물이 있지만 별개의 세계관"
Style,3.5,"평점 등록하려고 들어와봤는데 은근히 호불호가 갈리는것 같다,
개봉 당시에 호불호가 많이 심했던 V.I.P도 그렇고 박훈정 감성이
맞아서 그런지 이작품도 나름 흡족 하면서 보았다 무엇보다
펜데믹 이후 첫 청불 한국영화가 개봉 된거라서 의미가 깊었음"
YCLeo,3.5,"김선호 캐릭터가 강하면서 허당인게 재밌는데, 그 외에 나머지는 다 뻔하다.
그리고 고아라 캐릭터는 인지도가 높은 배우를 너무 가볍게 써버린 것 같다. 노린건가?
CGV서면"
노옥,4,"예고편에서 김선호 콜라 마시는 장면 보고 꽂혀서 개봉 첫날 보고 옴ㅋㅋㅋㅋㅋㅋㅋ
참네 김선호 이 능글맞음 뭔데 이거 왜 내 스타일인건데...박훈정 감독 팬 아님. 본 영화 신세계밖에 없음. 뭔가 덜 다듬어진 불한당 같은 느낌 같은 느낌? 무튼 맘에 들어서 소신 있게 4.0. 그리고 김선호 보다 조끼 입은 김강우가 진짜 베스트(섹시해)"
Soogyeom Kim,3.5,박훈정이 이번에 코미디를 하고 싶었던거면 인정
테킬라선셋,3,"마녀 시리즈처럼 답이 안보일 정도로 일본 만화같은 오그라드는 대사는 찾아보기 힘들다.
아, 없다는건 아니고.
그리고 영어 대사 욕심은 아직 가지고 있더라. 이와 관련된 자학개그로 보이는 대사도 있다.
액션씬은 확실히 마녀시리즈를 찍은 감독답게 인상적이다. 하지만 자동차 추격씬에서 속도감이 느껴지지않는 앙증맞은 찐빠가 일어났다.
무거운 느낌을 줄이고 가볍게 가보자고 생각했는지 개그를 많이 넣긴 했는데, 이건 안먹히는 사람 입장에서는 짜증이 좀 날듯 싶다.
그리고 감독이 김선호 배우에 대한 애정이 좀 남다른거 같다. 초반부를 지나면 거의 김선호 원맨쇼다. 김선호 배우가 연기를 못하는건 아닌데, 이거 어째 김선호가 맡은 캐릭터는 호불호가 좀 갈릴거 같다."
송씨네,3.5,"나 잘난 맛에 사는 그 어디에서도 본적 없는 킬러가 온다!

필리핀의 복싱 경기장. 승패가 결정되고 내기 도박으로 수익을 얻는 이곳에 코피노 출신 마르코가 경기를 끝마쳤습니다. 자신에게 도박을 거는 사람만큼 마르코 자신도 유럽 프리미어 리그 승률게임을 하는데 남과는 반대로 하는 덕분에 수익은 없죠. 편찮으신 어머니를 간호하던 상황에서 큰 건이라면서 갔더니 제대로 함정에 빠졌죠. 의문의 여인 윤주 덕분에 구사일생으로 빠져나온 그는 한국의 아버지가 본인을 찾는다는 소식을 접합니다. 기내서 그에게 접근하는 한 사내. 마르코의 성질을 건드리는 그는 네 친구라고만 말합니다. 한편 거대 기업을 운영하는 기업의 승계자인 한 이사는 마르코를 데려와 아버지를 고치려 합니다. 이용가치가 떨어지면 쥐도 새도 모르게 처치하는 건 그의 특기. 얼떨결에 쫓기는 신세가 된 마르코와 그를 추적하는 사람들. 그 사이 한 명이 보입니다. 기내에서 만난 그 놈 입니다. 터미네이터처럼 지치지 않고 마르코를 쫓아오는데 이제는 두렵기까지 합니다.

한국으로 온 코피노 출신 복서가 위험에 휘말리는 영화. 이름 없는 킬러는 폼생폼사에 아군인지, 적군인지 모를 상황을 보여줍니다. 아무도 믿을 수 없고 조력자도 없습니다. 박훈정 감독이 묘한 액션 영화를 들고 왔는데 오락성도 나쁘지 않습니다. 신인 강태주 씨는 이국적인 마스크로 연기를 선보이며 김선호 씨는 자뻑 킬러라는 새로운 연기를 보여주는데 이 부분도 재미있지요. 이 영화는 액션이 강하지만 코믹 영화로 홍보하는게 이상하지 않는게 박훈정 감독의 말처럼 유머가 상당히 많습니다. 제주라는 공간 활용과 한국영화에서 드물게 마세라티, 벤츠, 제네시스 등의 고급세단이 작살나는 진풍경도 볼 수 있죠. 거기에 코피노들의 삶을 녹여낸 부분이 전혀 이질감이 없습니다. 이름 없는 킬러의 전사가 궁금할때 쯤이면 반전과 함께 이 영화의 메시지도 같이 드러납니다. 고아라 씨와 정라엘 씨(박 감독의 전작 ‘마녀2’의 토우 일원) 정도 외에 여성 캐릭터의 부재가 아쉽고 굳이 잔인할 필요없이 수위를 조절해도 나쁘지 않았을 영화였고요. ‘마녀’ 시리즈 만큼이나 귀공자 캐릭터도 잘 키우면 나쁘지 않을 것 같고요. (밝은(?) 영화였는데 ’슬픈 열대‘로 갔으면 큰일날 뻔했습니다.)"
롯데폐인,4,서툰 듯 매력적인 캐스팅
BeBe,3,킬링타임으로 나쁘지 않음
김민서,5,"답답한 부분이 없어서 또 보고싶은 영화다
시원한 영화
김선호를 좋아한다면 더할나위 없는"
Hun,3.5,"생각보다 캐릭터의 매력으로 인해 끝까지 잘 따라가게 되고 궁금증을 잡아주어 집중해서 보게된다.
하지만 어울리지 않는 캐릭터가 들어올땐 흐트러지고 궁금증이 해소되고선 영화의 집중이 떨어진다.
그래도 좋았던건 사회적으로 이슈되고 있는 코피노 문제를 언급했다는 것이다. 제발 다른 나라까지 가서 폐끼치고 돌아오지 않았으면 좋겠다.
마지막으로 김선호라는 배우가 이렇게까지 매력적으로 보일수 있다라는건 이 영화의 최대 장점이다. (악해보일때가 더 매력적)
아차! 마지막 액션 시퀀스는 꽤나 아쉽다. 너무나 흔들어대는 카메라 때문에 어떻게 타격이 들어가는지 제대로 볼수없다. 그것만 잘 담았어도 훨 좋은평이 나올것 같은데 말이지."
nago,3.5,마녀3가 귀공자로 나왔구나
왕은혜,2.5,"캐릭터가 서로 바뀐 것 같네
김강우 컨셉이 훨씬 와닿았다"
엘레나,2,김선호의 재기작..박감독님의 매너리즘..
박원준,3.5,엉뚱한 서사조차 밟아버리는 캐릭터적 우월성
시가렛,3,한 배우(김선호)의 매력이 몇몇 단점을 커버한다.
이단헌트,2,신세계는 어쩌다 얻어 걸린 표절영화에 불과했다
johnpaulmacqueen,0.5,끝내 이걸 보내…욕도 아깝다. 도대체 뭘 보고 투자하는건지 차라리 자선단체에 기부나해. 동태눈깔 투자자들..
이상범,4,"이제는 잘 알게 된 박훈정식 영화전개.
감독이 다른 작품들에서도 애용해오던 삼파전 관계에서 이리저리 이끌려다니는 주인공과 약간의 허세와 영화의 정체성이 그대로 담겨 드러나는 메인 캐릭터, 마녀1에서 박희순, 마녀2에서 진구와 같은 포지션의 김강우. (개인적으로는 셋 중 가장 좋았다.)

다 아는 맛이면서도 봤고, 기대한 맛 그대로 좋았다.
김선호의 수트핏과 미소때문에 별은 하나 더!!"
메키케키,3.5,박훈정 감독 만의 위트에 귀공자 캐릭터를 합쳐 새롭게 선보인 스타일 좋은 액션 영화로 특히 배우들이 돋보인다
별생각없음,3.5,"귀공자라는 제목은 이해 안된다. 하지만 영화가 별로는 아니다. 이렇게까지 욕 먹을 영화는 아니다. 신세계 영화가 뽀록이었다는 둥, 1점을 줄 만큼 영화가 허술하진 않다. 사람들과 소통을 잘 안 하는 사람인지 대사가 이상하다. 어투가 대사를 많이 안 써 본 느낌이다.
그것 빼고는 뭐 영화는 개연성도 있다. 시의성도 있다. 감독이 말하고 싶은 게 코피노의 현실을 말하고 싶었는지 액션 영화에 시의성을 가미한 건 좋은 연출이다.

개연성이 없다는 의견에는 동의하지 않는다. 이 영화는 관객에게 친절하게 왜 이런 상황이 됐는지 잘 알려준다.

영화는 안 어렵다. 그래서 볼만하다. 이 감독 영화들의 특징은 큰 의미 없는 영화만 만든다는 거다.

신세계 : 조폭코믹액션반전영화.
마녀 : 단순 액션반전영화
마녀2 : 산골 별장 액션 코믹 마녀 1편 복붙.

이렇듯이 이 감독은 원래 아무 의미 없는 영화만 연출하기에 이번 영화도 별 의미없는 영화다.

그래서 이 감독의 영화에 어떤 철학적 사유를 갈구할 필요가 없다. 그냥 오락영화만 만들 줄 아는 사람인데 뭘 더 큰 의미를 부여하는지 모르겠다.

반전도 예측 가능하지만 괜찮다. 원래 재밌는 영화, 볼 만한 영화는 원래 전형적 정형적 전개여야 재밌다. 참신할 수록 재미없다."
댄디큐티,4,나는 이런 박훈정식 중2병 영화가 좋다!
Jay Lee,4,집요하고 변태적인 케릭터의 엇나가는 유머가 묘하게 매력있다
재미우선주의,3.5,"박훈정 최고작.

원래 시나리오를 잘 쓰던 사람인데
본인이 직접 감독을 시작하면서 이상하리만치 우라까이와 클리쉐, 억지전개와 똥폼으로 점철된 영화만 만들더니
간만에 제대로 잘 빠진 영화를 만들었다.

하지만 마녀2의 처참한 만듬새 때문에 감독에게 실망한 관객들이 많아서인지 흥행이 영~

그동안의 박훈정 영화들은 거슬리는 부분들은 많지만 확실한 장점이 있어 그냥 참고 보는 그런 영화였는데 귀공자는 처음부터 끝까지 거슬리는 부분이 거의 없었다.

다만 에필로그의 어떤 장면 때문에
""도대체 저럴거면 왜 그렇게 죽일듯이 쫓아 다녔던거지?""
헷갈려할 관객들이 좀 있었을거 같다. 그 장면이 유일한 흠이다.
아마도 대중성을 위한 선택이었던 거 같은데 빼는게 대중성에 훨씬 도움이 되었을거 같다.

그외엔 팝콘 액션 영화로선 거의 흠 잡을게 없다. 적어도 존윅4 같은 영화보단 비교도 안되게 훨씬 훌륭하다"
귤귤,4,감독 특유의 재치와 김선호의 열연으로 완성된 맛.
누들,4.5,"박훈정 감독의 세계관, 만화 같은 캐릭터 설정, 액션신은 한국 감독 중 가장 취향이다. 미국 히어로물을 좋아하지 않으니 액션 히어로 장르에서 나한텐 그냥 최고일지도. 애초에 정통 느와르로 기대하지 않았고, 어딘가 돌아버린 먼치킨물로 이만큼의 카타르시스를 주는 영화가 마녀 뿐이었는데 귀공자가 그 다음이라니. 대사가 유치한건 어느 정도 감안, 유머코드가 의외로 딱 맞아서 너무 즐겁다 정말. 김선호 배우 영상 화보급이라고 듣고 가서 연기까지도 역시나였지만 김강우 배우가 또 너무 좋았네. 이런 배역으로 최고시다👍
평이 많이 박해서 놀랐는데 초반부 늘어진다고 해서 각오하고 갔는데도 딱히 지루한지 모르겠고 결말이 아쉽다는데 쿠키까지 더하면 웃고 즐겁게 나설 정도였다. 중반부에서 후반부로 몰아치는 속도감도 좋았음."
stayfocus,3.5,진짜 범죄도시보다 10배는 더 재밋음
초코봉봉,4.5,스포일러가 포함되어 내용을 생략했습니다.
꿍지,4.5,느와르 장르 분위기를 살리면서 적당한 웃음 포인트 + 깔끔한 결말 + 연기파 배우들
조수호,3.5,생각보다 나쁘지 않았던 영화 그럭저럭 괜찮았던 액션물
팁트로닉,0.5,나 연출하고 있어!! 나 연기하고 있어!! 모두가 악을 쓴다.
이혜원,0.5,스포일러가 포함되어 내용을 생략했습니다.
굿키드,1,"돈 없는거 너무 티난다.
예산에 비해 하고 싶은게 너무 많았죠?
그 정도 예산으로 찍고싶은 대로 못찍을거 뻔히 알면서 밀어붙인거야.
몰랐다고 하면 다작씩이나 했던 감독 자격 진짜 없는거고.
그러니까 주구장창 되지도 않는 긴장감 넣는다고 씨부리기만 하고.
어휴. 재미라도 있던가.
이것저것 감춘다고 캐릭터 너무 신경쓰다가 선 못맞춰서 촌스러워짐.
액션 노맛 드럽게 안보이네.
대사 개노맛 적당히 필요할때만 딱딱좀해.
어디서 본건 다따라하고 자빠졌네.
인터뷰에서 코피노얘기는 뭐하러 갖다 붙이냐..
그냥 소재로 한번 써먹어봤다고 솔직하게 얘기해..
솔직하지 못할거면 걍 말을 말지 뭔 사회문제 신경쓴 지식인인척 포장하냐 역겹게.
신인 주인공 복서 설정이면 솔직히 김선호랑 한번 파이트 정도는 할줄알았다 염병.
옆에 코골며 자는 아줌마는 별 문제도 안됨.
아니 그럴 수 있어 개 졸리거든.
그냥 대사 좀 다들 그만쳐.. 한숨나오니까.
느와르는 말 줄일수록 멋있다고..
달콤한 인생이나 다시봐야지."
엘산나,2.5,"스릴러인 척 하는 코미디
초중반 무게는 무게대로 잡다가 라이트해지는거 보소 ㅋ
싸울때 좀 카메라 적당히 흔드세요 실루엣밖에 안보여

이러시는 분에게 이 영화 추천

1. 나는 스릴러로 포장된 코미디를 좋아한다.
2. 김선호의 팬이라 다른 이미지로도 보고싶다.
3. 이끌려 같이 보러 가는 사람에게 미안하지 않다.
4. 할인된 영화 가격에 보러간다.
5. 나는 어떤 후까시에도 오글거림 없이 볼 수 있다.

영화 쿠키 있으니 끝나고 바로 나가지마세요"
우리는끝없이흐른다,2.5,"주먹 좀 쓴다는 마르코는 거의 병풍 수준이었고, 결국 귀공자의 원맨쇼였다. 제목부터가 귀공자라서 이상한 일도 아니지만, 반전이랍시고 마르코의 사연을 팔았다는 것이 괘씸하다."
배차장,2,"박훈정이 박훈정한 영화긴 한데
나도 남자지만 김선호 진짜 너무 잘생겼네..연기도 왜케 잘해"
청소년관람불가,2,매력이 없는 이야기와 캐릭터들의 난장판
박소형,3,"욕하면서 담배피며 가오잡고 조폭, 총, 폭력, 유혈 낭자한 와중에 또 겉 멋 든거 여김없이 표현해줘야 누아르라는 그 박훈정 영화다.
근데 힘을 좀 빼고 유머를 던져서 오? 싶다가도 멋있는 척은 좀 줄었나했는데 다리위에서 도로로 뛰어내리네...하..애증의 박훈정
근데 결말이 박훈정 스타일이 아닌데? 왜 따뜻해
김선호가 웃으면서 총 쏠때마다 vip 이종석이 떠오르더라. 이건 자기복제인가
그래도 마녀2, 낙원의 밤 보다는 올라왔다.
욕하면서도 박훈정이 흔하디 흔한 멋있는 척 하는 한국영화 계속 해줘서, 난 좋다."
SnoopCat,3.5,"관전 포인트를 신세계 박훈정 감독의 후속작에 대한 기대가 아닌 김선호 캐릭터에 맞추면 꽤 재미있는 영화였음.
그 동안 한국영화에선 듣도 보도 못 한 새로운 캐릭터의 등장. 코미디와 액션 두 마리 토끼를 다 잡은 성공적인 캐릭터의 탄생."
이하람,4,첨에  '도대체 무슨 스토리지?' 이 생각으로 보고 있다가 추격씬에서 김선호의 우스꽝스러운 모습을 보면서 빠져들다가 후반부 액션으로 카타르시스를 안겨준 희한하면서도 흥미로운 영화.
dinozzo,1,"박훈정의 상상력도, 자본과 제작도…이 정도면 심각한 문제"
한스기,2,"케릭터와 서사를 좀 더 보강했으면 좋았을 것 같다 빈약한 와중에 케릭터와 서사가 섞이지 못해 의문을 남기고 지루해지는 감이 있다 그럼에도 김선호의 연기는 눈에 띈다

내가 추천한 영화가 있었지만 친구의 강력한 추천으로 이 영화를 보게됬다 보고 나온 후 추천한 친구도 다른 친구들도 말없이 생기를 잃었다 (괜찮아 다 같이 봐서 재밌었어ㅎ)"
홍상수,N/A,또 훈정이네..
_9dong,2,"왜이렇게 뻘하게 웃기지ㅋㅋㅋㅋㅋㅋㅋ
김강우 캐릭터가 조금더 악랄하고 무게감있었더라면 느와르 액션과 B급 감성 코믹(?)의 밸런스가 맞았을텐데 하는 아쉬움이 있다."
타이거즈,2,결국은 친구가 도와줬다
Niknik,2.5,둘 따위 집어치우고 하나만 알고 연출하는 박훈정
Life is a journey,4.5,"달콤한 인생 스타일의 느와르
능청스런 연기에 잘어울린다"
플루,2.5,"느와르를 기대하지 말고, 코미디를 기대하는 게 더 좋을 지도."
박광재,3,"전체적으로 평이하며 일순 끝은 허탈하기도하다
장르영화 시리즈 저변확대와 주제선정이 장점이라면
지나치게 빈번한 자기복제와 클리셰가 많은 무난한 이야기가 단점."
랩퍼 M군,0.5,뭔가 있어보이고 어른인척하는 초등학생같은 영화
진끼리,3,"재밌기만하구만
수준이 그렇게들 높으신가
왜 다들 액션영화에서 어떤 무언가의 의미를
찾으려하는건지..
재밌으면 그걸로 된거아님?
김선호 연기 신선했고 전개 괜찮았고 지루하지않게 흘러간 러닝타임!
별점보고 개망작인줄..오해할뻔
역시 재밌어요 👍 박훈정감독님 영화 좋아해여 VIP빼긍"
홍사현,3,막상 관객 타겟을 놓쳐버린...
정명우,3,착한일 잘했다
닝닝,3.5,가볍게 즐기기 좋음. 유머코드 웃김. 김선호 얼굴 유잼. 개연성 집어치우고 보면 됨. 너무 많은 기대 금물. 김강우 연기 쫄깃하고 고아라는 좀 아쉽. 갑분 반올림
궁예,3.5,박훈정표 액션이 내 취향인듯
김동원,1.5,"채반마냥 숭숭 뚫린 서사 사이로 새어나오는 헛웃음
무게와 속도가 사라진 액션
드디어 박훈정이 사람들을 (여러 의미로) 웃기기 시작했다"
하루종일,3.5,범죄도시3편과 같은날 개봉햇다면 평가가 다르지않앗을까…
티후김이박모미지도원시야웅현빈,2.5,"박훈정의 레파토리에 김선호란 별미를 첨언한 코믹캐릭극.

👍🏻: 매력이라도 있었으니 다행이랄까.
👎🏻: 기대했던 마르코 활용의 아쉬움."
료지니🍭,2,아니ㅋㅋ이건 무슨 신박한 막장이지?
김안나,2.5,"감독의 전작들과 마찬가지로 고질적인 문제의 답습. 절대악에 대한 혐오감을 고조시키기 위해 지나친 정당성을 부여한다. 폭력과 욕설과 잔인함이 지나치게 길고 진부하게 반복될 뿐인 그저 흥미와 자극 위주의 쇼트들.

메시지는 없고 그저 눈속임만 가득하다. 이것만해도 견디기 힘든데 그놈의 똥폼잡는 먼치킨 캐릭터는 질리지도 않고 또 나온다.

거기다 초중반 일행이 외딴 숲속길을 운전하다 급습당해 죽임당하는 장면은 이전 연출작들과 너무도 똑같이 묘사된다. 배우들과 스태프들의 열정이 이런식으로 소모되는게 안타까울 지경이다. 브이아이피만큼의 최악은 아니지만 그에 견줄만큼 완성도가 처참하다."
lupang2003,2,"맙소사! 역시가 역시였다. 박훈정 감독은 지난 10년간 8편의 영화를 발표했다. 그중 절반은 흥행했고, 나머지는 실패했다. 흥행여부의 문제가 아니다. 더 중요한 문제는 어느 순간부터(최근작에 가까울수록) 그의 영화에는 창작자의 고민과 노력이 보이지 않는다는 것이다. 고민없이 양산하는 비슷비슷한 장르물은 수명이 길 수가 없다. 이제 흥행 결과보다 더 중요한 건 감독으로서의 가치를 증명하는 일이다."
이진훈,2.5,"스타일리쉬한 액션만 급하게 쌓아올리느라 마지막으로 몰려버린 서사..
그 간극은 결국 거리적 시간적 공허함으로 차버렸다"
이용희,1.5,"미끼상품 활용법.

<귀공자>에는 없는 것이 많다.

*설명이 없다.
영화 중반이 넘어가도록 핵심 인물과 그 행위에 대한 아무런 설명이 없다. 관람자는 의문을 넘어 짜증 속에 끌려갈 수밖에 없다. 감독님 이것이 호기심 자극이라고 생각한다면 큰 착오입니다.

*캐릭터에 중간이 없다.
모든 인물들이 중2병 말기다. 표정부터 대사, 말투, 행동, 심지어 액션까지 모든 것이 과장되고 촌스럽다. <마녀> 같은 일종의 판타지물에서야 어느 정도 허용이 가능하지만, 현실을 기반으로 한 영화에선 현실적인 캐릭터가 바탕이 되어야 하지 않겠습니까 감독님.

*갑자기 사람과 차가 없다.
인물 간 액션이 벌어지면 도로에서는 차가 사라지고, 동네에선 사람이 사라지는 마법이 일어난다. 물론 사건에 필요한 차나 사람은 절묘하게 나타나 사건을 일으킨다.

*대화가 없다.
킬러와 코피노, 그들 사이에 약간의 진실된 대화만 있었다면, 그 모든 피를 보지 않아도, 그 생고생 개고생을 하지 않아도 되었을 터. 그리고 그 대화의 기회는 차고 넘쳤다.

그냥 잘하던 거 잘해주세요 감독님."
차강운,1,"훈정아
넌 그냥 영화 그만 찍어라"
림군이,2.5,프로라기엔 아마추어같은 명분
문혁준,2.5,적어도 김선호의 캐릭터 하나만은 최고다.
조형준,4,김선호 얼굴만 보여
전뚱이,2.5,신세계
서동균,5,"박훈정 대표작이 ""신세계""에서 ""김선호""로"
강순복,4,"김선호만의 독특한 해결사 좋아요
스토리는 나름 개연성은 있지만
빌런이 좀 더 뭔가를 보여줬으면 좋았겟네요"
Juho01865,4,"박훈정 감독의 스토리 라인은 고루하지만 날이 갈수록 라인 속 변주는 재미있다 분명 소수의 관객들에게 장르적 만족감을 선사할 수 있을 거 같고 안타깝게 나는 그 소수에 속한다. 영화 속 분위기도 매끄럽되 가볍지 않고 특유의 먼치킨적 장르를 카타르시스를 느낄 수 있게 풀어냈다. 고의적으로 개연성을 내다 버리는 것이 느껴진만큼 재미만큼은 챙겼다. 특히 대사는 마녀때보다 훨씬 세련되게 변화한 것이 느껴진다 영화를 개연, 핍진을 중점으로 보는 사람들에게는 극구 말리고 싶지만 나로서는 OTT에 나온다면 한번 더 볼 의향이 있는 영화"
나프탈란자,3.5,"터미네이터인줄 알았는데 시티헌터였어.
8,90년대 호환 마마보다 무서운 무분별한 불량불법비디오,일본 폭력만화의 세례를 듬뿍 받은게 분명한,그래서 반가운 감독님.
마녀 연작이 최종병기 그녀나 총몽같은 sf 펑크 소녀물의 오마주 혹은 우라까이였다면 이번엔 크라잉 프리맨이나 지저스,시티헌터 같은 일본 액션만화의 오마주 내지 우라까이로 보면 일견 황당할수 있는 분위기가 어느 정도 이해된다.
이젠 유행 지났지만 15세 관람가를 위한 처절한 몸부림 같은 액션씬 카메라 흔들기는 좀 아쉬워도 어쨌든 김선호 캐릭터는 잘 뽑았다."
승자이,3,시나리오 작가 출신치고 어째 갈수록 빈약해지는 이야기는 아쉽지만 그만의 스타일리쉬한 액션의 맛은 중독성이 있다. 그걸 잘 살린 김선호의 독보적인 멋도 한 몫했고. 아무나 콜라병에 빨대 꽂아서 먹지마라  김선호꺼다!
88,4.5,결말 때문에 0.5뺌
우떼,4,"마녀 시리즈도 이 영화도 좋았다
특유의 액션과 분위기, 왕 쎈 캐릭터 (+피)
아주 무겁고 묵직하진 않았는데 또 나름 괜찮았다
해피엔딩(?)은 조금 당황스러웠지만 (혹시..2..)
김선호님 매력에,, 얼굴에,,, 풍덩,,,,,,🏊‍♀️🩵"
김하린,4,박훈정은 대체 몇명의 배우를 살려내는거냐
아무개,4,선호 반갑! 노담!
도롱3,3,"(안)죄송한데 김선호 분 진짜 미친 새키 같으세요…

떼잉~ 쯧! 하여튼 요오즘 영화들은 가오만 쏟아 부으면 다 되는 줄 안다니까. 정말이지 버르장머리가 없어요.

…라고 생각하면서 초반에 이미 ‘별점 한개 반 줘야지’ 마음 먹고 봤는데, 하. 자존심 상하지만 내가 이런 잡탕을 안 싫어함. 캐릭터 하나만 믿고 엉망진창으로 구는 게 몹시 괘씸한데 살짝 깜찍도 함. 퍼스트 러브 볼 때 같은 그런 앙큼함을 느낌. 마지막 10분은 깔끔하게 들어냈다면 좋았겠지만 또 ‘내가 만든 쿠키~ 너를 위해 구웠지🤭’ 하면서 애교 떠는데 참 나ㅋ 귀엽네…

+ 진심으로 낮은 별점도 높은 별점도 다 이해할 수 있음ㅋㅋㅋㅋㅋㅋㅋㅋㅋ 특히 개쓰레기 영화라고 평하는 것 너무 이해함ㅋㅋㅋㅋㅋㅋㅋㅋ 아 정말 즐겁다ㅋㅋㅋㅋㅋ"
SUNG RYUN,1,스포일러가 포함되어 내용을 생략했습니다.
주변인,4,"넷플릭스가 사고 싶었을 영화, 팔지 않은 현명한 선택"
mr.park,3,"늘 비슷한 분위기지만
김선호의 존재감이 살렸다."
나봄,0.5,"웃다가 생각해보니 웃을때가 아님,,😒"
No name,2.5,"재밌는 소재에 올드한 연출 얹기였다.

누군가에게 MVP를 주어야만 한다면,
단연코 로케이션 디렉터
그리고 사심을 담는다면
고아라 캐스팅한 캐스팅 디렉터"
"Ending,",3,분열된 마녀의 능력치와 성격이 다시 상봉하는 과정.
kyc,3,"급하게 만들었나? 아쉽다.. 이게 최선인가?
갸우뚱거리며 중간 중간 한숨 쉬며 봄
그리고 여고딩 너무 어색함 <한숨포인트"
낡은호출기,2.5,귀를 닫고사는 공수표감독의 근거없는 자신감
idaein,2,"박훈정이 무난히 꾸준한 패턴으로 억제기 돌리는 와중에 자기 캐릭터를 확실히 각인시키는 김선호.
*쿠키영상 1개 있어요!
[CGV 시사회]"
수정,2.5,"도대체 이런 스토리로 영화를 만드는 사람은 무슨 생각인 건지 너무 궁금해서 한 시간 가량 아빠와 토론을 했는데, 결국 이게 재밌다고 생각하는 사람이라 그런 것이라는 답 밖에 안 나왔다. 오프닝 시퀀스도 그렇고, 러닝타임 내내 나 프로야~ 전문가야~ 하며 폐활량 쩌는무자비한 킬러의 모습을 보여주던 김선호가 주인공을 쫓는 근원적 이유는 무엇일지 영화내내 궁금하게 만들면서 결국에 보여주는 것이 이딴 것이라니
진심으로 이게 재밌는 건지 이렇게 해도 되는 건지 검열을 안 해본 거냐… 게다가 쿠키영상은 화룡점정!
도대체 고아라는 왜 나오는 건지
이 영화에서 그나마 주워먹을 건 강태주 배우의 마스크 (진짜 주인공 같은 얼굴과 아우라, 매력이 덜한 건 이딴 영어 대사들이랑 역할 준 박훈정 탓) + 김선호 말간 얼굴과 수트빨 기럭지 ^^ 그 뿐…"
jww,2.5,끝까지 깨지지 않은 톤앤 매너 만큼은
강민재,3,(다신 오지마 거지새끼들아) 야 너 부르자나 “네” 해야지
수용,5,난이거 재미있는데? 미쳣는데?
영업3팀,3,뭐야 왜 재밌어. 박훈정표 오락영화 은근 매력있음. 박훈정은 대단한 감독 되려는 욕심 버리고 이 정도 퀄로 다작해줬음 좋겠다.
Perle J,3,"23.08.27.밤에 집에서

영화에 대한 어떤 정보도 없이 보게 됐는데 그래서 그런지 그냥 코미디냐 모냐 하면서 봤음
중반까지는 사실 폰도 좀 하면서(집에서도 영화볼 때는 절대절대 안봄) 대충 따라갈만큼 지루한 면이 있었는데 김선호 캐릭터가 나름 매력적이라 점수 후하게 줍니당~ 아 그리고 해피엔딩이니까!"
Moony,0.5,내가 지금 뭘 본거지?! 쓰레기?!
Life is Movie,2,이제는 박훈정이라는 디렉터의 역량을 한없이 낮춰봐야 할 때.
라이너스,2.5,"하나의 타깃늘 정하고, 각기 다른 캐릭터들의 욕망을 심어 놓고서 끝까지 달려 나가는 이야기. 인물 모두가 제대로 뒤엉킨 채 난장판이 되길 응원했으나… 중반 이후로 점점 힘이 빠지더니, 클라이맥스는 심심하다.
-
걱정 반&기대 반- 김선호의 영화 연기는 선한 얼굴에서 나오는 서늘함과 궁시렁거리는 싼티로 무장해 흥미로웠음. 강태주의 눈빛도 다음 작품을 기대하게 만든다."
김현영,2,"1.진정한 노담 영화.
극장 상영전에 금연 캠페인 - 노담 사피엔스 군인편이 나왔는데 오히려 이 영화가 노담(금연) 캠페인 무비임. 엔딩의 쿠키? 영상을 보면 알게 됨.
(노담 사피엔스 군인 편 군인 모델 귀여움)

2. 혼잣말 영화.
김선호-프로는 왜 저렇게 혼잣말을 많이 하는거야.
김강우도 계속 혼잣말…
영화 대사가 혼잣말 대잔치임. 혼자서 다 설명하고, 혼자 감정, 행동을 다 말함 ㅋㅋ
=각본을 못썼다는 뜻."
yuzungs,2,이 돈으로 웹툰을 만들면 잘 될 것 같은데..
근웅,3,김선호의 재치가 이 영화의 가장 큰 매력.
심슨,2.5,진정한 프로다움에 대한 고찰..??
이팔청춘,2.5,"긴장감없는 추격씬, 어이없는 총격씬, 개념없는 격투씬...
누워있는 엄마 연기가 제일 자연스러운 아이러니함
[20230623 예매권]"
민드레,1.5,신세계는 사라지고 낙원의 밤이 반복된다.
갬이,1.5,"우리나라 길 잘 뚫려있네요
구닥다리 대사 때문에 힘들었지만 강태주 배우님 쏘 청순..."
sunset,0.5,"왜 관객이랑 놀려고 하는거지...
내가 거지새낀줄 아나"
イチ,2.5,쿨하고 멋있는줄 착각하지만 앞뒤 매락없는 이 작품에 느껴지는건 그저 겉멋뿐
elizz,0.5,"코미디 영화임. 내 별표는 저렇지만 걍 재미가 없진않음. 근데 이게 감독이 '아 이런 캐릭터 보고싶다' 하는 등장인물 몇명 캐릭터 이미지 잡아놓고 '아ㅋ 이런 장면 넣으면 존잼이겠지?ㅋ'하는 장면 몇개넣은 다음, '아..근데 이거 어떻게 잇지? 아 그냥 대충 이러자.'하고 만든 스토리임. 그래서 본인이 재밌을라고 만든 씬 몇개는 엄청 힘주고 그 사이에 '그래서 뭔데?;;' 하는 건 캐릭터들 설명충 대사씬이랑 회상씬 처리함. 근데 저 힘주고 만든곳도 너무 힘줘서 어떤 때는 늘어지고, 끊어줘야되는 그 짧은 찰나의 타이밍을 못잡아서 통쾌할 수 있는 포인트를 놓침. 그치만 김선호 여우같이 연기 잘하는거 보려면 충분히 즐길 수있음. 김선호 아님 이런 캐릭터 잘 살릴 배우 몇없을듯..영화 매니아라서 진짜 이런 영화 도저히 머리 비우고도 용납이 안된다 라는게 아니면 걍 진짜 인생 너무 고달프고 힘들다가 힘든 일들이 마무리되서 한가할때 뇌라는 걸 떼놓고 보기 좋음. 요새 인생이 고달파너 평타로 재밌게 봄. 그치만 이런 영화에 높은 별점을 주고 싶진 않다."
배우는배운다,1.5,"빈약하고, 불쾌하고, 어지럽다."
이정우,2,블랙코미디 인건지 블랙코미디가 된건지 헷갈린다.
오늘언니,2.5,허세가 뇌를 압도적으로 지배할때 나올 수 있는 모든 말과 행동들
0점사격,3,유희열 vs 박훈정
김트리,1,"마녀 같은 영화인 줄 알았는데..
이래저래 정말 조잡한 영화
하나도 특출난 점이 없다.

김강우 인생작 아닌가 싶다.
나머지 배우들은 연기를 정말
잘하지만 미스캐스팅 아닌가 싶다.

서론이 긴 거에 비해 결론은 너무
지루함... 에피타이저는 최상인데
메인요리가 똥이네

이 정도 배우로 이런 작품 만드는 것도
능력인가..? 왜 감독은 매번 같은 실수를
하는거야.. 모든 부분이 너무 뻔하다.

코피노의 심각성에 대해 하나 배운거

* 에누리 좀 해! 정찰제야!
* 그러다 체해! 걱정마 우리 소화 잘 시키니까"
양동철,3.5,기대하지 않고 전작품을 알지 않고 그냥 그냥 그렇게
파니핑크,0.5,진짜...cbal이다
비지정생존자,1.5,각본가 출신인데 대사의 질이 떨어지는 것은 큰 문제입니다.
최광호,2,똥폼 엄청 잡네
오미미,3.5,냠냠 음~ 테이스티
베로니니,0.5,"각본이 구린건지 연출이 문제인지...
이렇게 답답한 영화는 처음이야."
MJ,4,"웃어야 하나
울어야 하나"
MMXXII,2,"🖤할 줄 아는 욕 시옷 비읍 밖에 없음
🖤코피노 후려치기 + 들러리 소재로 써먹기
🖤그지같은 플롯
🖤엔딩 할 말이 없다 ㅎㅎㅎㅎㅎㅎ"
김호산,2.5,그냥 좀… 웃긴데? 코미디인가??
Eomky,1,"10년이 지났어도 여러 캐릭터에서 신세계 정청의 익살이 보이지만.
낙원의 밤이 생각나는 만듦새.
초반 김선호에게서 잠깐 비춰보였던 브이아이피의 이종석의 미소. 하지만 그거슨...
실망감--> 기대감 없이 봤다 호평 --> 기대 --> 실망의 고리가 뫼비우스의 띠 같다.
그럼 다음 작품은 기대 이상이려나.
사실 이제 좀 버거운 건 사실."
YongJo,2.5,정찰제 가게에서 주인 행세하는 사람들이 너무 많다. 심지어 내가 오더한 물건은 있지도 않고 이만하면 거저 주는거라며 꼴값을 떨고 있다.
영사남,2,박훈정 영화는 이제 안 봐도 다 알 거 같다
지구별여행가,2.5,전혀 새로움이 없는 박훈정 감독의 동어 반복 서사
37.2,0.5,난 분명 잤는데 내용을 다 안다
램쥐,1.5,와...
이한빈,2,관객들과는 친구하기 싫었나보다….
권순범,2.5,"액션에 컷을 난도질 하면 재미있을 것이란 착각.
캐릭터 조형과 마사지에 집중하느라 시나리오가 뒷전으로 밀려난다."
HODU,0.5,"두 시간 동안 김선호 혼자 낄낄거리는 거 듣고옴 ㅡㅡ

그리고 감독 유튜브 구독 목록에 파쿠르, 외제차 리뷰, 영어 잘해보이는 법 이런 거 있을듯 ㅡㅡ"
스테민,1.5,"런닝타임이 길지도 않는데 보는내내 인내심을 요한다.
화려한 액션도 없고 반전도 없고 긴장감도 없다.
얼척없는 개그(?)만 존재하고 이게 대체 무슨 씬인데 질질 끌지라는 생각만 머릿속에 맴돈다."
김동영,0.5,"웃길 기면 웃기고 진지할 거면 진지하던가
광대 노릇 하다 끝난 김선호랑 벤츠만 아까움"
유리,0.5,"자동차  추격전애서 몇번을 졸았는지...
멤버십포인트로 봐서 다행"
𝐩𝐢𝐜𝐧𝐢𝐜𝐤𝐞𝐫,0.5,"에라이, 💩💩💩💩💩💩💩💩💩✖️🤬
안 본 눈 삽니다 👁️👁️

➖관람전
아이고야 예고편 보니, 알겠다 😎
배우들은 그래, 저런 역할 한번은 해보고 싶긴 할거야
독이 되든 득이 되든 🫨"
신종한,2.5,"마녀에 갇혀버린 박훈정
신세계는 더 이상 볼수없었다."
최지은,0.5,이 영화가 만들어내는 리듬에 나는 도저히 함께할 수 없었다. 함께하지 못해서 아쉬운 점이 하나도 없다는 점이 아쉬울 뿐이다.
영화인,3.5,서사를 담으면서도 장르는 살려내는. 배우들이 하나같이 매력적.
매버릭,2.5,마녀같은 느낌을 기대하고 봐서 그런가 뭔가 익숙한 소재로 생각보다 B급 병맛이었던 영화. 김선호 덕분에 A급 병맛으로 올랐다고 해야하나? 중반까지는 애매했는데 뒤로 갈수록 (웃겨서) 재밌어짐. 그냥 김선호 복귀 잘했다~!~!
뀨뀨,1,무엇을 상상하든 그 이하
유지철,2,쓸데없이 광기와 허세에 절여진 캐릭터들.
Raymon,2,"세상 스타일리쉬하고. 허황된 설정과. 과하게 연출된. 한편의 웹툰을 보는 듯. 요란뻑적지근 해서. 좀처럼 이야기에 공감할 수가 없네.
+
느와르 속 폼생폼사가. 캐릭터의 매력도를 높이는 요소일 수는 있는데. 이야기의 설정과 괴리감이 크면. 공감도 몰입도 방해하는 망작으로 가는 지름길이 되기도 한다.

#신세계2 #기대만빵"
애솔킴,3.5,"그럭저럭 굴러가는 영화를 찍을 줄 아는게 감독의 장점이자 한계.

그러나 이 영화엔 <신세계>의 황정민 <낙원의 밤>의 차승원 같은 배우가 없어서 밋밋함이 두드러져 보이긴 함.
(심져 고아라 같은 경우 미스캐스팅에 가까움)"
길베르토,3,신세계 감독 생각하면 이름값에는 못 미치지만 뭔가 캐릭터가 산만하면서도 밉지는 않은 매력이 있다 정도?
맛스타,3,"나름의 재미는 있는데?
김선호의 변신만으로 재미가 있네."
강씨네수다,3.5,"단편같은 장편.

+ 리듬감이 꽤 신선하고 좋다.
+ 귀공자 캐릭터의 프리퀄이 보고 싶다."
타크마,3.5,박훈정 스타일 갠적으론 참 좋아하는데.. 이쯤 되면 이제 신세계와 마녀의 그 어디쯤에서 허우적대고 계시는건 아닌지..
대연뎨녈,3.5,"김선호의 광기 서린 웃음이 차갑고 날카로워 좋았고,
마지막 맺음을 엉망으로 망쳐버린 시나리오였다.
굳이 마지막을 꼭 해피엔딩으로 마무리했어야했나…"
한상유,3,"2023.9.8
(혼자)
프로면 좀 더 프로답게 해주면 안될까?"
동연,0.5,"살면서 봤던 영화중에서 가장 재미가 없었다고 단언할 수 있는 영화. 연출과 스토리가 모두 빈약하고 루즈해지는 부분밖에 존재하지 않아서 몰입을 하나도 할 수가 없었음. 영화희 호흡이 너무나도 길다고 할 수 있음. 배우들이 연기를 못하는 건지 대사가 유치한건지 알 수는 없지만 한 마디 한 마디 할 때마다 몰입을 깨버리고 불필요한 장면이 정말 너무너무 많음. 영화의 목적과 왜 뒤쫓는지와 같은 이유들을 관객에게 하나도 알려주지 않아서 등장인물들의 행동 매커니즘을 이해할 수가 없고 답답하기만 함. 범죄, 액션 영화를 만들지 않고 코미디 영화를 만들려고 햤지만 그 코미디 마저 재미가 하나도 없음."
제레미테시오,3.5,"결론은 액션영화가 아니라 필리핀 의료계 현실을 비판한 블랙코미디.
김선호의 미국식 영어, 영국식 영어, 따갈로그 발음은 좋았다."
월터 핑크맨,2.5,시작하고 거의 한 시간 넘게 이유도 모르고 재미도 없는 추격 살상극을 보고 나서야 얄팍한 반전이 한번 있는데 다 장난같은 수준.
건축가,2.5,김선호의 능글 하나 믿고 영화가 나대는 꼴보기 싫다
다하,3,"박훈정의 시나리오, 박훈정의 캐릭터, 박훈정의 대사, 박훈정의 액션, 거기에 박훈정의 유머까지. 뭐 하나 신선하지도 그렇다고 별로라고 생각되지도 않는 늘 그래왔던 박훈정의 영화중의 하나. 그래도 딱 하나 건진게 있다면 박훈정의 김선호"
사탕,3,"각본이 구리니까 매력적인 캐릭터가 살지

못함

마이사  도 김선호 도"
공주,0.5,가영이는 왜 집에서도 교복입고있지 학교갔다왔나
moongun,3,"원낙 평점이 좋지 못해서
고민 했는데 액션은 굿인데
내용이 살짝 아쉽다.
작가가 바꿔서 나중에 대필한 느낌"
영화 중년,3,"김선호가 열일하는 가족 찾아주기 프로젝트
230730"
영화보는재미,1,"마녀에서 다 보여주지 못한 허세를 여기서도 다 풀고 있다. 마녀에서 보여준 캐릭터 구성을 여기서도 보여주고 있다. 마녀와 비슷한 흐름 또한 가져가고 있다.

차별점이 굳이 있다고 한다면...장르가 다르다?

최우식이 제대로 보여주지 못한 허세의 느낌을 김선호가 보여준다.

여자가 하면 마녀 남자가 하면 귀공자.

한줄평: 최우식의 허세가 맘에 들지 않아서 김선호로 돌아온 귀공자."
태지니,2,돈 들여..배우들이랑..농담 몇개랑...액숀 쫌 한거..끝
이영,1,영회의 만듦새가 심각하게 느끼하다
타란티노,2,김선호가 제작비를 다 뎄나 싶을 정도로 만들어진 김선호만을 위한 캐릭터무비
이현만,0.5,"둘 다 잘하는 감독들이 분명히있지만, 우리는 이미 안다. 일단 각본 쓰는거부터 포기해봅시다..."
거hey,3,"서윗 사이코 그대
제목부터 싼마이 저렴이 감성..하… 인데
대사 수준도 정말 모든 인물이 시정잡배같음;; ㅜㅜ
품위라곤 찾아볼수없는,,

그래도 남주 매력적이고요
귀공자씨도 ㅋㅋㅋ 볼만합니다

근데 후반부 억지 설정 폭발은 진짜 헛웃음나옴ㅋㅋㅋ 이거 웃길라고 일부러 이렇게 옛날 감성으로 한 거 마..맞죠?"
ima_vef,3,이 정도 맛다시면 부담 없지.
조종인,2,"김선호의 뛰어난 연기를 제외하면 모두 겉멋만 남아버린 이야기. (222)

+ 중간에 ""한국 사람들은 영어하면 환장한다""라는 대사가 나오는데, 진짜 박훈정 감독이 이런 생각을 가져서 지금까지 본인 영화에 뜬금없는 영어대사를 계속 넣어온걸까. 진짜 이런 생각 가지고 계시다면 고치시길 바랄뿐."
붉은대륙,3,생각보단 괜찮은데? 전작인 낙원의 밤보다는 훨씬 괜찮다. 그럴싸한 액션 분량이 좀 더 있었으면 더 좋았을 듯…
Jin  Lee,3.5,"못끊겠다 박훈정
조금만 다듬어준다면.."
지붕,3,배우가 다 살렸네
일영,2.5,"비주얼, 분위기 연출이 탁월하고 감독만의 개성이 있다
서사의 빈약함을 캐릭터로 메울려고 하는데 전작들에 비해 점점 약해진다 그럼에도 김선호, 김강우 배우 매력은 확실하게 보여준다

중간에 자동차 광고인줄 알았네…."
박수지,3,"킬러영화에 제목이 왜 귀공자인지 김선호 배우 나오자마자 바로 납득 🙂
한국판 존윅 시리즈 만들어주세여.."
이민기,2.5,신세계+마녀+낙원의 밤
김유능,3,마녀2 이후로 기대를 살짝 놓아서 그런가 괜찮게 봤다. 김강우 연기가 꽤나 괜찮아서 놀랬음.
Tori,3.5,섬뜩한 포스터에 어울리지 않는 유치한 액션
김주찬,3.5,마르코 흉터가 자꾸만 오징어 땅콩이랑 겹쳐보여
달예,3,"이게 무슨 맛인가 싶긴한데 나는 먹을 만해

23.06.28 창원 롯데시네마에서"
검은여우,3,적당한 이야기와 액션 그리고 그걸 커버하는 주연들의 열연
애린,3,"마르코 살려~~~
-
마세라티 vs 벤츠 vs 제네시스"
김민욱,2.5,박훈정은 외산인 벤츠와 마세라티를 좇다가 길가에 처박히는 현대 제네시스와 흡사한 감독이다
차록수수,4.5,"배우들은 기가 막히게 부각시켜주는 감독
캐스팅이 다했다!"
왓탁,3,끊임없는 자학 개그로 간신히 버틴다.
박현,3,"#2023-13
얕은 액션코미디. 치명적인 척"
박재홍,2.5,추격전은 조금 더 치밀했어야 한다
Lotty Kim,4.5,마녀같은 거 말고 이런 거 해주세요
MI2dark,3.5,"큰아들 입장에서는 엄청 엄청 짜증날듯!
그리고 김선호에게는 딱인 배역!"
산책,1.5,필리핀 혼혈들이 박훈정 감독 줘패도 인정
김민규,3.5,"새로운 얼굴들이 전혀 어색하거나 이질적으로 느껴지지 않은, 상당히 고퀄의 액션씬 + 코미디 요소

P.S. 그럼에도 금수저가 부러운 건 병일까..?"
EJH,1,끝까지 볼 수 없어서 중간에 나옴.
김준오,2,김선호밖에 안 보임.
HAN,3.5,"가볍게 볼 수 있는 코믹 액션 영화
내가 볼때는 2편도 나올 수 있을 듯 ㅎㅎ"
Sei,3,나는 <신세계>에 대한 미련을 내려놓으니 <귀공자>는 재밌게 느껴졌다. ‘중2병 누아르’ 장르를 만든 걸로 치자!
저수미,3,억지로 끼워맞춘 조각과 악수 시키긴 조금 어색한 완성도
김새민,3,엔딩 저렇게 끝내놓고 속편 투자 못 받아야 코미디의 완성
Shagra,1,"시종일관 똥볼만 차는 감독, 그나마 선방한 김강우와 김선호.

23.06.21.(수) 메가박스 신촌."
rgz,1,이쯤이면 전혀 타인의 피드백을 받아들이지 않고 고집만 쎈 감독인걸 스스로 인증한꼴.
복숭아,3,"박훈정 감독 싫어하는 사람 왜 이렇게 많은지 모르겠다.
<신세계>는 플루크가 맞다. 다양한 레퍼런스를 그저 섞어 비볐다는 것도 얼추 맞다.

그런데 홍콩 느와르, 일본 서브컬쳐, 그에 영향 받은 헐리우드 무비를 비벼서 맛 평균치는 높잖아?

어줍잖게 재능은 없으면서 오리지널 추구하는 감독들이나 SJW들이나 환호할 법한 영화, 한물간 케이퍼 무비나 주구장창 나오는 현 한국 영화계에서 이정도면 좋은 감독이다."
R.,3,여러모로 당황스럽지만 이상한 장르적 재미가 살아있는 박훈정표 범죄극
시현,4,야 너 부르잖아 “네” 해야지
임한량,4,"초반에 약간 지루하다가 귀공자가 본격 등장하면서 긴장감 업
마지막 액션씬이 하이라이트인데 김선호 액션연기 굿
김선호 이런 연기도 유연하게 참 잘 하네 매력있는 배우"
박민호,2.5,해피엔딩이 유일한 장점
Before Life,4,"신세계는 무간도 리메이크라 치고 그 외의 박훈정 작품 중에 제일 재밌게 봄.
유쾌하고 치명적인 척하는 겉멋을 걷어내고 힘 쫙 빼니까 재미와 웃음이 살아난다. 안 오글거리고 훨씬 재밌네. 유일한 흠은 초반부의 몇몇 씬들이 너무 늘어지는 거 정도...

주인공은 균형 못 맞추면 그냥 짜증만 불러일으킬, 매력 살리기 까다로운 인물인데 김선호가 연기 잘하긴 정말 잘한다. 소화 완벽히 했으니 다른 사람으로 대체하란 건 절대 아니고, 이준혁도 어울렸겠다고 생각함. 어떤 설정(스포방지) 때문에 어차피 안됐겠지만. 여튼 범죄도시3에서의 이준혁이 이런 캐릭터이길 바랐다.

워낙 기대 없이 본 것도 있지만 한국 영화계엔 ‘가벼운 행동에 그렇지 못한 실력’으로 촐싹거리는 프로사기캐가 드물어서 이대로 2 나와도 볼 거 같음. 마녀도 이런 노선이었으면 꼭 챙겨봤을텐데."
No Mad,3,"*
그의 영화는 왜 서사의 긴장감을 놓쳐버리고 우연성을 남발하는 지경에 이르렀을까?
그의 처절하고 냉철했던 액션은 왜 댄디한 장식같은 느낌으로 전락하고 말았을까?
그래서, 그의 영화는 현실적 맥락에서 이탈한 그만의 판타지처럼 느껴질까?
*
쿠키를 포함한 라스트 20분은 생략해도 좋았을 사족들이고, 신파에 찌들어있다.
*
김선호의 연기에 대해 말하고 있지만, 김강우의 연기가 무척 돋보인다. 그도 이제 뭔가를 아는 나이에 이르른 것이다.

2023.06.21.100."
채니,3,"생각보다 괜찮았다
기대 너무 안 해서 봐서 그런걸까
김선호는 정말 좋았다"
봉달봉달,1,피칠갑에 욕 좀 섞으면 다 느와르인줄 아냐
뭘봐요,2.5,"반갑다 친구(박훈정)야. 이게 맞니?
+ 김선호 연기는 스크린 데뷔 성공."
마블마닠,4,"6/16 CGV 시사회 당첨으로 봤음
생각보다 잔인한 장면은 적고, 초반만 견디면 킬링타임용으로 딱이다.
기대 없이 봤으나 많이 웃었다. 그래서 결론은 재밌었다로~
한 번 정도 더 볼 생각 있음."
봉봉,3,2013년 7월 28일쯤 개봉했어야 하는 영화임
여덟,2.5,"뻔하지만, fun하다.
웃겼으면 된겨."
Dodos,3.5,"김선호 배우의 첫 영화인데 스크린에 잘 맞는 매력적인 배우라는 것을 확인할 수 있는 영화였다. 앞으로 다른 영화에서도 자주 볼 수 있었으면 좋겠다. 영화는 이야기가 조금 아쉽긴 하지만, 그래도 신경써서 찍은티가 나고 귀공자캐릭터 보는 맛이 있다."
부자연,N/A,"코피노 마르코(강태주), 귀공자(김선호) 주연.
박훈정 감독 작품."
김지훈,N/A,정공자
현자,4.5,"김선호 장르를 만들었다!
간만에 나의 취향저격 캐릭터를 만났음😍

하지만 호불호는 있을 것 같음.
특히 결말에 대한 호불호는 심히 갈릴 수도 있을 것 같다.

스토리 진행이 어리둥절하지만 강태주(마르코)에게 몰입할 수 있어서 좋았음.
하지만 이 또한 호불호가 있을 듯...^^

[개인 기록]
간만에 흥분되는 취향저격 영화를 만났다!
김선호 장르 탄생. 김선호 배우에게 빠진다.
개인적인 생각으로는 귀공자의 김선호는 페니 와이즈 눈에 맑은 눈을 장착한 느낌^^ㅎ"
함수정,3,"""난 단 한번도 타겟을 놓친적이 없어.""
""난 프로니까.""
""그렇다고 개인적인 감정은 없어.""
""이건 비즈니스.""
.
무엇보다 강렬했다.
꼭 슈퍼파워를 가진 히어로처럼 뛰고, 칼 쓰고, 총질하고...
.
눈 하나 깜박 안하는 잔인함이 진짜 감독이 하고 싶은거 다한것 같은...
.
처음에 이 영화 예고편을 봤을때 #김선호 배우의 야비한 미소가 딱 끌렸었는데..
정작 영화에서 야비함은 몇숟가락 덜어낸듯..
.
마르코 역할의 #강태주 배우의 연기가 참 인상적이네..영화에서 자주 볼 수 있기를..
.
조금 더 매운맛이었으면 하는 아쉬움 한스푼에 미장센이 기깔났다 한스푼..ㅋ
."
애햄잉,5,"최애 박훈정에 최애 김선호 개같이 떨린다
+ 환장하는 소스 귀공자까지

—

최고다. 김선호 애호가로써 이영화가 제 야동이고 영상화보집입니다."
처르니,N/A,분명 또 후까시겁나잡으면서 온갖 피칠갑하고 되도않는 느와르를 표방할게 뻔한데 왜자꾸 속고싶을까ㅋㅋ
최대한 🎬,4,"위악자이자 구원자
기댈 곳이 없는 고독한 소년과
가장 비효율적이고 가장 과격하게 친구가 되는 법"
Erykah,1.5,"이로써 확실해졌다.
박훈정 감독에게 '신세계'가 얻어걸린 작품이었다는 것이.

'김선호 화보집'인 건 인정."
사월🌱,2,다들 개연성 없이 냉소적이기만 해서 영 프로 같지 않았다...
HP,2.5,"- 캐릭터와 설정은 좋은데 이를 풀어나가는 대사들의 퀄리티가 낮다.
- 고아라는 주연인척하는 조연인데 연기가 놀라울정도로 별로라서 이쯤되면 디렉팅이 잘못된게 아닌가 라는 생각마저 들었다.
- 김선호(귀공자)도 입만 웃지 눈은 시종일관 희번뜩해서 너무 작위성이 느껴졌다.
- 마지막 반전이 너무 순식간에 후루룩 지나가서 뒷심이 없다는 느낌이 든다. 어줍잖은 코미디는 빼고 내실을 탄탄하게 해야했다고 생각한다."
인생은 아름다워,2.5,: 김선호 연기만 남은 영화.
Kyuzinz,2,박훈정의 쌈마이 감성이 이제는 본인의 색깔이 되어 버렸다.
찌릿짜릿전기충격기,3.5,"느와르라는 형식, 신세계에 가둬진 박훈정감독이 마녀로 흥행에 성공하고 다음으로 코미디를 넣는다고 잘못된 것인가?

나름 짜임새있고 복선을 다 챙긴 스토리에 미스터리한 반전까지 재밌다. 일단 재밌는 스토리인데 표절 논란을 평하는 평론가분들이 언급한 느와르 영화들은 내 기준엔 재밌지 않았다.

내가 느와르 영화를 아직 마스터 하지 못했나보다."
김재웅,3.5,"캐릭터는 강한데 이야기가 아쉽다. 코믹인지
액션인지 하나를 딱 정해서 갔으면 어땠을까
싶고 주인공 귀공자는 빛이 났다"
도망쳐야되면너랑한약속도망쳐야돼,4,왜 좇는 거지? 라는 의문점을 가지고 볼 수 있는 영화. 감독이 뭔가 외국어를 좋아하는 듯 하다.
hahaha,3.5,괜찮...은데요? 역시 난 검은색이 좋아._23.11.16
뀨염둥이,3.5,다른 건 모르겠고 박훈정 감독의 영화들은 정말 내 취향이다.. 앞으로도 오래 오래 만수무강하세요 감독님
조정희 영화평론자,2.5,"귀공자

박훈정 감독이 ""마녀""의 감각을 다시 찾아가는 과정인가.
여전히 그는 초인적인 능력의 킬러들과 돈이 지배하는 세상에 몰입한다.
킬러들은 돈을 위해 일하고 돈은 그 들을 지배하는 듯 하지만 늘 폭력은 돈보다 우월하다.
박훈정의 폭력만능주의의 시니컬한 유모어들."
르네상스형뮤지션,2.5,조금 실망스럽지만 '느와르 장인' 박훈정에 대한 기대는 아직 버리지 못하겠다. 느와르에 스민 박훈정식 코믹 대사(다수는 애드립일 것)가 과하다 싶지만 나쁘지는 않더라.
kimter,3,김강우 연기가 다 살렸다
투팍,1,훈정이형 이제 그만 합시다
이승민,2.5,정말 엉망인 완성도인데 귀공자라는 캐릭터 자체가 영화의 재미를 많이 높인다.
Sun,3.5,나쁘지않은데?
hahazal,4.5,박훈정 감독 최고의 작품 매력있는  캐릭터.후속편이 기대된다
조은,3,개그에 너무 열심이다가 두발짝 더 나아가버림
찰리,1.5,"됐어 아버지고 뭐고 이제 한국이라면 정말 지긋지긋해

뜬금없이 공감갔던 마지막 대사"
하얀너구리,3,박훈정의 영화는 결국 '후까시'의 영화다. 때로는 그 후까시가 너무 지나쳐 오글거리고 불쾌하기까지 하지만 그럼에도 한국영화 진영에서 이런 고유하고 개성적인 본인의 영화를 만드는 이는 흔치 않다. 어떤 이들은 썩은물이네 줘도 안먹네하고 침이나 뱉고 가지만 한우물만 열심히 파다보면 약수 한 모금 하러 오는 사람들이 언제나 있다. 액션과 피와 후까시를 원하는 이들이여 박훈정의 우물로 오라.
방구석 평론가,4,"중간중간 재미진 대사와 마지막 김선호가 왜 도와줬는지까지 나오면서 돈 받고 나가는 거까지
재미있었다

마지막 정라엘 연기와 말도 안 되는 대사만 빼면 ㅋ"
세이쥬,3.5,"쿨 병 걸린 환자가 만든 환자 이야기.
김지운 감독도 더 이상 ""달콤한 인생"" 같은 걸 못 만들 것 같지만, 후반에 문정혁 나오는 거 뺀다면 이 영화와 비교 했을때 ""달콤한 인생""이 얼마나 잘 만든지 알 수 있다. 두 영화 모두 주인공이 쿨한  척을 하지만 한명은 척을 하다가 인생에 빵꾸 날뻔한 처절한 시간을 보냈고, 한명은 끝까지 척만 하다가 끝난다. 고생 했다는 걸 보여주는 게 고작 옷과 얼굴에 뭍은 피와 다리에 스친 총알이다.

중략

오히려 김선호가 이 영화를 연출 한거라면, 활주로를 막 떠난 비행기가 지옥 끝까지 추락했었는데, 오해를 벗고 다시 쿨하게 날아오르겠다는 의지 라고 보겠는데... 감독이 김선호가 아니네??"
지니,3.5,"김선호의 매드무비

캐릭터의 매력이 굉장했다. 예상치 못한 곳에서 웃음 코드가 일치해서 재밌게 봤다. 클리셰인 장면이 다소 존재하고 개연성이 부족한 부분이 있긴 했으나 강렬한 캐릭터 덕에 관대하게 볼 수 있었다."
배준호,3,갓 일어난 하루살이 처럼 마치 하루를 불사지르고 떠난 이와 같다 스토리에 뭉쳐서 제대로 캐릭터가 피지 못한 케이스
양인국,2,재벌 ㅂㅅ 만들기
불 함 붙이봐라,3,대사는 여전히 유치하지만 박훈정 식 스타일리시 영화에도 적응이 되어가는것 같다
마한음,4,내용이 특별친 않았지만 액션 멋있고 재밌었다ㅎㅎㅎ
뿜뿜,3,"진행이나 마무리는 좋은데, 연기를 보는 게 너무 불편하다."
핸문,4,김선호 인생 캐릭터 등극
뭉치(계정주),2,모든 인물들이 이토록 평면적이라는게 놀랍다 겉멋만 부리지만 그마저도 실패한 남성 캐릭터들 모음집
8pound,3,"나름 좋았다
물론, 나름을 뺄 수 없다"
copylawbot,3,해맑게 뛰어오는 김선호 겁나 무서워 ㅋㅋㅋ
Jade,3.5,"스토리 참 좋네요.
주인공들의 과한 허세때문에..좀 불편..ㅋㅋ"
안똥 시가,3,가영이 연기 개못하네
본투비채채,2.5,ㅇ...이게 뭐지?!?!!!
홀붕이,3,아씨왜난 재밌냐 ㅋㅋㅋㅋㅋㅋ 김선호 말투 분위기존나깨는데 드립찰지넼ㅋㅋ
권태용,3.5,"표절 이야기가 참 많이 나오는데...
재미있게 잘 비비는것도 능력임..."
성준,3.5,오랜만에 웃었다
메이스1,3,프로라면서 일 처리 하는 꼴은 완전 아마추어. 갑자기 해맑아지는 결말의 분위기는 더 킹받음. 도대체 제목이 왜 귀공자? 차라리 '프로'라고 하자.
김송주,4,아직 안봄. 훈정이 형님 작품이다? 일단 무난하게 4점 박고 시작합니다. 사랑합니다. 훈정이 형님. 취향 진짜 개 변태 같아서 좋아요.
각시탈,1.5,뭘 하려는지 몰라도 둘 중에 하나만 하시오.
우기,3.5,"이건 코미디 영화가 맞는거같다
익살스러운 김선호 연기 보는맛으로 완주"
ZuaKim,3.5,오락용 액션. 재미있다. 👍 🤣
박성호,3.5,다들 힘이 너무 들어간 느낌. 유쾌하진 않고 유치하다.
나이스매니아,3.5,"액션만은 보기좋다.
허나 스토리라인이
박훈정감독답지않다는
느낌을받았다.
생각보다는볼만은하나 김선호하나만보고
가기엔 너무 스케일이커져버렸다.
마지막액션은 나름볼만했다생각한다."
김진우,3,수트 빨 하나는 기가 막히게 뽑는다
최준영,3,"신세계의 박훈정은 이제 없는 건가
오로지 김선호를 위한 영화"
MinChul Lee,2.5,"다리위에서 아무렇지않게 뛰어내리는거 보고
마녀처럼 강화인간물인가 했다
처음부터 죽일 맘이 없었다면 뭐하러 그 생 개고생을 하면서 애를 잡으려다 말다 하는건지

그냥 스토리의 깊이나 논리가...
이게 신세계 각본을 만든 사람이 맞나?
싶을정도..."
박 성호,1,천박한 귀공자
르미박스,3,"킬링타임용으로 보기 좋은 영화
김선호 배우, 강태조 배우, 김강우 배우의 새로운 모습

사실 김선호가 다했다 미치광이스러운모습
﻿"
비둘기야 어디가니??,3.5,올ㅋ
홍마초,3,액션은 죽이네
별이5개,1.5,"개똥맛 여유로운척 못봐주겠다.

귀공자 차량 추격씬 = 단체 드라이빙씬"
이종인,3.5,"혹평이 많아서 걱정하였지만 의외로 괜찮았던 작품. <마녀> 시리즈도 그렇고 <귀공자>도 그렇고 난 이런 중2병 감성의 액션 영화가 좋더라. 일본 애니를 좋아하는 것도 그래서인가?

액션도 찰지고, 템포도 괜찮고, 스토리도 직설적인 게 뇌 빼고 킬링타임용으로 보기에 딱 좋다. 반전도 아무런 영화적 장치 없이 대놓고 떠먹여 주는 게 마음에 든다. 진짜 눈으로만 즐기면 되는 영화랄까?

+) 김선호 배우의 광기 어린 미소와 '촙촙촙' 달려오는 모습이 기억에 남는다."
이우빈 평론가 봇,3,"귀공, 어찌 코미디로 돌아오셨소"
쪄니,3.5,김선호 미소가 레전드구요 반전도 재밌었음
이창훈,3,ㆍ
100호,3,"김선호가 잘생겨서 보는 맛은 있는데..
조금 허세 가득한 캐릭터 설정이 별점 쪼금 깎아 먹고 코피노라는 사회적인 문제를  가벼운 설정으로만 사용한거 같아 또 깎아 먹고...

김강우 연기가 다시 별점 쪼금 추가하고...
일단은 해피엔딩이라 쪼금 더 추가...

제목은 왜 귀공자인지;;"
지구별여행자,3,#NAME?
장도현,3,"혹평 때문에 볼까 망설였던 영화였는데, 나는 의외로 좋았다. 늘어지는 부분도 많고, 심장이 아프다는 아버지가 정신이 오락가락할 때 딸한테 재단 넘기도록 했다는데 과연 심장이 낫고 나서는 생각이 바뀔 지도 의문이고, 한 이사라는 애는 왜 헌팅 자켓 입고 언론사 편집장을 쏴죽이는 위험을 감수하는 지도 의문이고, 귀공자는 고아라로부터 대강의 계획을 들은 듯한데 그렇게 쉽게 배신하고 대의를 선택할 수 있는 지도 의문이고, 하는 식으로 의문점들은 많이 남기도 했다. 그래도 귀공자의 캐릭터성이 - 아마 이 장르 팬들은 유사한 누군가를 쉽게 떠올릴 수도 있겠지만 나는 잘 몰라서... - 신선했고, 막판에 반전이라고 할 만한 것도 나름의 암시는 준 채로 드러낸 거라서 딱히 읭? 할 정도는 아녔다. 힘을 많이 준 수술실 전투씬도 꽤 훌륭했다고 본다. 뭐 나쁘지 않았다."
요술공주람보,3.5,비현실적이면서 현실적인 세계의 이야기를 담아내는 실력이 여전하다. 비열하고 더러운 세상에 깔끔한 난사. 캐릭터와 연출에 고유의 스타일이 있다. (한 명만 빼고) 다들 맞춤복을 입은 듯 춤을 춘다.
jhd446,3,"진지함 속에 묻어 나오는 어처구니 없는 상황이 아이러니하고 묘하게 느껴진다.

영화는 초반 주인공의 모습을 보면서 무언가 주인공다운 매력이 있을거라 생각했지만 중반부터 영화가 설명없이 추격만 하면서 관객에게 혼란을 주며 그때부터 주인공 역할이 바뀌게 된다.

하지만 그 후부턴 예측이 가는 뻔한 전개로 가면서 몰입감이 서서히 떨어지다 마지막 반전에선 뒤통수를 맞은(허무한 의미로) 느낌을 주며 영화가 쌓아 올린 그 순간이 전부 무너져 내리게 된다.

그럼에도 물론 묘한 매력이 나쁘지만은 않지만 마지막 액션씬 조차 제대로 보여주질 못하면서 영화의 톤이 무너져 내리다 보니 아쉬움이 크게 남는다."
예매완료,2.5,이거 그냥 감독이 김선호 데려다가 멋있(다고 생각하)는 거 하나 찍고 싶었던 것 같네.
JS,3.5,생각보다 잼있네…마지막은 좀 가볍지만… 그것또한 괜찮음
마루치,3,"< 귀공자 >
The Childe
2023 · 1시간 58분 · 청불

배경을 현실이 아닌
< 존윅 > 같은 세상으로 치환하면
영화는 상당히 볼만해진다.

특히,
젊은 배우들의 연기도 괜찮다.
김강우, 김선호 두 사람

별점수는 ★★★

#마루치무비 #귀공자 #박훈정 #김선호 #김강우 #고아라 #코피노 #총질 #피범벅"
whitecolor 94,3,보이는 모든것에 fancy함에도 불구하고 보고난 이후 남는 핵심은 없다. 그져 적당한 재미 만을 추구했을 뿐인 것이다.
Thethirdman,3.5,"박훈정감독의 색갈을 점점 알것같다
그래도 신세계그늘에서 못 벗어나는 현재 상황"
영화보러 가는길,3,어차피 이런 류의 니즈.
HAHNCHEOL YI,3,배우 김선호의 재발견
최정아,1.5,"22231
왜라는 질문에 답이 없다
각자 노는 바둑돌인가…"
mozie,4,코엔틴 타란티노
breathtaking!,2.5,잘생긴 김선호에 박훈정을 뿌렸다... ㅜㅠ
HYEONGCHAN KIM,3,어디서 본듯한데 되게 허술한.
Sang soo,4,"김선호에 의한 김선호를 위한 김선호가 다 한 영화!!!
김선호만 보인다!!!!"
허윤영,3,뭔가 어정쩡하지만 나쁘지않은 박훈정무비.
료타,3,톤 조절 실패
방예준,4,장르기본을 잘 지키면서 달리다가  어이없고 짜치게 웃기는데 그게너무 재밌다. 박훈정식 느와르맛 액션영화에 어디서 본듯한 매니악한 b급요소 끼워팔기.
이남엽,2,각본가 박훈정 타이틀을 포기해야 연출에서 그만의 장점이 살아날 것 같다.
가승현,4,왜 재밌는거야....
마크헌터형,2.5,고아라를 그따구로 쓰다니  근데 대체 고아라는 왜나온거야
모츠나베,3,"낙원의밤이랑 비슷한스타일의 영화로 개인적으
로 범죄도시3보다 재밌었음

박훈정감독에대한 기대감버리고 킬링타임용으
로보면 나쁘지않음"
pipaksea,3,설명도 잘해주고 뜸도 잘 들이고 한국인은 참 친절해
파이어,4,재밌었다. 결론부터 말하자면 솔직히 결말이 엥..? 하는 부분이 있었지만 느와르물을 워낙 좋아하고 추격씬이나 레이싱장면들이 많이 나와서 눈호강하면서 봤다. 영화관에서 보면 재밌을거같았지만 시간이 없어서 집에서 봤다. 그리고 결말얘기를 하자면 결말은 약간 뻔했는데 뻔하지않게하려고 무리수를 둔 것같다. 그래도 잘 빠진 영화다. 요즘 볼 거 없고 재미없는 일상에 무엇을 볼까 고민이 된다면 추천한다. 약간의 코믹적인 요소가 있다. 그리고 김선호팬은 아니지만 김선호 팬이라면 추천한다. 수트를 입고 총을 쏘는데  그 총이 내 심장을 강타한다. 씩 웃는 장면도 심쿵한다. 솔직히 영화는 그냥 재밌다라고 느끼기만해도 성공한거같다. 개연성 필요없다. 영화관에서 영화는 무조건 재미만 있으면된다.  그리고 범죄도시를 필두로 한국영화 좀 성공했으면 좋겠다. 영화시장이 계속 외화벌이이다. 이리꼬고 저리꼬지말고 일상에서 느낄수없는 카타르시스를 영화에서나마 느낄수있게 이런 시원시원한 영화가 많이 나왔으면좋겠다.
브랜든,3,"마녀1,2와 낙원의 밤보다 진화된 개그포인트. 마르코를 떡밥으로 풀어낸 스토리도 괜찮았음. 이제 액션만 잘 찍으면 된다."
도현,3,나름 뭐 탄탄한 시나리오. 김선호 캐스팅 매우 굿.
Timothy H,3.5,스포일러가 포함되어 내용을 생략했습니다.
김상문,3,"김선호 이강우 배우를 제외한 모든게 잘못됐어.
근데 그 둘은 잘했어 정말 잘했어."
JJ,3,"주인공이 더럽게 고생하고 끝은 해피엔딩으로.
주인공이 배역 소화를 잘 함 특히 눈에서 좀 더 느낌이 잘 살아나서 얼굴 클로즈업되는 장면에서 몰입이 깨지지 않아서 좋았음"
진영인,4,김선호=귀공자. 킬링타임용으로 훌륭.
Seong-taeck Oh,2.5,스포일러가 포함되어 내용을 생략했습니다.
서재진,3,"마녀2의 박훈정 영화가 아니다!

다만 그가 왜 인정받지 못하는지는 후반부 결말을 보면 알 수 있다."
HAL9000,3.5,한국인의 눈으로 바라본 고귀한 코피노 도련님.
Director sean,2,"박훈정의 영화는 꼭 코스피 지수같다.
고점과 저점의 편차가..
신세계,마녀1과 귀공자,마녀2의
차이가 지옥같다"
응애응애기서련이,3,뭔내용이냐
김상훈,5,"결국엔 짜잔 몰카였습니다~
이것부터가 코미디 ㅋㅋㅋㅋ

악당들은 조금 진화해야할 필요가 있음.

1.언제까지 상대방이 주절주절 말하는 걸 다 기다려줄건지?
구석에 몰린 상대가 아직 말을 할 수 있다면
주저없이 방아쇠를 당장 당겨라.

2.인질에게 왜 이렇게 미련을 가지는가?
외통수에 몰렸다면 인질에게 미련 가지지말 것.
샷건 한 방이면 모든게 해결 된다.

지긋지긋한 악당 클리셰....
좀 색다른건 없을까?
이 영화는 코미디 영화로 합격이기에 0.5점은 면했다"
이두한,2.5,장르 : 프로코미디
형님,5,좋다 깔끔한 액션과 특징적인 스토리 텔링 마지막 앤딩 코멘터리 놓치지 말길
김술배,2.5,"전체적으로 어이없는 영화.
후진 반전과 다대일 대결에서 대충뭉개는 액션 연출은 너무 어이 없음.
그리고 이런 캐릭터와 대사가 먹힐 꺼라 생각했나?"
조성준,3,훈정만화
이재원,3,"깨달았다. 감독님은 이젠 일부로 하나의 돌출된 장점으로만 영화를 제작해 다음을 기대하게 만드는거같다.

이것이 가성비 연출?"
지선생,3,"잘생긴 액션과 얼굴은…
아니 잘생긴 얼굴과 액션은 언제나 시너지 효과
근데 액션인지 코미디인지 살짝 햇갈리긴 해
비엣남 시지븨에서."
maru,3,스포일러가 포함되어 내용을 생략했습니다.
정현창,0.5,"2023.07.03 논산 cgv 2d
욕으로 도배하면 재밌을 줄 아나…"
김스혀,2,너무 진지하고 무거운데 … 촌스러
최성웅,3.5,설마가 사람 잡는다.
그왓챠,3.5,"나 왜 묘하게 훈며든거 같지? 주제넘게 제안 드리자면 스토리를 더 멍청하게 하고 하고싶은 거 (아 영어 같잖게 쓰는 거... 는 개인적으로 없으면 좋겠지만 뭐 당신이 좋아하시니까...) 잔뜩 하면은 더 매니악한 웃긴 영화가 나올 것 같아요. 한국에서 제일 로버트 로드리게즈랑 가까운 연출자를 꼽으라면 나는 박훈정 같다.

p.s. 고아라가 차로 치고 깔아뭉갰으면 교복녀 클롸이언트의 오우더 완수한거 아녔나?"
시현,1,화면과 스토리의 상반된 스피드
조성환,0.5,영화감독이라는 인간이 인터넷 커뮤니티 올라 갈 움짤이나 처 만드는 것이 현재 한국 영화 현실
얼그레이티,2,스포일러가 포함되어 내용을 생략했습니다.
표표,5,"아무 기대 없이 봤다
김선호의 유쾌함이 영화 내내 몰입감을 준듯"
GAME BOI,3.5,무난하니 재밌었음. 코피노 이슈에 대해 다뤄줘서 좋은 듯.
이소휘,3.5,김선호 매력으로 질질 끌려간 영화
이종화,3.5,(취향이 탈 수 있지만)좋은 유머와 빛나는 캐릭터. 미스테리와 이야기를 푸는 방식에는 의문부호
Normovie,3.5,김선호
민현기,4,"숲으로 보면 물음표
나무로 보면 느낌표"
백재은,3.5,같은 날 본 범죄도시보다 재밌었음
디지몬,0.5,"싼마이 연출에 끔찍한 수준의 대사 (""가늠쇠를 정렬하고..."")
중후반부로 갈수록 웃음이 나오기는 하더라. 헛웃음..."
JiSoo Park,3.5,"230702 @cgv 기흥

근데 왜 귀공자야?"
오씨네,3,"마세라티 vs 벤츠 vs 제네시스
홍반장 옥림이랑 의리 지킴.

""내가 시간이 좀 없어서."""
은은한광인,3.5,"예상치 못한 혐관 로맨스,,
뻔한 플롯을 캐릭터로 캐리함"
변종연,3.5,박훈정의 때깔에 김선호의 비주얼 ㅗㅜㅑ
Yuna,3.5,"김선호 필터가 끼여서 일까?
나는 재밌는데😝"
노무쿵따알라현,3.5,내 거친 벤츠와 불안한 마세라티와 그걸 지켜보는 제네시스 그건 아마도 전쟁같은~
박상혁,3.5,김선호로 0.5점 추가
박준,4,"2023.7.1. 롯데시네마 성서

박훈정표 까오잡는 대사를 잘 소화한 김선호👍"
요지경,1.5,"뭐 제대로 보여주지도 않고 말로만 전문가, 프로야 하면 재미없어 빙고. 농담따먹기가 하나도 안 통했음."
ChulE,3.5,2023.06.30
이재성,1,"마녀도 겨우 참고 참았는데 앞으로 박훈정감독의 영화는 무조건 거르겠습니다
배우의 외모를 무기삼고 이야기가 보나마나한 내용이면
포르노랑 다를게 뭐가 있나요?
실망도 이렇게 실망을 해보기는 또 오랜만이네요
이래놓고 한국영화의 위기?
기쁘게 멸망하는 모습을 지켜보도록 하겠습니다"
박세희,3.5,김강우 좋아❣️
하나,4,리뷰들 왜?? 후속작 만들어줘.. 캐릭터 너무 좋아.. 카체이스 액션만 좀 어떻게 해보고..
인정,4,김선호의 미소와 싸이코적인 매력을 온전히 보여준 영화
전이재,4,"반전의 반전으로 인해 무한 충격과 무한 감탄하면서 본 추적 액션 영화 <귀공자>를 보는 동안 들었던 생각은 마치 게임을 하고 자체 4D효과를 느꼈고 이국적인 태국의 배경,우리나라의 오묘하고 차가운 배경을 느낄수 있었고 특히 이 영화의 원제는 <슬픈열대>였는데 왜 <귀공자>로 바꿨는지 의문이 들었지만 나름 재밌게 본 것 같다"
무극,4,"기존의 한국액션과는 조금 다르게 만들어진 장면들이 재미와 신선함을 더했고, 귀공자라는 캐릭터가 너무 매력적이었다. 이 한 편으로 끝내기엔 아쉬울만큼."
민진킴,0.5,재미없고 촌스럽고 지루하고 처참해서 헛웃음이 나옴
최현진,2.5,김선호 배우의 눈부신 활약이 여전히 온갖 단점으로 가득한 박훈정 감독의 세계를 제법 그럴 듯하게 포장해낸다.
안우전,4,"기대없이 봐서 그런지 생각보다 재미있었다.
특히 다들 진지한데, 귀공자 나와서 미소지을 때마다 무슨 대사나 행동을 할지 기대하면서 봤다."
김성원,4,"스타일리쉬, 잔혹, 유머가버무려진 꽤볼만한영화"
Mnj,3.5,"김선호의 멋진척
하지만 원래 그런 캐릭터라서 오히려 거부감이 없다"
주니비모,4.5,스포일러가 포함되어 내용을 생략했습니다.
펭귄스테이크,3.5,"계속 장르세계 속 클리셰들로만 이후어진 캐릭터들로 굴러가던 ""박훈정 월드""에 현실적인 주인공 캐릭터를 집어넣어 보니 꽤 재밌다. 현실적인 관찰자의 시점에서 보는 이 세계는 완전히 미친 놈들과 중2병 환자들로 가득찬 불가해한 유희의 시공간일 뿐이다."
빛날윤,3.5,스포일러가 포함되어 내용을 생략했습니다.
GON,3.5,PRO킴선생
Lee Ye Jin,4,무서울까봐 걱정했는데 재밌었다!
이상협,4,"기대안하고 생각없이 볼만한 영화

능글맞으며 사이코패스 같아보이는 김선호 의 연기는 봐줄만함

현실적으로 채운 액션씬
그로인해 재미없어보인 카체이싱

초중반 까진 재밌다!
중후반 은 애매하다!

그래도 봐줄만 하다"
말랑코,4,벤츠남의 정의를 이렇게 다시 쓰네...
혜빈,2,김선호가 멱살잡고 하드캐리한다
jungq,4,선호 형 때문에 영화 끝나고 코카 콜라 사 먹었음
jinnie gonzalez,0.5,그냥 애니메이션으로 만들어.
소히,3.5,"적당히 기대한 정도의 작품이다. 대놓고 허세 가득한 김선호의 캐릭터가 좋았고, 아예 도른자 김강우와 꽤나 취향에 맞던 개그코드도 괜찮았다. 그러나 그 이상을 바란다면 실망할 것."
김현범,4,"2023.6.24
cgv북수원"
깡깡,3,"김선호가 살린 영화. 논란이 있었더라도 이 영화는 김선호가 살림. 오빠차(벤츠) 뽑았다 널 데리러 가! 가사가 생각나는 건 뭐지? 차는 벤츠로 사길!
+)영화 본 직후에는 별로였는데 생각보다 여운이 많이 남는 회색빛 잔상같은 작품"
이지수,2.5,생긴 대로 살자.
Happiness,3.5,첫 장면에서 느껴지는 결말
김세영,3.5,전혀 기대 안 하고 봤는데 나쁘지 않음
뉴진스,3.5,존잼. 속편 더 기대됨.
Hee,3.5,"영화 괜찮게 만들어 놓고 왜 홍보를 안하지, 안 볼뻔 했네

치명적인척 하는데 좀 귀여운 영화."
한줄로말해요,3.5,"화려한 비주얼, 난잡한 스토리"
노승호,2.5,"자신이 얼마나 매력적인 배우인지 증명한 김선호, 그러지 못한 감독"
Apoteosis,2.5,박훈정 감독 같은 스타일이 계속 펀딩 받아가면서 꾸역꾸역 영화 찍고 있는 것도 참 미스테리함. 마녀 3편 까지는 그래도 만들어 주었으면..
박석호,3.5,감독 박훈정은 오리지널리티한 IP를 창조하는 감독은 아니지만 그의 꾸준하며 스타일리쉬한 모방 능력은 타의 추종을 불허한다고 생각한다.
하하함,2.5,"예상보다 최악은 아니지만
극장에서 볼 영화는 아니다"
조슈아,2.5,"'귀공자' 없는 '귀공자', '마녀 3'이나 찍지 싶은 점프, 그리고 김선호의 복귀.

잔인한 묘사를 즐기는데, 호러물을 파면 일라이 로스고 범죄물을 파면 박훈정이다."
갱이,4.5,"나 프로잖아~

중간마다 피식 웃게되는 장면을 넣어서 긴장을 풀다가도 프로의 프로다운 모습을 보며 '뭐 저런 미친놈이 다있지' 하며 빠져들게 된다"
앞마당,2.5,너무 많은 등장인물이 나오는 탓에 메인이 돼야할 주인공의 서사가 부족해졌다.
손보경,3.5,"느린 전개 어설픈 마무리였지만
뭐 감독과 김선호 배우의 팬심으로 봤음"
토라,4.5,"신나는 추격전, 피칠갑의 향연, 뻔하지만 약간의 반전이 가미된 이야기, 권선징악 해피엔딩 액션영화.
이거면 된거 아닌가? 배우 김선호의 새로운 모습까지.
난 너무너무 재밌었다.
기대 안하고 봐서 더 재밌던 것 같다."
unknown,3.5,훈정이 브이아이피로 여자들한테 욕한번 거하게 먹더니 마녀에 이어서 비엘영화까지 찍어버리는거 개웃김
민봉,3.5,정찰제야 ~
돌파댕이,1.5,만드는 중에도 이게 뭔가 싶었을 듯. (230622)
정웅기,2,박훈정의 색깔은 항상 확실했다. 이것도 같은 색일 뿐.
2022,3.5,아니 비엘계에 있어야 할 인재가 왜 영화판에서 감독 하고 있는건데…영화의 모든 문법이 성인동 시절 비엘이라서 개놀랬네….
석재현,2,김선호의 살인미소로 118분 분량을 뽑아내는 것도 능력. 그가 없었다면 이 영화는..
rememberfilm,1,겉멋에 찌들은 의미없는 담배처럼 수년째 방황하고 있는 감독의 중2병
누리,4,"이 과한 나르시시스트의 액션을 보고있자면, 캐릭터 하나만은 극호였던 <악녀>에서 웨딩드레스를 입고 총을 쏘는 김옥빈의 모습이 떠오르고, 그거 하나로 구린 서사가 다 덮어지는 묘한 재미를 느꼈음."
Arenios,3.5,"이 영화를 보고
실망했다면 '신세계'를 기대하고 본 것이고,
만족했다면 '존 윅'을 재밌게 봤다는 것이렸다!?

•2회차 관람 후
확실히 '존 윅'보다는 한 수… 아래인 듯. 아니 근데 그 수많은 엽총 든 부하놈들… 처음부터 칼이나 연장을 들지, 쏘지도 맞추지도 못할 총은 왜 들고 있는겨!?
.
.
.
2023. 6. 21. 수. CGV 연남 4관 F열(1회차)
2023. 7. 7. 금. 롯데시네마 신림 4관 G열(2회차)"
오쥐,2,뭐하자는건지 모르겠음 진짜
환야,2.5,종합운동장 대관한 뒤 제기차기
서현,4,"마냥 선한 얼굴을 가진 김선호 배우의 맑은 눈의 광인 연기. 미쳤다. 귀공자라는 이름이 참 잘 어울린다. 능청스럽게 달리고 총쏘고 대사치는 연기 참 잘해서 영화의 재미를 놓치지 않는다. 마르코 역의 강태주 배우도 낯선 얼굴인데 연기를 참 잘한다. 반전도 좋고 특히 마지막 20분을 위해 영화를 달려온 느낌. 얼굴에 잔뜩 피 묻히고 하는 그의 액션 연기 참 좋다. 그리고 스친 총알에 아프다고 징징거리는 능청스러움. 사랑스럽고 귀엽다.
+ 내가 누구냐고? 친구.
+ 정찰제야.
+ 장르물에서의 김선호 배우도 더 기대된다. 이마의 핏줄까지 연기하는 그의 연기. 연기천재.
+ 마지막 반전 최고."
MOON,3.5,"귀공자 가라사대 프로는 프로다.

정말 하나도 안 심각하고 어둡지 않고 개그 가득한 느와르다.
김강우 첫 등장에 카리스마 쩔다가 점점 무너지는게 개인적으로 제일 웃김."
마뮤렌2,3,능글한 성격에 프로 정신과 유머를 얹어서 겉멋 든 캐릭터라는 걸 대놓고 보여주는 것도 나쁘지 않다
김민석,4,"흑화한 홍반장
/ 느와르인 줄 알았는데 코미디였네"
기록,3.5,"일단 서사를 어느정도 쌓는데 생각보다 오랜 시간이 걸린다.

그래서 얜 뭐야..? 얘는 누구? 왜 이래? 이러면서 계속 보게 되었다.

연기력이 살짝 부족하다고 느껴지는 배우들도 있었고, 예능이나 옛날 드라마에서의 이미지 때문에 이질감이 느껴지는 배우도 있었다.

대사들도 뭔가 영화 대사가 아니라 일반인들이 그 상황에서 대화할만한 현실적이라고 느꼈음.

짠! 사실은 이러이러합니다.x2 이렇게 끝나는데 나는 나쁘지 않았지만 싫어하는 사람도 있을 것 같다.

당연하겠지만 전체적으로 마녀스러운 분위기가 살짝 느껴진다."
로즈버드,3.5,"후까시 하나는 예술의 경지.
각본에 대한 애정 탓인지 쳐내야 할 대사를 쳐내지 못한다"
장학우영광,2.5,"어설픈 코믹버전의 '황해'를 '마녀'스럽게 만들었는데, 익숙한 맛은 즐길 수 있지만 어설프고, 코믹하지 않다."
jynnie,2.5,"좋은 전개, 아쉬운 결말.

박훈정감독 특징이라고 할 수 있는
은근히 초호화 캐스팅에
적절한 타이밍에 순차적으로 등장시키는
구조는 이번영화에도 여전하며
앞으로 어떻게 전개될지 예측이 쉽게
되지 않으면서 흥미진진하게 만든다.

결국 마지막 1대 다수의 총격전을 위해
모든 서사가 달려갔다고 봤을 때,
정작 그 하이라이트가 제대로 연출되지
못한것 같아 아쉽다.

존윅의 액션이 좋은 이유중 하나는
1대 다수의 끝없는 액션들 속에서도
존윅이 어떻게 적을 제압하는지,
적의 공격은 어떻게 막거나 피하는지가
전부 눈에 들어온다는 점이다.

그런의미에서 귀공자는 거시적으로
주인공이 적의 공격을 막고
처리해가는구나 라고 느껴질 뿐
제대로 눈에 들어오지 않는다.

정작 마녀에서는 뮤턴트들이 엄청난
스피드와 하늘을 날면서 액션을 펼쳐도
눈에 들어왔었기 때문에도
아쉬운 부분이다.

김선호의 멋진 외모와 연기력은 좋으나
그의 입에 딱 달라붙은 좋은 대사들이
주어지지 않은 점도 아쉽다.

그래도 계속해서 청불액션을 선사해주는
박훈정감독을 응원한다."
nono,2.5,"좋다고는 말 못하지만 기대치를 내리면 어느정도 즐겁게 볼 만한 오락영화

그리고 청불답게 수위는 높지만 영화의 톤 자체는 생각보다 가볍다 유머 장면도 많고.."
칼루스,2.5,김선호가 아무리 사람을 담궈도 그냥 깐죽거리는 것 밖에 기억이 안난다… 코미디언이 이 악물고 사이코 살인마인 척 하는 느낌? 후속작을 염두에 둔 것이 뻔히 보이는 어정쩡한 결말도 마음에 안 든다.
흐시,3.5,3.7
무비갓,4,"<마녀> 1편처럼 등장인물들의 정체가 궁금해지게 만드는 미스터리한 전개로 펼쳐져서 몰입하게 만든다.
난 이런 식의 전개가 취향인 것 같다."
준아,4,"한바탕 하는 게 시작이고 끝이 더 기대된다
좀 더 응원하고 싶게 마음을 건드는 시리즈"
한민영,3.5,스포일러가 포함되어 내용을 생략했습니다.
쒜임,3.5,"생각치못한 곳에서 웃음포인트가 있다. 잔인한 장면을 많이 보여주지 않고 시원하게 죽는다(?) 약간 영화가 너무 친절한면이 있으나 가볍게 보기 좋았다
+++쿠키있어요"
Seo in,4,"액션 코미디로 생각하면 별 4개
느와르 액션이라고 생각하면 별 2개"
댱오니,3.5,"거슬리는 저퀄리티 연출이 분명 있지만, 서스펜스를 잘 살리는 장기만큼은 인정"
양대찬,2.5,한때 유망했던 감독의 날개없는 추락. 김선호라는 나뭇가지에 걸린덕에 겨우 생을 부지한 정도.
김상우,3.5,"빈틈없는 액션신과 약간의 유머
그리고 고아라씨의 연기는 아직 유노윤호와 머무는듯하다."
뮤이,3.5,"김선호 다시 띄우기 성공할 영화
액션이 너무 판타지지만 중간중간 웃기는 게 환기시키는 역할을 하는듯

(23.6.16 시사회)"
천용희,2.5,"1. [마녀]의 귀공자 캐릭터에서 초능력만 빼고 나머지를 싹 다 가져다 주연으로 만든 다음, [낙원의 밤]의 느와르를 가장한 잔혹 유머로 치장한 영화. 희안하게도 후반으로 갈 수록 좋아지긴 한다만, 그럴 거면 영화를 90분 내외로 줄였어야 효과적이었을 거다.

2. 김선호는 저 희안한 캐릭터를 참 경악스럽게도 잘 살려낸다. 그러나 악역인 김강우는 각본에 쓰인 그대로만 연기하면서 자폭하고, 아예 고아라는 공짜로 돈 벌러 온 기세를 보여준다. 그나마 신인배우들이나 주위 조연들이 노력도 안 했으면 저 둘이 영화를 제대로 말아먹었을 거다.

3. 이제 박훈정도 슬슬 [신세계]의 성공의 그림자서 벗어나야 하지 않을까. 자신이 가진 능력 외의 것을 자꾸 탐할 수록 남는 건 아무 것도 없을 테니까."
한길,1,죄도 없이 벌을 받는 기분.
Lj,2.5,"고아라는 어색하고
김강우는 뻔하다.
하지만 김선호."
🖤🩶🤍,2,겉멋만 잔뜩
루케씨네,3.5,후반부에 몰아치는 피칠갑 액션(이 끝)
응도,0.5,"김선호는 뭐 초사이언이야? 능력치가 말도 안 된다;;

너무 말도 안 되는 능력치를 갖고 있길래
당연히 진짜 무슨 능력이 있는 줄 알았다.
근데 없네? 진짜 황당무계……

역대급으로 오글거려서 죽는 줄 알았다.
진짜 처음부터 장난치는 건가 싶을 정도로 오글거려서...

예상 없이 툭툭 튀어나오던 개그는
2016년에 머물러 있는 느낌.

스토리를 풀어나가는 과정도 이렇게 엉망일 수가 없다.

스토리 라인이 얼른 이해가 되어야 재미가 있을 텐데
영화의 중후반까지는 대단한 비화가 있는 것마냥
자기들만 아는 떡밥만 잔뜩 뿌려놓고선

영화의 남은 시간이 얼마 없으니
급하게 한 명의 대사로 쭉 설명해 주고 치우는 듯한…

그런 만큼 당연히 와닿지도 않고, 감동도 없다.

그나마 참고 볼 수 있었던 이유는
마르코의 표정 연기 덕분이다."
𐒎𐒃𐓓𐒆,3.5,"혈투가 낭자한 활극, 그 이상을 기대하지 않은 게 다행이었을지도… 마르코라는 캐릭터가 ‘거래의 수단‘ 정도로만 소비되기보다는 좀 더 능동적인 캐릭터였으면 하는 아쉬움이 들었다.

귀공자 그 자체인 김선호와 서슬퍼런 재벌집 첫째아들 김강우의 연기 호흡이 영화 내에서 가장 흥미로웠던 부분이었다고 생각한다. 관객 반응도 그쪽에서 많이 터졌고. (단지 내 기준에서는 피가 너무 많아서 조금 보기 벅찼다…)

p.s.
같이 간 친구가 처음에 ‘귀공자, 김선호, 고아라’만 보고 로맨스영화인줄 알고 봤는데 오프닝부터 너무 무서웠다구ㅋㅋ 난 왜 이런 썰이 더 기억에 남지 ;p"
John Doe,N/A,#NAME?
열이아빠,3.5,"추격신은 뭔가 긴장감은 없다. 장면 장면이 끊어지는 느낌이 강해서.
캐릭터는 잘 만들어졌지만 뭔가 잘 어우러지지 못한다. 원톱인지 쓰리톱인지 애매한 느낌.
이번 작품이 성공해서 시리즈로 갈 수 있다면 다양한 시도는 해 볼 수 있을 듯.
참고로 번리는 올 시즌 프리미어 리그로 승격했다(2017년 8월이 첼시 상대로 승리한 마지막 기록이긴 하지만...)"
Theo,2.5,"다른 건 모르겠고, 김선호 배우가 이 영화에 캐스팅이 되고 나서 기분이 정말 좋았을 것 같다는 생각이 든다. 김강우 배우는 말할 것도 없이 캐릭터 그 자체였고⋯.

영화는 그냥 생각없이 큭큭거리며 가볍게 보기 좋다."
최삼영,3.5,미소가 미소다
헵번공주,4,"5/16(티저예고편 나옴)

https://youtu.be/mfvHd1OsRLc

김선호 스크린 첫 데뷔작."
HISUTORY,2,미친놈
현승윤,4,아무 기대없이 영화관에서 봤던 영화인데 의외로 재밌었다. 스토리는 별로였던거 같은데 김선호가 연기를 너무 잘해서 김선호 연기에 빠져서 시간이 훅 간 듯
학의나래,2.5,"문제를 내는 방법은 기출패턴이고
푸는 방법은 원툴이다...
* 영화적 허용을 넘어서는 영화적 만용
** 전편에서 본듯한 내지는 어디서 본듯한 자가 복제적 캐릭터들"
한태성,3,"'하나, 둘, 셋에 뛰랬더니 끝까지 이러네' 영화 자체가 이 대사같음
그래도 워낙 평이 구려서 기대감이 아예 없었다보니 반사이익으로 괜찮게 봄
얼척 없어서 웃은것도 웃은걸로 카운트 되니까?"
박평식,4.5,칸영화제에 가지 않은 것이 의문입니다
kyu,2,그만해... 신세계 어떻게 만든거야
소녀매향,3.5,매력적이고 깔끔하고 앞뒤가 다른 사이코에게 감겼다
제환우,2.5,"더 잔인했으면 좋은데 김선호가 좋고
더 재밌었으면 좋은데 김선호가 좋고
더 스토리를 잘만들었으면 좋은데 김선호가 좋고
반전이 어이가 없는데 김선호가 좋다"
최지웅,2,"박훈정의 나불나불

(징글징글한 감독님의 담배사랑)"
동건,1,2024년 최악의 영화
offcentered,0.5,"어디서 보고 베껴도 3류 영화의 기질은 숨길 수가 없다.
투자를 지속적으로 받는다는게 가장 미스터리.."
이원빈,2.5,영화 안팎으로 스멀거리는 빈부격차. 그 속에서 다 챙겨먹는 배우 김선호.
스탕달고나,1,"고장난 시계도
하루에 한 번은 맞는다

그 한 번의 신세계는 끝났으니
이젠 안녕..."
김재박,2.5,이 정도면 이제 그냥 박훈정 스타일이라는 것을 인정해줘야 할지도...
김윤혁,2.5,목적없는 혼잡스러움에서 김선호의 착한 마스크가 돋보였다 나름 매력있네 라고 생각하며 봤다. 김선호의 안타까운 가십이 아니었다면 후속편이 나왔을 영화. 다만 혼잡스러움이 산만함에 가깝다
Jeongpyo Lee,1.5,더이상 차기작이 기대되지 않는
보보,3,"생각보다 취향에 맞아 대략난감.
2024년 2월 11일에 봄."
윤태영,1.5,감독은 중2병 유전자가 있는게 분명하다.
제히,1.5,뚜벅이 마르코의 눈물나는 한국여행기
dogggy,3.5,"- 이야기가신선하긴하다
- 튀긴하지만원래그런캐릭터라생각하면뭐그렇게크게거슬리진않는다
- 박훈정영화의캐릭터들은죽어가면서도허세에쩌는대사나유머를즐겨구사하기에감독의취향이듬뿍(!)투영된캐릭터가귀공자일듯
- 아저씨이후에오랜만에다대일액션에서짜릿한느낌을받은마지막액션신도괜찮았음"
혜원,1,"뭐라는지 하나도 모르겠음
개뒤죽박죽"
리미엔,3.5,"엉성하긴 하나, 지루하진 않다."
익사잇힝,2.5,"msg로 점철된 그런맛....

근데씨...재밌다 불량식품은 맛있나보다.

김선호가연기한 인물도 진짜 말도안되고 개억지스러운데 뭔가 호감이간다."
방구석무명인,4,"박훈정 표 화끈한 액션, 적절한 반전"
yondu_95,1,콘셉트만 있고 구심점은 없으니 불쾌한 장난으로만 느껴진다.
인생은 영화와 같다,2.5,라면물 올려서 기포가 한 두방울 올라올 때마다 감독이 가스레인지를 꺼버리는 그 기분.
후후,3,"볼 때는 그저 그랬는데 시즌2 나오면 보러갈 의향 있음...
귀공자 자체가 2차 창작 맛도리 캐해 다 가지고 있음. 감독님은 어쩌면, 어라라...?
캐해석을 할 거면 끝까지 해주시라고요. 과거 가져와!!!!!!!
근데 나는 한 이사도 진짜 좋았다...?"
Yumin Yun,2.5,어수선하다 그래도 액션신은 좋았다
하하뷘,0.5,이 감독님 제작비는 따로 빼놓나요? 신기하네
김황신,4,재밌는데? ㅋㅋ
소마크,3,박훈정 유니버스의 캐릭터들이 한 영화에 모인다면?!
이초록,2,김강우가 연기를 잘해서 2점 줬다.
레오딥,3.5,3.3
영더기,3.5,내가 박훈정 감독의 스타일을 좋아하는 편이라 꽤 재밌게 봤다. (하지만 신세계 때의 박훈정은 이제 없는 건지...)
초코송이,1,이 영화 만들 돈과 에너지로 다른 일을 해라
하드보일드 센티,1,"좀 가벼운 <황해>를 기대했건만 갈수록 적응이 안된다. 주인공을 잘못 알아본 탓도 있지만, 진지함과 경박함이 자리를 잘못 잡고 지겨운 피칠갑만 남발한다. 나쁜 의미로 너무 쉽게 간다."
김윤경,3,3.1
Craig00se7en,3.5,단순했지만 재밌게봤다. 김선호 배우 연기도 좋았고 캐릭터도 잘 잡은것 같다. 시리즈화 된다면 계속 볼것같음.  -20231008-
김김이,3,"김선호 캐릭터 하나 보고 나머지를 끼워맞춘 영화 같았다
하지만 그만큼 매력적이었던 캐릭터..!"
콩순,3.5,사람들 혹평하길래 기대 하나도 안 하고 갔는데 의외로 괜찮고…?? 의외로 재밌어서…?? 너무 놀랐음… 내 취향이 이렇다니
아츠라,0.5,개구림
indie_media_sem,2.5,"귀공자가 주인공였어? 반전이 대한 예시는 줘야지.. 마지막에 그렇게 갑자기 귀공자가 모두 짠 판에서 놀아났다. 라고 해버리면 좀 당혹스러움.이거 보고나서 예전에 급반전 영화로 폭망했던 영화""퍼즐""이 생각남.."
임루피,2,"신세계 코빼기도 안 보이는 영화
아 달리기 추격신은 나름 볼만했을거다
그의 얼굴이 김선호 아니었으면 진작 망했을..."
고분자연구실,2.5,마녀 김선호 버전
지극히 개인적인 영화취향,2.5,여전히 뻔하고 자극적인 맛이지만 저번보단 좀 낫다.
hardcore hands,2.5,박감독 작품이었구먼~액션은 좋네잉
꿀지니,1,"모두에게 실망이 크다,,,, 감독부터,,,, 김강우씨한테까지,,,,,,,."
노근우,2.5,"부실한 스토리를 길게
멋을 강요한다."
세휘,1,"이제 더 이상 기대되지 않는 박훈정..
김선호 김강우 잘생긴거 말고는 아무것도 없는 영화"
미순,0.5,김선호 누가 자꾸 써주는거지...
Sooin Lee,2,"이 영화가 매력적이지 않은 이유
1. 영화에서 말하고자 하는 주요 메시지 부재.
2. 러닝타임 30분 동안 별다른 의미없는 영상미만 감상하도록 만듦으로써 도입부의 역할 실패
3. 사실상 주된 시점이 되는 인물(주인공)이 없을 거면, 전체적인 인물의 시점이나 입장을 보여줘야 함에도 불구하고 그것이 러닝타임이 1시간쯤 이르렀을 때에야 윤곽이 드러나는 점
4. 제목과 전혀 연관성이 없는 점

열거하려면 열 가지도 더 적겠지만, 디스는 여기까지.."
동하,2,"여전히 새롭지 못하고
여전히 성의없고
여전히 허세 뿐이다"
다크나이트,1.5,피와 총이 난무하는 허세 액션에 매료된 사춘기 소년의 정신세계를 반복해서 그려내는 중인 박훈정의 걸음. 무얼 찍고 무얼 얘기할 지가 사라진 창작자의 모방과 반복.
남포동풍악,2,"박훈정은 이제 B급 영화 전문 감독이구먼
김강우는 왜 나왔지 이런 영화에 ㅜㅜ"
hong,2,왤케 멋을 부렸지? 연기에 다들 힘좀 빼지
강계민,2,우리 감독님도 프로인데 왜 영화를 이렇게 만드셨을까
잉어,1.5,캐릭터도 네러티브도 플롯도 두꺼울 재간 없는 얄팍함
홍사장,2,"이제는 필름이 아닌 특촬물로 보일정도의
밋밋함과 겉 멋든 허술함"
김승환,2,"이런 제목과 내용일 이유가 있냐
230731"
하준우,2,감 잃었나진짜
prauda223,1.5,엉망진창
FAKYE,2,고아라는 나레이션이야 머야?
ㅁㄴㅇㄹㅎ,N/A,하여간 똥폼들만 신나게 잡아요
SNOTA,2.5,영화에 색을 입히는 김선호의 마력
박지상,1,"프로님 이 영화 프로님이 한 번 손 좀 봐줘야겠어요?
천만불이면 될까요?"
왕밤빵,2,스포일러가 포함되어 내용을 생략했습니다.
김병정,3,"분명 고퀄은 아닌데, 스타일은 확실해서 좋다"
공민영,2,"1. 마녀 인간버전
2. 이정도 스토리를 굳이 중간에 서사를 길게 넣으면서 풀어야했나 의문
3. 김선호 캐릭터만 매력적이고 나머지 캐릭터는 글쎄.."
이소,2.5,'마녀'같은 김선호가 '마틸다'포지션의 마르코를 데리고 존윅 느낌의 '레옹'을 찍다가 좋은 엔딩곡만 남겼다
윤성수,0.5,결말을 알고나니까 더 화가나는 영화는 처음이다. 중간에 왜 멈추지 못했을까....
GREGORY,2.5,일종의 사기극
류영선,1,"엉성한...
첩형쌍웅 이후에 마구 쏟아져나온 이제는 뒤안길로 가버린 홍콩 느와르를 보는 느낌.

개연성 없는 한국영화는 홍콩영화보가 못하다."
Kbu,1.5,훈정이형 거 장난이 너무 심한거 아니요
영화잡식주의,2.5,"신세계와 마녀 그 중간쯤 어딘가
-
김선호배우 순한 얼굴에 능글맞은 연기 생각보다 잘하네
근데 비오는날 무릎 좀 쑤시겄어"
박성준,2,자꾸 영화를 찍어내는 걸 보니 인맥은 좋은가 봐
JangJunyoung,2,"김선호가 돈주고 찍은건가.
아.. 박훈정은 스토리없는 영화만 찍는 감독놈이였구나"
산딸기,2,예상했던 그만큼.
mcinre,2.5,"기대보다 괜찮은, 그렇지만 뭔가 묘하게 불편한... 김선호의 재발견."
kh3,1.5,가오 잡는데 한이 맺혔나
다루끼오비끼,1.5,한국형 느와르 영화 여기서 잠들다..
kouwabatke 30,2.5,"김선호 미친 캐리와 간간히 보이는 유머는 좋지만, 전체적으로 부실한 느낌이 여간 약한게 아니다.

230720"
gurenaru,2,"흥미롭게 시작해 속절없이 무너지는 시나리오. 뼈대는 박훈정 감독답다. 구덩이에 빠진 나약한 주인공이 힘겹게 기어오르는 모습 관찰기인데 김선호 캐릭터 자체가 맥거핀이 되어 관객들에게 끊임없는 짐작을 요구하며 홀로 초월적인 존재감으로 <마녀>의 인물상을 가벼운 터치로 재연한다. 절대악으로 표현되는 김강우와 자본가들은 위엄 없이 살기만 가득하고, 고아라와 여고생 캐릭터는 미스 캐스팅이자 무리수 그 자체로 여성도 남성도 아닌 어설픈 장식에 불과하다. 마지막으로 주인공인 코피노 청년은 2시간 내내 육체적 정신적으로 학대당하다 끝나는데 감성은 드러나지만 미비한 감정 표현 덕에 연민을 갖기도 애매한 지점에서 눈만 깜빡거린다. 결과적으로 그 어떤 존엄도 없이 관객에게 죄의식을 전가하려는 감독의 새디즘 희생양.

'액션은 볼만하지 않았냐' 하는 의견도 있겠지만 액션영화라기엔 이야기의 수식이 잘못 되었고, 느와르라고 하기엔 미성숙한 폭력 파티. 기실 중반 이후부터는 액션과 이야기가 전혀 서로를 돕지 못한다. 가장 비극은 클라이맥스인 저택 시퀀스인데 문지방을 들어서는 순간부터 모든 대사가 민망할 정도로 오글거리고 끔찍할 정도로 더딘 리듬 위에 과녁 잃은 총질과 욕지거리가 난무한다. 이 모든 재앙이 지닌 이유를 설명하는 반전 역시 영화적으로 적당히 포기한 공배 메우기.

감독이 추구하는 메시지나 카메라 미학은 다분히 느껴지나 맞지 않은 조각들만 잔뜩 가져와 그럴듯한 그림을 완성하는데는 실패했다."
호두,0.5,😆👍
철성,1.5,"거품이라는 걸 쇼앤프루브 해버리는,,"
roro,2.5,별 내용은 없는듯해 보이고.. 코피노역할 잘하고.. 김선호 잘생기긴함
배영서,1,"김선호 연기는 좋다.
하지만 영화의 대사, 연출이 촌스러움 그자체"
예죽이,2,주인공과 감독의 쓸데없는 멋부리기가 8할
다이나믹,0.5,한국영화는 어디서부터 잘못된 걸까?
불쭈꾸미,2,다들 가오 디지게 잡는다
와와햄,1.5,"김선호가 테일즈런너 함
마지막 액션은 볼만함"
bachgram,2,박훈정표 또 하나의 마녀 판타지
레트,2.5,훈정 감독은 줏대 있게 본인 하고 싶은 거 하고 파고 싶은 거 파는 오타쿠다..
안현표,2,김선호 말고 뭘 볼 수 있지?
앞구르기,2,"아무래도 내가 박훈정 감독의 작품을 좋아하지 않나보다..ㅠㅠ 특히 점핑점핑 하는 거 .. 아무리 봐도 나의 항마력은.. ⭐️
평점도 높고 지인들의 후기도 좋아서 관람했는데 그저그랬음.
그래도 스토리는 신선해서 괜찮았다."
이혜원,1.5,"아무런 이유없이 아군임을 숨기고 굳이 위험해짐
티비로 이 영화 틀어놓고 폰으로 유튜브보기 좋을듯. 그래도 내용 다 알수있을정도.
모든 대사와 서사가 너무 뻐어어어어어언함

배우들의 연기가 아깝다"
니뺨을쳐,2.5,혐오스런 마르코의 일생
김석순,2,무엇을 노렸을까
세종,2,"박훈정 감독은 이제 그 말투 압수!!
허세 이제 압수!!!!
액션도 압수!!!!!!
클리셰도 압쑤!!!!!!!!!!!
제주도에서는 이제 그만 찍어

멋있다고 생각하는건 이제 다 그만하세요. 제발

“10초 줄게. 도망가면 살려줄게” 장면은,
벌판과 장총 나올때부터 이미 다 알 수 밖에 없었거든요.. 근데 그 장면을 10분 동안 보여주면 어떡하나요…

제발… 본인 머리에서만 영화를 만들지 말아주세요..
아니 그냥 영화를 만들지 말아주세요…"
솔__,2,"김선호의 연기는 오글거리고
스토리는 굉장히 빈약하다
살아남은 건 오직 강태주"
수땡,1,"23.06.25. SUN 연경cgv
유머감각이 없으면 유머를 빼면 되는건데,"
띠용,2.5,마르코의 수난시대...
SooooodaL,1.5,"대륙의 실수 샤오미, 박훈정의 실수 신세계."
하하하진,3,"<마녀>급 전투력의 주인공이
<낙원의 밤>의 불치병을 가지고
<브이아피비>급 미치광이 재벌을
박살내는 영화"
소진,3,넘 웃기당 ㅋㅋㅋ 대사가 구리당 근데 멋있을땐 멋잇당
Beans,1.5,으. 으으.
김광현,1.5,"영화의 대사나 각본이 중2병이라고 매도하는것은 전국의 중학교 2학년들에게도 모욕적일듯 하다.

영화 내내 여백은 많은 데에 반해 그 사이를 채우는 서사나 대사들이 유치하거나 무의미한것처럼 보이다보니 장점을 찾기 어렵다.

마녀에서 김다미가 반전매력으로 좋은 캐릭터성을 보여줬다면 이 영화에서는 김선호가 그 역할을 맡았다.

23.07.05 CGV 다산"
미눙,3,맑눈광 킬러 귀공자! 갈수록 액션이 커지고 화려해지는데 마지막에 짠하고 비하인드를 보여주는 추리물 전개가 좋았다. 마녀2보단 좋았다 딱 그정도
코사리코사리사,2,중2가 영화 만들려고 하면 주인공으로 김선호 캐릭터를 제일 먼저 자신있게 만들듯
유잣차,2,스포일러가 포함되어 내용을 생략했습니다.
해리 보슈,2.5,무한 반복되는 박훈정의 멀티버스. 차분하고 진득하게 예전처럼 한 우물을 파면 어떨까.
홍또야,3,"쉴 새 없이 싸워야 한다는 강박이 있는 것처럼 싸움을 위한 싸움을 만든다. 지겨울 정도. 이렇게 몸 쓰는 액션을 많이 할거면 고아라도 싸움 하나쯤은 넣어줬어야되는게 아닌지

영화의 완성도와는 별개로 첫 등장 씬에서의 흐릿하게 나오는 담배피는 김선호의 실루엣은 너무 좋다... 안보이는데도 너무 잘생겼어

[2023.07.01 무대인사] @메가박스 코엑스"
수에여,1,"오글거리는 대사
박진감 없는 추격신"
Juuuun,2.5,타겟을 잡으면 뭐해.. 관객들을 다 놓치는데..
남국현,3,차라리 이게 마녀 유니버스에 한 축이었다면 좀더 흥미로웠을것 같다.
최진사댁,3,"멜로눈깔 장착한 촉촉한 김선우가 맑은 광기를 드러내는 영화
마지막에 모든걸 끼워맞추려는 억지력과 신파가 좀 에바임"
홍성중,3,귀엽고 잘생긴 살인자의 버킷 리스트
내맘대로,3,보는 내가 힘들다 그만 뛰어라
김슌디,2,벤츠 마세라티 그리고…제네시스…
이게뭔데,3,박훈정 나락가기 프로젝트
삼락,2.5,두 주인공의 역할 배분 및 활용에 아쉬움을 느낀다.
유일,3,"내 3점은
웃는 김선호
뛰는 김선호
그리고 피 묻은 김선호가 채웠다"
제이콥,2.5,"박훈정 감독님께 두시간동안 인질로
잡혀있다 풀려났습니다…"
김수현,3,"와. 진짜 소문대로 형편 없지만, 소문대로 (눈이) 훈훈하네-

그렇게 해사하게 웃기, 있어요 없어요, 김선호씨?!

덧.
그래도 아주 나쁘진 않습니다. 흠흠."
유신,2.5,"그냥저냥 볼만했다. 단순한 킬링타임용으로… 서사와 그에 따른 전개는 무책임하다 싶을 정도로 단조롭다.
쓸데없는 설정과 쓸모없는 캐릭터들로 인해 태운 돈들을 생각하기도 했다. 그렇게나 말아먹고서도 똥폼잡는 걸 버릴 수 없는 건가 싶은 생각 역시도."
정용원,2.5,야발 훈정이형!!
예진 ☺︎,3,스포일러가 포함되어 내용을 생략했습니다.
가니간스,3,광기의 미소만으론 채울수없는 무언가
새미,3,"김선호의 코카콜라 광고
대사들이 오글거렸다..그래서 피식 웃게 됐다
이해하려고 안하고 그냥 보면 괜찮다..!"
아기 딘딘,1.5,뇌절티비
GG,1,아진짜화가머리끝까지나네
쏘울핑거,3,매력적인 캐릭터 설정으로도 지루함을 이기기에는 힘에 부쳐 보인다.
숑숑,3,"김선호가 다했다

생각보다 안 잔인하고 유머러스해서 개인적으로는 좋았지만 청불 느와르를 기대한 사람이라면 분명 실망할 것 같다,,,

영화를 보는 이유가 김선호라면 추천 느와르라면 비추천"
홍석진,3,김선호 매드무비. 내용은 하나도 없음 그냥 편하게 보세요
개가오,3,"장르적 긴장감을 이끌어내고 소재를 통해 호기심을 유발해
이야기를 지켜보게 하며 직관적인 이야기로 흡입력을 이끌어냈다.

동시에 의문을 증폭시키면서 한 치 앞을 알 수 없는 상황에
다채로운 인물의 충돌과 사건 사고의 연계를 통해 끊임없이
위기의식을 유발하면서 긴장감과 이야기 전개를 기대하게 했다.

하지만 후반부에 나아가면서 진실에 도달할 수록
작품 초중반에 구축한 흥미와 호기심이 흐릿해지기 시작하고

의문을 풀어가는 방식이 복선이 두드러지고 이야기를 뒤틀어
카타르시스를 느끼게 하거나 적당한 속임수와 의도된 생략을 통해
생각을 유도하면서 전개하며 이후 전말을 드러내는 방식 보단

마치 먼저 결말을 정해놓고 온갖 사건을 벌여놓으면서 드러난
이야깃거리들을 복선인 것처럼 끼워 맞춘 느낌이었다.

물론 몇가지 소재는 이야기 전개의 키포인트였고
복선으로 작용하긴 하지만 정작 작품의 주축이 되는 요소가
아무런 맥락없이 드러나는 바람에 아무런 감흥이 없었다.

또한 비밀을 지니고 몇 가지 장치와 소재를 통해 의심하고
생각하게 유도하는 연출이 있고 내막이 드러나면서
아직 풀리지 않은 의문점의 진실을 향해 나아가는데

상술한 아쉬움과 더불어 복선이 치밀하거나 인간 관계도에
흥미를 느낄만한 구간 없이 추격전 위주의 작품 구성이면서
이야기 전개에 알아서 설명해주고 풀이해 탐구할 여지가 없고

내막과 복선이 기반이 된 스토리라인임에도 재치가 없었으며
풀이하는 과정 역시 카타르시스가 전무한 수준이었다.

이러한 아쉬움을 채워줄 수 있는 액션과 추격전
그리고 하드보일드, 느와르 장르의 자극성 같이 상업적인 부분은
인간관계와 복선을 형성하고 내막을 들춰내는 것에 치중해

오락성을 느낄 수 있는 구간이 희생된 듯 짧게 느껴졌고
이마저도 밋밋하고 특별할 거 없는 연출로 일관해
추격전이란 소재가 무의미하게 느껴졌다.

불법 경기장 출신 아마추어 복서와 프로 킬러, 추격자
그리고 사이코패스와 다름없는 재벌가의 갈등 및 대립이라는
특수성으로 다채로운 액션과 추격전을 이끌어낼 수 있을탠데

그런 이점을 활용할 생각이 전혀 없는 것처럼 보였고 격돌하는 과정
역시 밋밋한 추격 및 액션 연출과 이야기 전개에 희생되었다.

해당 부분은 캐릭터성을 시각적으로 어필하는 요소가 될 수 있었는데
인물의 성향만 두드러지고 와 닿는 게 없어 진부했다.

덕분에 주인공과 추격자 그리고 재벌가라는 관계도를
묘사하는 과정에 난잡해지는 건 피할 순 있었지만

스토리텔링의 아쉬움에 액션 위주의 상업 영화라는 합리화나
변명도 불가능할 정도로 오락적인 부분에 장점을 찾기 어려웠고
특이점이나 청소년 관람 불가 치고는 자극성도 적었다.

빈곤한 삶을 살아가는 코피노와 혼혈이라는 소재가
전혀 빛을 발하지 못하고 편찮은 어머니를 치료하고 암울한 삶에
벗어나기 위해 아버지를 찾아 나서면서 드러난 응어리진 내면에

'귀공자'라고 불리는 프로 킬러와 추격전을 시작으로 위기의식이
드리우고 재벌가와 대립 그리고 유산을 위한 격돌이 시작되면서 주인공이 지닌 감정선에 울림을 가해 공감과 이입을 이끌어낼 수 있었는데

정작 추격전이 시작되자마자 점차 주인공의 사연이 흐릿해지기 시작하고
상술한 요소들이 무색할 정도로 어필하는 장면도 없었다.

전반적으로 그저 의문으로 시작해 호기심을 유발한 채로
하염없이 전개하다 아무런 감흥 없이 해소하고 매듭짓는 느낌이었고

언제 충돌할지 모르는 상황에 위기감과 불안감을 이끌어내
긴장감을 유지하면서 영화의 기반이 되는 소재와 인물의 응어리진
내면은 의문을 이끌어내고 상황을 지켜보게 하는 것에 소모될 뿐이었다.

그래도 그런 의도가 효과적이었는지 2시간의 러닝타임이
굉장히 짧게 느껴질 정도로 늘어짐 없이 감상했다.

무엇보다 박훈정 감독 특유의 현실감 없는 대사 성향을
이질감 없이 소화한 배우가 연기를 정말 훌륭했고

특히 김선호 배우가 맡은 캐릭터에 그런 대사들이 집결해 있는데
캐릭터의 성향을 이해하고 키 포인트를 집어내면서

추격자이자 킬러의 잔혹한 면모와 광기에 코믹함까지 지닌
캐릭터를 이질감 없이 소화해 오히려 유치함 보단 매력적으로 느껴졌다.

덕분에 밋밋한 이야기에 활기를 불어넣고 유일한 재미요소였다.

-쿠키 1개-"
송현,3,말로 하기 애매한 무언가가 빠져있다 ..
김 수 해,3,다른 단점들을 상쇄하는 배우들의 매력
TAL,3,"프로라고 하기엔 어딘가 많이 짜치는 인물들....
액션만큼은 Good"
배우 차재호,2,"슈퍼맨 vs 배트맨에 명대사가 마샤라면, 이 작품의 명대사는 코피노다."
이정훈,0.5,영화의 요소 중 단 하나도 제대로 된 것이 없다.
Julieta,2.5,"배우 팬심으로 보기에도 아슬아슬
프로? 앗잇참 이마탁"
혜니,2.5,에누리좀하지? 정찰제야
장진휘,1.5,코미디 영화 주제에 끝까지 가오잡네
뚱냥,3,스포일러가 포함되어 내용을 생략했습니다.
이장록,2,광기의 추격신은 볼만했다.
제이,3,"스타일이 마녀스럽긴해서 이어지는 세계관인가 싶어서 초능력이 나오나 했는데 아니었음. 일단 그런 초능력 영화는 아님.
-
박훈정 감독 영화스럽게 유치하고 쎈척하는 그 느낌도 있지만 마녀보다는 덜하고 이해할만한 수준이라 괜찮았음.
무대인사하는 회차라 그런지 여자관객이 많아서 그런지 유머에 반응이 좋아서 그랬는지 나도 덩달아 더 재밌게 봄.
배우들이 너무 찰떡이라 이질감도 없었고 연기도 좋고 액션도 좋고 19세 영화긴하지만 예상보단 너무 잔인하지도 않아서 좋았다.
전에도 그랬지만 쿠엔틴 영화같은 마지막 액션의 쾌감이 있다. 스토리로 빌드업하다가 마지막 액션으로 마무리하는 것도 좋음."
권윤,1.5,"어떤 걸 원햇는지 잘모르겟음
유머?도 아쉽..
액션?도 아쉽..
결말?도 애매..
피칠갑만 남앗묘.."
조성빈,3,"단순한 건 좋지만, 그렇다고 중요한 것들을 놓치면 안된다."
레빗구미,2.5,액션 정도는 볼만하다고 해도 이상한 유머와 서사가 통쾌한 맛을 많이 줄여버린다.
도라에몽이,0.5,"기존의 영화 ‘마녀’와 ‘신세계’으로 인하여 본 영화에
대한 기대감이 너무 컸던 것인가…

처음, 중간, 마지막, 쿠키 영상까지 웃음, 감동 등의 포인트를 어디인지 갈피를 잡을 수 없었다는…"
bliss,1.5,"박훈정 감독 정말 실망입니다. 이딴걸 영화라고 만드셨나요?
근데 그 노르웨이 정도에나 있을법한 숲길은 한국어디에 있는거에요? 그나마 그거 하나 건졌네요"
정오,3,좀 오글거리긴 한데 나름 재밌게 봤다
노곤노곤,3,단순한 서사에 박훈정식 액션 솔솔 뿌리기
이올린,3,25프로 부족한 만족스런 킬러의 설정값.
김대현,2.5,반복적 클리셰의 아쉬움. 김선호의 재발견
김석원,2.5,액션과 추격전은 긴박하긴 한데
믿음,3,김선호 멋지네..
다섬,3,달리기 영화인지 코미디 영화인지 액션은 어디갔지
Hh,2,"제목 그냥 김선호로 하지 그래써
김선호 얼굴만 보다 끝났다
오글거리는 대사는 감독 특유의 것이니 백만 번 이해한다 해도
나머지는 뭐하는 건지 모르겠음
그래도 마르코 역 배우는 다른 작품에서 다른 연기로 또 보고 싶더라
끝!"
김달훈,3,아.. 차는 BMW M 이지.. 이건 명백한 실수
밤에먹는달,3,"​

김선호 배우 팬을 위한 영화

​"
유경쓰,3,"김선호 첫 영화 들어간다고 할 때부터 기대하고 기다렸다.
많은 일들이 있었지만 김선호이기 때문에 냉철한 평가를 할 수가 없다. 여전히 배우로서 김선호를 좋아한다. 더 자주 볼 수 있었음 좋겠다."
문이,1,"멋있고 싶은데 멋있지 않고,
웃기고 싶은데 웃기지 않고,
사이다스럽고 싶은데 사이다스럽지 않은 느낌.

존윅의 화려한 액션과
범죄도시의 마동석의 유머러스함을
억지로 캐릭터에 넣다보니
오합지졸이며 캐릭터가 매력스럽지 않음.

또 주인공이 누군지도 모르겠음.

왜 영화가 귀공자인지 생각 엄청했는데
김선호 배우의 캐릭터 이름이 귀공자였네 ㅋㅋㅋ"
딴따라,2,"어디서 본 듯한 화면 (마녀, 낙원의 밤스러운 화면이 계속 나온다)
마르코의 존재감 0 (권투 장면까지 보여줘놓고 이 친구는 도대체가 하는 게 없음)
대체 경찰 어디 감? (제발)
말도 안 되는 높이에서 뛰어내릴 때 갑자기 마녀 찍을까 봐 무서웠다 (늑대사냥의 트라우마)
달려라 마르코 (추격전이 힘이 쭉쭉 빠진다)
감독님 취향 정말 한결같음 (이쁜 여캐+총)
대사가 너무 안 좋다 (이쯤 되면 아이덴티티라고 해도 무방)
왜 이렇게 영어에 집착할까? (알 수 없음)
코미디가 너무 안 터짐 (정적의 영화관)

솔직히 마녀2에 너무 실망했어서 큰 기대는 않고 갔더니 볼만했다. 마녀2 보단 덜 지루한 거 같다
김선호...의 캐릭터도 과도한 개그 시도만 빼면 의외로 괜찮아서 놀랐고 김강우의 연기도 좋았다
그러나 2시간동안의 영화 감상 후 느낀 감정은 '잘봤다~' 라거나 '재밌었다~' 보단 '피곤하다...' 혹은 '이게 뭐지'

단순한 얘기를 굳이 길게 늘려서 하는 듯한
뭔가 몰아치고 있다는 느낌은 강하나 갈수록 긴장감이 증발한다"
상우두,3,귀공자 아닙니다
남누리,2.5,벤츠와 김선호의 파란만장 스토리
LostStarB612,3,박훈정 장르에 유쾌함을 더한다고 해서 더 재미있는 작품이 탄생하지 않는다. 원래의 장점만 더 희미해질뿐
KIM YUN,3,"박훈정 감독 특유의 카메라 각도와 같은 연출이 감독만의 개성을 잘 표현한다지만, 전개와 스토리는 이전에 나왔던 영화 젠틀맨과 같은 장르의 영화와 크게 다르지 않다."
셩이,3,전작들에 너무 실망했어서 그런지 생각보다 재밌었음
제로콜라,3.5,매력적인 연기와 반전이 좋은 영화
Nature,3,무대인사 봤는데 제목이 곧 김선호다. 실물 저세상 종족이네... 역대급이다 우와... 홀린 듯 다음 회차 무대인사 또 예매할 뻔했네... 영화 내용은 별 거 없는데 중간중간 김선호 김강우 배우 티키타카가 풋 정도로 웃기고 생각보다 귀공자가 고운 얼굴로 뻔뻔하게 농담을 잘한다. 김강우 배우도 연기를 참 잘하는 배우 같은데 정해진 역할만 하는 것 같아서 좀 아쉽...!
장호준,3,"지극히 단선적이고 양아치스러운 캐릭터들, 과도한 피칠갑으로 가득한 폭력묘사, 기시감을 일으키는 망가적인 설정 등 ‘박훈정 월드’는 영화 팬들에게는 비아냥적인 의미로 사용되곤 한다. 하지만 한편으로는 한국 상업 영화의 울타리 내에서 꾸준한 장르물을 생산해내고 그 결과가 상업적 성공과 이어진다는 점에서 ‘박훈정 월드’ 나름의 의미가 있다고 생각된다.
각본상에 발견되는 ‘데우스 엑스 마키나’나 위악적인 캐릭터 설정, 대사로 설명되는 상황 등의 요소들이 거슬리지 않는 것은 아니지만, 개인적으로 [귀공자]는 김선호가 연기한 킬러 ’귀공자‘의 캐릭터성이 꽤 신선한 편이라 비교적 즐겁게 본 영화다. 소재적인 부분에 불과하긴 하지만 ‘코피노’라는 정체성을 캐릭터의 성격을 부여하는데 나름의 현실성을 매개하는 요소였다고 생각된다.
사실 [귀공자]의 각본적 요소는 여러 면에서 근본적인 문제를 떠안고 있지만, 연기, 촬영, 음악, 공간 등 장면 자체의 완성도의 쾌감은 ’가성비‘를 따져보면 나름의 즐거움을 갖추고 있는 것 역시 사실이다.
문제는 전술한 박훈정 영화에 대해 기대할 것과 기대하지 않을 것이 점점 분명해진다는 점이다. 어떤 의미에서 이제 박훈정 영화는 B무비의 영역에서 검토되어야하는 것이 아닌가 싶다."
KOMOEDIA,2,"누아르를 흉내내는 블랙 코미디, 그러나 대부분 헛웃음"
서준,1.5,진짜 마지막대사 그대로 Fuck🙄
Jason Bourne,3,마녀 1이 쏘아 올린 귀공자 캐릭터가 솔로 무비까지 올 줄은 몰랐다. 마녀와는 사뭇 다른 젠틀함과 유머러스함을 겸비한 채 돌아온 귀공자는 여기서도 한 사람을 쫓는다. 마녀의 귀공자와 다른 점은 상당히 집착이 강하다는 거와 맑눈광에서 나오는 그 광기가 이유를 모르면 무섭게 다가온다. 약간 무거울 수도 있는 영화였지만 중간중간에 코믹 요소가 있어서 긴장을 풀어줬고 진지할 때는 진지해서 해를 끼치지 않고 선을 잘 지켰다. 마녀만큼이나 잔인했지만 볼만한 누아르였다. 귀공자의 다음 행보가 궁금하다.
ryu,3,"박훈정이 또 괴랄한걸 만들어냈다
근데 짜증나게 꽤나 마음에 들어서 자존심 상함
박훈정에게 일말의 기대도 없어서 그런걸까"
유진,3,스포일러가 포함되어 내용을 생략했습니다.
롤린스,3,"생각보다 나쁘지는 않았는데 중간 부분이 너무 지루하고 처진다.
차라리 후반부의 가벼운 톤을 처음부터 가져갔으면 어땠을까 하는 생각이 든다.

+ 박훈정이 대본의 욕심을 버린다면 훨씬 좋은 영화를 만들 수 있을 것이라 여전히 생각. 연출은 늘 좋은 듯."
처뤼,2.5,이쯤되면 <신세계>와 <마녀1>이 실수였던건가?
CGV SVIP,2.5,"내가 진짜 신세계때부터 극혐한 이구역의 박훈정 헤이터인데, 범죄도시3보다 재밌다 그리고 김강우가 이상하게 연기가 괜찮다 내가 적응한걸까"
이수진,3,재미없는데 재미 있었던 이상한 영화
웽ㅇ,3,"김선호 캐릭터만 흥미롭고, 감독이 김선호 짝사랑 하고 있대도 믿음. 다른 애들은.. 마르코 앵무새.. 그리고 김강우 그런 역할 그만해. 지겨워. 너무.. 지겨워"
이순,3,"건대입구 롯데시네마에서
아윤 유한 유진이랑 봤다
내가 보자 했었는데 초반에 너무 재미없어서 돈 안받아야겠다 하다가 막판에 나쁘지 않아서 받았다 ㅋ"
관우,3,"느와르 느낌과 색감은 좋았다.

ps)마르코는 잘보임~^^"
유리,3,스포일러가 포함되어 내용을 생략했습니다.
짱유나,2.5,그래요. 벤츠 좋은 거 알겠다구요.
어쩌다보닝,3,존윅 향 첨가
김선호,2.5,타겟을 놓쳐 본 적은 없지만 관객은 놓치겠는걸?
noh0058,1.5,숨긴다고 재미나지 않고 욕한다고 현실적이지 않고 받아친다고 유쾌하지 않고 채워놓는다고 영화가 되진 않는 모양
쿠니미 히로,2,"참을 수 없는 너저분함, 이쯤 되면 또 속은 내 잘못."
권희주,2,쓰 재미없다 레기
클래시네마 (유튜브),2.5,"몰입할 여지가 별로 없는, 집단적 싸이코 행각."
제로시스터,2.5,스토리가 너무나 단순명료 명약관화하여 두시간 러닝타임에 음미할 것이 없다
키키,2.5,추석맞이 방구석 오티티용
영화라는 종합예술,2,손 놓아버린 연출.
배한용,2.5,굉장히 즐거운 2시간짜리 포르노.
저장용계정,1.5,스포일러가 포함되어 내용을 생략했습니다.
다은,2,"중간 넘어서 까지도 뭔.. 내용인지 감이 안 옴
그래도 김선호 연기 끝내준다 ㅜ"
하면된다,1,파리 가 똥폼잡으면 똥파리 라고한다.
vesper,2,형.. 영화에 마녀를 너무 섞었어...
oloku,3,"컨셉, 캐릭터,총질,악취미에 가까운 대사들
근데 이정도면 재밌는데?ㅋㅋ"
hereiam,3,주인공의 자신감엔 그만한 이유가 있었네.
뭐임마,2,도대체 뭐가 귀공자여
글동이,3,웃지마 정들잖아
희 도라,2,훈정아 하나만해 하나만
macho0224,2,"마녀 때도 느꼈지만 캐스팅과 액션씬, 아이디어는 좋으나 시나리오가 뒷받침이 너무 안됨.
김강우 배우님 연기는 진짜 절정인데 받쳐줄 시나리오가 없어 안타까울뿐.
그래도 배우들은 건졌으니 다른 영화로 만나볼 수 있기를."
Kwon,2.5,빈약한 뼈대를 분위기와 연기 톤으로 메꿀 수 있다는 믿음.
김도현,3,한걸음 나아간 박훈정 감독의 세계
Rael,3,익숙한 병콜라 속 가미된 탄산
범블러뷰,2.5,한번은 그러려니 하고 볼 수 있지만 두번째부터는 많이 힘들어질 것 같은 영화. 속편은 만들지 않았으면 좋겠다.
이상용,2,별로 훌륭하지도 않은 자신의 전작들을 끊임없이 재활용하고 자기복제하는 감독에게 슬슬 신물난다.
손한나,3,"한줄평을 쓰라면 '뭐야 코메디야  x ㅣ ㅂ ㅏㄹ' 이라고 써야할 것 같다 아무래도 홍반장보고 김선호 해사함에 반해서 쟤한테 총쏘고 피칠갑하고 욕하는 영화 찍고 싶어서 시작한듯..겁나 뻔하고 클리셰 범벅인 이야기를 아주 공들여 거창하게 허세로 찍었네 ㅋㅋ 2시간 킬링타임 재밌게 해줘서 3점준다! 사실은 2.5점이야.. 나도 박훈정..이 어쩌고 저쩌고 얘기하고 싶은데 생각보다 본 게 너무 없다 ㅋ
오늘은 그냥 수요일 아니구...안식 수요일인데. 청소하는 날이라 갈 데가 마땅찮았던 덕에 어쩌다 영화 한 편을 봤네 째깍째깍 시간은 잘도 흐르고..손가락으로 캘린더를 더듬어 봅니다"
말주변,3,강태주의 발견과 김선호의 재발견
아이쿠,3,귀가 너무 아픔
Jei_P,2,액션은 좋지만 캐릭터의 서사에 대한 설명이 너무 부족하다. 1명이서 재벌 보디가드 수십명을 초토화시켜도 아무런 설명이 없으니...
싱요미,2,김선호의 하드캐리. 그 외의 모든 것이 공허한 클리셰 덩어리
조신익,1.5,과도하게 많은 대사와 그로 인한 허세만이
마넝마넝,3,"""귀공 어찌하여 코미디로 오셨소""

@@
느와르 분위기 속에서 강강강 각자 자신의 캐릭터를 찐하게 내뿜으며 질주하고, 그 사이를 비집고 존재감을 드러내는 실소가 나오는 코미디 그리고 'English'

웃기긴 한데 어이없어서 웃게 된다.
코미디 장르가 다를뿐 타율이 나쁘진 않았다.

강태주 배우분 영어발음 진짜 좋으시다.

박훈정 감독님의 새로운 시도에 응원!!"
ฅ^•ﻌ•^ฅ,2.5,박훈정한테 또 속았다!
bbjihye,3,"초, 중, 후반 : 박훈정 감독 영화 다 짬뽕해놓은거 같다..
특히 대사 왤케 노잼이지
마지막 10분 : 나름 재밌어보이려고 열심히 꼬았네

230617 CGV 회원시사
(이것도 딱히 보고 싶지 않았는데 짝꿍이 당첨됨;)"
S.,3,배우들이 구축한 캐릭터의 입체감만 믿고 하고 싶은 액션 모든 것을 시도해본 감독
작두,3,그래도 박훈정은 박훈정이다
👻😈,3.5,스포일러가 포함되어 내용을 생략했습니다.
이상현,3,"영화를 다 보고 나면
입안에 미세하게 남는 스타일의 흔적뿐

ㅡㅡ

구도도 맥락도 그럴듯함도 스타일로 퉁쳤는데
그 스타일이 올드함

ㅡㅡㅡ

신세계가 얻어걸린거지 원래도 그저 그랬다"
sunflower,3,한결같은 감독 취향.
강택평,2,"배우 김선호의 재기를 위한 발판
그 이상도 이하도"
김 무앗딥 우술,3,"오늘 시사회로 봤습니다.
이런 분위기 마녀에서 본것 같기도 하고 신세계에서 본것 같기도 하고
싹다 개또라이만 나오는데 이게 또 매력입니다.
고아라가 연기한 윤주가 제일 또라이 같습니다.
그냥 보기엔 김강우-한이사가 더 또라이 같더군요
김선호는 컨셉이 미친 또라이 같은데
정말 또라이는 이복동생이 막나가는 또라이 같더군요
갑자기 너가 왜나와~ 하는 느낌?!!
세상에 이런 영화는 처음 보는것 같습니다.
이런 분위기와 캐릭터를 배우에게 뽑아내는것도 대단한것 같습니다."
도용이,3,"1. 김선호의 눈썹을 잔뜩 내린 갸륵 표정 남발
2. 신인들의 심각한 연기
3. 이게 뭔가 싶은 고아라 캐릭터

이쯤되면 신세계와 마녀를 재밌게 봤던 내가 문제인가 싶은"
ㅁㅅ,1.5,폼 잡느라 추격은 뒷전
N/A,2,갯마을 차차차 두식이가 선보이는 액숑 영화. 내 누누이 말하지만 박훈정감독은 과대평가됐다고.
박해림,2.5,"킬링타임용. 깊게 생각하지 않아도 될 만큼 보여지는게 전부인 스토리. 1차원적으로 시각,청각의 자극을 느끼고 싶다면 추천함."
chance,3,영화의 가장 큰 반전은 김선호의 개그 캐릭터
햊정훈,2,마녀2+낙원의밤= 귀공자
helpme,N/A,"그래요, 차라리 <신세계 2> 찍지 말고 하고 싶으신 거 다 하세요."
hongveler,2,맑은눈의 광인만 건졌네
김준서,2.5,느낌이 오다 마네.. 아쉽다
박스오피스 셔틀,1.5,"관객 수 :  682,856명

총 제작비 100억, 손익분기점 180만 명.

김선호의 첫 영화 주연작이였으나 흥행 참패."
김덕훈,4.5,좋았음. 김선호에게 폭군 이전의 귀공자가 있었구나. 내용도 신박하고 반전도 좋았음. 액션 계속 볼 수 있어서 눈호강함.
애룡,2,사람들이 박훈정을 비판하는 지점은 대개 일관되는데 사실 그가 그 비판들을 수용하여 고친다면 아무것도 남지 않을 것이다. 이제 인정해야 한다. 이게 박훈정이다.
아이스민트,2.5,"""마지막에 웃는 이가 가장 잘 웃는다."" - 존 밴브루 (건축가)"
충무로 노숙자,2,"김선호의 호연마저 밑 빠진 독에 물 붓기.
커리어가 쌓일수록 신세계를 인생영화로 꼽았던 과거조차 부끄러워질 지경의 공감성 수치만을 선사하는 박훈정."
김웅기,2.5,입으로 액션을 포장하려하고 진부한 구도만 비친다.
이예원,2.5,"20250430
아쉬운 부분이 많다
근데 중간 중간 대사 타율이 꽤 괜찮은 편"
도반,2.5,이게 어딜봐서 “프로”입니까?
김형태,2.5,감독을 향한 대중의 호와 불호간 전쟁은 그의 변화없이는 이대로 결판이 난 듯 싶다.
기억씨,1.5,케릭터 모두가 엉성하다
박인동,2,프로라면 이렇게 만들어선 곤란하다
harbeth,2.5,뭔 얘길하고 싶은건지
CINEX,2,"어쩜 이렇게 캐릭터들에게 설득이 안되냐
이강우 빼곤 연기를 일부러 못하는건지 안하는건지 의심이 들 정도"
도헌킴,3,"스토리 는 좋은데

그 놈의 척 하는 연기 그만좀 하자 박훈정아!!!!!!"
상금이,1.5,하고 싶은 거 다 하는 감독님이 부러워잉
성아,2,퍽퍽해(fuck fuck)
김순기,2.5,"박훈정은 진짜 맨날 똑같네… 허세 가득한 캐릭터들.
특히 김강우 연기는 맨날 똑같혀!
잔인한 건 내 취향이라 좋았어!"
장명준,4,"단순한 이야기를 화려한 액션, 감기는 대사, 속도감있는 연출로 잘 살렸다."
나태지옥,3,가볍게 보기 좋은 영화였습니다. 감독이 좋아하는 배우들이 영화속에 많이 나온다는걸 느낄 수 있었습니다. 킬링타임용으로 좋은 영화였습니다.
Sanghyun Lim,2.5,"좁게 보면, 잡아놓은 컨셉을 놓치지 않고 꾸준히 밀어부치는 힘이 있다.
넓게 보면, 자기복제적 인물을 마치 페르소나처럼 차용하고 사용한다."
문화잡식가 주바리,3.5,"박훈정에 대한 기대를 빼고보면
꽤 볼만한 블랙코미디 요소까지 있는 오락영화"
kevin,2.5,쓸데없는 대사가 너무 많다
SSONG,3,"어설픈데 시간은 잘가네.
불량식품.

20240827"
김광천,4,"김선호 배우님 매력 있어서 푹 빠져서 보았다!
뭔가 표정 연기가 다양하고 살아있는 것 같다 ㅋㅋ"
취향확 고,3.5,김선호가 다했다.
어바웃타임,2,제목마저 뻘하다
가엘22,3,범죄도시3 보단 훨씬 재밌는데? 왜 망했지?
슈아SHUA,2.5,쉴틈없이 몰아치기만 한다.
csok,2.5,만듦새는 박훈정의 것이 맞는데…캐릭터와 캐스팅에서 후까시만 난무하고 카리스마는 찾기 어렵다. 안타깝다.
인권운동가,0.5,이거 주려고 가입함
혜린,1.5,지랄 시작.
신감귤,0.5,유치한 대사에 빈약한 감독의 철학에 기가 차
라뱅뱅715,0.5,이건뭐냐 하
grimsori,3,하여간 다작하면서도 캐릭터만은 잘 뽑는다.
Sunyou Lim,1,"박훈정에게는 이제 마지막 기회만 남지않았을까?
언제까지 ‘신세계’의 감독으로 남아있을수있을까?"
ernestito,0.5,표절에 표절에 표절을 덕지 덕지 붙여 만드는 박훈정표. 단순하고 이유가 전혀되지 않는 스토리텔링.
TRIGGER,3.5,"다른거 다 필요없고 김선호가 쓰리피스 야무지게 챙겨입고 나와서 액션을 말아주는데
아 이 오빠의 말갛고 선한 얼굴에 피가 죽죽- 묻으니까 ㅈㄴ 내취향의 맛도리🤦‍♀️👏👏👏"
김치전도사,3,폼생폼사
뇸히,3.5,김선호가 좋아서 그런지 킬링타임으로 재밌게 본 영화
강덕인,2.5,"마녀부터 낙원의 밤 귀공자 그리고 앞으로 나올 폭군까지 박훈정은 변하지 않는다.
어디서 본듯한 장면만 멋있게 찍고 죽이지?
자랑하지만 자랑할만한 퀄리티는 아니다."
최원석,2,이제는 그만 놓아줘야 할 것 같은데..
유진선,1.5,병실에서 총쏘는 장면 없었으면 0.5점
SOON,2.5,"킬링 타임용으로는 나쁘지 않으나 글쎄? 귀공자가 주인공인데, 왜 나는 그렇지 않게 느껴졌을까? 왜 살인자가 도움을 굳이? 마지막 쿠키영상도 참 아이러니하고...죽기전에 선한일? 글쎄 영화적으로 뭐 그렇게 보자면 그런건데 왜 귀공자를 주인공으로 했을까? 내가 너무 틀에 박혔나? 모르겠다. 누가 나쁜놈인지 모르겠고, 그냥 스토리자체를 너무 꼬아버렸는데, 그게 맞나 싶기도 하고, 시청자가 눈치를 챘더라도 솔직히 왜 이렇게까지? 라는 의문이 계속 들었다. 마녀의 팬으로써 더 강도높은 액션이었는지도 잘 모르겠고, 스토리도 좀 아리송했고, 아쉬운 점이 많았던 영화였다. 그럼에도 중간중간 코믹한 연출과 배우들의 연기력 그리고 시원시원한 액션은 여전했기에 뭐 나름 나쁘지 않았던 영화였다. 물론 내가 기대감이 컸던것도 실망하기에 충분했던것 같다. 마녀 감독의 작품이라 더 아쉬움이 가득했던..."
어차피라임,N/A,미안해 내 친구야
KSG_MOVIE,2,벤츠에게서 돈을 좀 많이 받았나보다
이지용,2,"-.뒤로 갈 수록 악역이 더 매력있어
-.화약 연기가 걷히면 느껴지는 [미안하다 사랑한다]의 느낌

어디서 본 듯한 특색의 캐릭터 둘을 강하게 살렸다.
예고편도 그렇고 개봉 당시에도 김선호의 소위 말하는 '실눈캐'같은 캐릭터가 강조 되었지만, 막상 영화를 보고 기억에 남는 건 김강우의 '한 이사'였다.
처음 등장 때는 '뭐 자주 본 듯한 재벌 악역이네'싶었는데 2시간 내내 찰져지더니 마지막 병실 대면 씬에서는 '한 이사' 자체가 되서 애드립으로 정확하게 꽂히는 게 정말 통쾌했다.

반면에 고아라의 '윤주'는 이야기 상 비중도 낮은데, 그 와중에 연기도 겉돌아서 나올때마다 몰입도가 떨어졌다..

박훈정 감독이 [마녀]때 부터 보여준 액션 때깔은 좋았으나, 악역을 제외한 나머지 캐릭터들에게 몰입이 되지 않으니, 액션을 걷어내면 뭔가 Y2K시절 비극 감성의 드라마 보는 듯한 느낌이었다."
류창환,2.5,에...엥?
진부,2.5,마르코한테 진작에 말해줬으면 좋았잖아ㅡㅡ
임동균,3,시리즈물로 나아가도 괜찮을것 같은 주인공
하얀얼룩말,3.5,돋보이는 김강우 배우의 연기 굿.
yeji,2,",,?"
km,2.5,매력있는 캐릭터들이 만드는 분위기가 기깔나다
김민서,2.5,공들여 준비한 요소 마저 이 촌극의 패착이 되고 마는...
자크,3.5,느와르 속에서 피어난 코미디.
이소현,2,"고아라뭐해…
니네뭐해……?"
폭발직후,1,박훈정은 제발 느와르 뽕에서 그만 빠져나오길 빌며 이정도는 집착인건지 느와르스토커? 인가…별점 하나도 아깝다만 극중 김선호의 그 천진난만함에 하나 던진다.
new moon,3,"병맛 유머가 녹아있는 달달구리한 액션맛

2024.02.10"
6packs,3,TV 설 특선 영화로 딱이다.
노찬영,3,어느정도 수용 가능한 장르적 비틀기에 매력적인 맑은 눈의 광인.
릴리리라,0.5,"여유로움을 연기하는 배우들….
너무 고통스러웠던 것은 내가 ‘여유로운척’에 속아주지 않으면 당장 이 영화를 꺼버려야돼서 나도 속은척 끝까지 봤다는것… 가끔 유튭에 명장면 따라서 연기하는 배우지망생들 영상 뜨는데 그거 보는 느낌…"
듀리오사,1.5,"난무하는 욕 개그인지 아닌지 알 수 없는 장면들
오글거리는 입전개 이제 믿고 거를 수 있음"
rohee,1.5,느린전개 지나치게 많은 대사 평범한 추격신..배우들의 연기도 섞이지 못하고 어딘가 어색하기만 함..
뿌연,4.5,"김선호가 각성하길 기다렸다
유쾌하게 뒷통수 쳐서 속시원했다"
김성혁,2.5,김선호? 김선호! 김선호.
제트,2,1부터 10까지 B급의 맛 (짜증나는데 묘하게 매력 있어서 더 짜증)
박경화,1,"뭔가 엔딩 보는데, 와 이거 사람들이 엄청 재밌어 하겠는데? 으쓱, 이랬을 거 같아서 피식함. 감독님🙏🏻 죄송한데 하나도 안 웃겨요.
끼없는데 끼부리느라 고생하셨습돠."
말이안통하네뜨,5,김선호 껄렁대면서 욕하는거 존나 찰지게 잘 하네. 2나오면 극장가서 볼거다.
롬롬,1.5,엄마랑 같이 봤는데 그지같대요
Jihyung Kim,2,마녀도 아니고 대사가 오글거리네 했는데 감독님이 같네 ㅎ
이옣,0.5,"난 판타지물 아닌 작품에서 넘 비현실적인 액션이 나오는 게 너무 싫어!!ㅠ
예를 들면 김ㅅㅎ가 터널? 다리? 위에서 도로로 뛰어내려서 완벽한 착지를 구사한 후 조낸 달리는 장면"
다굴,3,"다된밥에 김선호 뿌리기일까걱정했는데
안된밥에 김선호 얹어주기였다… 와.. 캐릭터 일체화무엇이람
귀공자스런 마스크 그 자체"
이혜주,3.5,"일단 김선호가 너무 잘생겼고,,,
내용이 특별했던건 아니지만 꽤 급변하는 장면들, 귀공자는 누구인가에 대한 생각을 하면서 보다보니 빠져들었다 마지막에서 마르코는 어쩌면 허탈보단 안도감을 느꼈을지도 모르겠다

#고아라의 역할이 약간 아쉽
#김선호가 나라를 살린다
#강태주라는 배우를 알게 된 작품"
신원호,2.5,사춘기의 촌스러운 나이든 흉내와 매듭 풀린 마무리
강지원,2.5,이유 없는 탄생
gentiana,2.5,"대한민국에서 피범벅 젤 많이 쓰는 감독1위
축하드립니다!!
허세와 겉멋 그리고 피범벅은 이제 트레이드마크"
고달,2,김선호
루까,2,김선호.김선호.김선호.
호호,1.5,"반전을 때문에 캐릭터를 제대로 설명 하지 않는다.
그래서 초반부 흥미를 끌지 못한다"
사람,2,갈수록 안 궁금한 이야기.
현숭,2,영화 내내 떠오른 건 김선호의 킬링미소뿐.
바애,2.5,"김선호의 연기가, 멋짐이 좋아서  그런가
배시시 재미가 있으려고 한다"
헐리우드키드2,3,20231216
Skarsgård,2.5,캐리터들은 참 좋앗는데
한지혜,3,귀공자만의 느낌을 김선호가 너무 잘 살렸다.
내가 영화를 만났을 때,2.5,환한 미소 뒤 숨겨진 광기의 눈빛
제임스딘,3,"박훈정의 스타일을 안좋아 하는 사람들이 많다.
대호 브이아이피 마녀 등등을 보면 사람들이
신세계때문에 높게 평가 되어있지 사실은 망작이 더 많은거 아냐? 라고 생각하기도 한다.
하지만 그래도 박훈정은 박훈정 스타일 이라는게 있다.
특유의 색깔이 있고 맛이있다.
나는 밋밋한 그저 그런 영화보다 이런 마라맛을 좋아한다.
그래서 이번영화 귀공자도 나름 나쁘지 않았다.
누구는 완성도를 중요시 하고 누구는 개연성을 중요시 라고
누구는 현실감을   중요시 하는데 박훈정에게 그런것을 강요하는건 무리라고 생각하고 적당한 개연성으로 적당히 스타일리쉬 하게 보는 오락영화라고 생각한다면 귀공자도 나름 재미있게 볼수있다. 물론 돈을 많이들인 헐리우드 영화에 비하면
안하니만 못했던 카체이싱이나 액션도 존재하지만 그러면서
다듬어 지길 기대해본다 박훈정 유니버스.."
castiel,3,능청의 좋은 예
윤석영,2.5,"(스토리)
마르코의 심장과 협업을 이룬 프로

(느낀 점)
나중에라도 🎥 '마녀' 세계관과 콜라보를 해줬으면 좋겠다"
이유,3,스릴러에서 코미디로. 갑작스런 변화구에 맥이 좀 빠진다
누워있을래,2,독특한 캐릭터 구축에는 성공
박소영,3,스포일러가 포함되어 내용을 생략했습니다.
튀김우동,3,박훈정 혼자 80년도에 사는듯
김범준,3,케릭터에 매력을 느낄수만 있다면...
제이에스,3,김선호와 데이트하는 기분. 이남자 유머코드 나랑맞네.
만추,2.5,다들 영어를 정말 잘함.
마하라자,2.5,"감독의 전작들처럼 재미는 있다. ㅋㅋ
하지만, 왜 다른 영화나 컨텐츠들이 이렇게 마구마구 떠 오를까?
아무 고민 없이 만들어진 그냥 멋지고 재미나는 장면들의 연속이라고 느껴진다.  그걸 가장 잘 보여주는게 쿠키 장면 ㅋㅋ
그거 보면 안다. 아무 생각이 없다는 것을~
2편을 염두에 두고 반전이였지롱 하면서 집어 넣은 것이겠지만
너무 가볍고 말도 안되고 아무 생각이 없는 이것마저도 어디서 본 것같은그런 이야기라는 것을 ㅋㅋ

이렇게 보여진다는 것을 감독도 인지하고 진짜 진지하게 고민해야 한다.
이렇게 다른영화 생각나는 가볍고 쉽게 볼 수 있는 영화를 대놓고 찍을 것인지 아니면 점점 발전하는 자신만의 영화를 찍을 것인지

뱀발 : 오라버니는 이젠 그만. 여자 캐릭들 대사는 맨날 오라버니래~ ㅋㅋ 손발이 오그라든다~~

뱀발 둘 : 그 맛난 라면이 왜 비싼 요리가 될 수 없는지 진지하게 고민해보시라 ㅋㅋ 쉽게 만들어지고 딱 정형화된 그런 맛이 나오기 때문인지 맛에서 느껴지는 감동이라는 것이 빠져있기 때문이지... 천만관객 영화 함 만들고 싶지 않나? ㅋㅋ

뱀발 셋 : 영어랑 한국말 섞어쓰면 한국에서 먹힌다고 하니까 왜 전청*가 생각나지? ㅎㄷㄷ I am 무서워요 흡

뱀발 넷 : 그러면서 이 영화도 영어랑 한국어 막 섞어 쓴다 그게 먹힌다고 생각했던 것일까?

뱀발 다섯 : 쓸데없이 무리 지어서 나오는 양복입은 기도들과 빌런 대빵... 진짜 어이 없다... 이런건 왜 맨날 집어 넣는거여~ 일본 B급 영화나 그걸 자신만의 영화로 승화시킨 쿠엔틴 타란티노랑 함 맞짱 떠보고 싶었나? 아니면 매트릭스처럼 대박 내고 싶은겨? ㅋㅋ

뱀발 여섯 : 이 영화 보고 코피노에 대해 한 번쯤은 생각해 봤지만 그래서
뭐? 뭐를 말하고 싶었는데?

뱀발 일곱 : 한국에선 스타일리쉬한 총기 액션이 잘 안 먹힌다. 왜 그런지 잘 생각해봐 차라리 담 작품에선 외국에서 하는 걸로 ㅋㅋ

뱀발 여덟 : 처음에 김선호의 대사가 웅얼거려서 잘 안들려서 아 이 영화 망했네 했었는데, 이후에는 발성이 점점 좋아졌다~~"
오위시,3,세상의 모든 악이 나를 죽이러 들 때 단 하나의 악이 나를 살리려 든다면 우리는 그 악을 거부할 수 있을까.
좋아,2.5,"섹시하다..................... 김선호
거울을 보니 내 인생이 불행하게 느껴졌다"
꽁이,2,"설정만 코피노 아무런 대안 없이
잔인하고 말도 안되고
어휴~감독 시나리오작가 모두 창피한 줄 알기를"
DRken Jang,1,김선호의매력과 병콜라 끝
프레카리아트,2,성인 만화책 같은 영화인데 읽는 시점이 10대 때 몰래 읽는 맛이 아닌 게 아쉽다
G-Design,0.5,"'귀공자2' 만들 생각일랑 꿈도 꾸지마라!
'마녀2'로 바닥 찍었잖니?"
디에고,2.5,"배우들의 연기(특히 김선호의 번죽)와 필리핀의 습한 미장센은 봐줄만 하다만
일대다수 액션의 연출적 당위성은 다소
무리가 있었다고 느껴짐"
jw,5,영화 보는 내내 딱히 걸리는 부분도 없었고 내가 딱히 개연성을 중시하는 사람도 아니기에 재밌게 봤다
안태선,2,흉내도 못내네
서강석,2,하고싶은 걸 꾸준히 해내고야마는 추진력은 정말 높이 평가한다. 다만 이번건 너무 억지가 심하다.
길선정,2.5,"뭐가 있을 것처럼 등장시켜놓고 아무것도 없었던 김선호.
그냥 김선호 얼굴이 다 한 영화. 아 마지막 ost는 좋았네."
강창민,3,"특유의 캐릭터 승부는 나쁘지 않았다. 김선호 캐스팅이 제대로 먹혔다.

다만 스토리는 딱히 없다. 총 안 쏘고 시간 끄는건 너무 올드하다.
근데 또 재미가 없진 않았다."
dwitppeol,2.5,"기본적으로 박훈정 영화 좋아하긴 하는데.
시나리오가 좀 허술하긴 한 듯.
고아라도 캐스팅이 좀.."
ZiNak,2.5,"김선호의 매력적인 연기와 캐릭터가 돋보이지만, 감독 박훈정의 각본과 연출은 이야기의 흐름과 구성에서 다소 실망스러운 작품."
Yves Klein,2,"T1000으로 접신한 귀(鬼)공자와 함께 하는
피 칠갑 살풀이."
조조는나의힘,2,차라리 표절했음 좋겠다...
박제헌,2.5,"박훈정이 가장 잘하는거
박훈정이 가장 못하는거
아주 잘 들어있음"
이수,2,이거 아니야 잘하는거 찍어 잘하는거
keorm,2,"지리한 추격전과 대치전 그리고 마지막에 줄줄이 읊어대는 마무리. 거기다가 정체불명의 코미디.
=========
2023년 6월 21일에 개봉한 한국의 액션 느와르 영화. 박훈정 감독의 8번째 장편 영화이다.

“난 단 한번도 타겟을 놓쳐 본 적이 없거든”
필리핀에서 불법 경기장을 전전하며 병든 어머니와 살아가는 복싱 선수 ‘마르코’. 어머니의 수술비 마련을 위해 평생 본 적 없는 아버지를 만나러 한국으로 향하던 그의 앞에 정체불명의 남자 ‘귀공자’가 나타나 그를 추격하기 시작한다. ‘마르코’ 주위를 쑥대밭으로 만들며 숨통을 조여오는 ‘귀공자’를 필두로, 아버지의 막대한 유산을 차지하기 위해 ‘마르코’를 추격하는 재벌 2세 ‘한이사’, 필리핀에 이어 한국에서 우연히 ‘마르코’와 재회한 미스터리한 여자 ‘윤주’까지. 각기 다른 목적을 가진 이들은 단 하나의 타겟을 쫓아 모여들고, 그 무엇도 예측할 수 없는 혼란과 광기 속
‘마르코’는 충격적인 진실을 마주하게 되는데…단 하나의 타겟, 광기의 추격이 시작된다!
--------------------
한국인과 필리핀인 사이에서 태어난 마르코(강태주)는 필리핀에 거주 중이다. 돈내기 복싱 시합에 출전해 몸을 혹사하면서까지 병든 어머니를 정성스레 모시고 있다. 무책임한 한국인 아버지는 모습을 보이지 않는다. 그러던 중 아버지가 보냈다는 변호사가 찾아와 마르코에게 한국행을 권한다. 권유라기보다 강제에 가까운 태도인데, 친부가 어머니의 수술비를 마련해줄 수 있다는 이야기에 마르코는 어쩔 수 없이 한국행 비행기에 오른다. 한편 이런 마르코의 행적을 ‘귀공자’(김선호)란 이름의 청부업자가 쫓고 있다. 여타 청부업자들을 압도하는 실력자이자 조금의 자비도 주지 않는 냉혈한이다. 그는 마르코를 아버지 집으로 데려가려는 자들을 모두 제거하며 마르코와의 추격전을 계속한다. 마르코를 쫓는 이는 귀공자뿐이 아니다. 마르코의 형이라는 재벌 2세 한 이사(김강우) 역시 마르코를 잡기 위해 혈안이다. 자신에게 일어나고 있는 일들에 영문을 알 수 없던 마르코는 자신을 구해준 윤주(고아라)에게 자신과 아버지에 얽힌 진실을 듣게 된다.

<신세계>, <마녀> 시리즈를 연출한 박훈정 감독의 신작이다. 박훈정 감독의 특기인 유혈 낭자 액션, 사건의 전말을 파헤쳐가는 서스펜스, 여기에 소위 ‘낭만’ 넘치는 브로맨스까지 총결합됐다. 영화의 제목처럼 작품의 서사와 스타일을 지휘하는 중추 역할은 김선호가 연기한 귀공자다. 멀끔한 슈트와 헤어스타일을 고수하면서 여유로운 프로의 면모를 보이다가 어느 순간부터 어리숙하고 허술한 성정을 내비치는 이중적 캐릭터다. 이러한 양면성은 <귀공자>의 전체적인 톤 앤드 매너이기도 하다. 우선 과묵하고 진지한 성격의 마르코가 비극의 중심에 휘말리면서 진중한 누아르 분위기가 극 전반에 흐른다. 그런데 심각해지려는 상황마다 귀공자나 한 이사의 유머와 기행이 틈입하면서 작품의 분위기를 환기한다. <신세계>의 무정함을 사뿐하게 변주한 동시에 <마녀>와 같은 만화적 설정을 차용하며 색다른 균형을 도출한다. 일부 대사나 상황, 액션에 일정의 과잉과 가벼움이 드러나긴 하지만 안정적인 프로덕션과 일관된 캐릭터 코미디의 결이 단점을 보완한다.

마르코가 한국인과 필리핀인 사이의 혼혈인 코피노란 점도 <귀공자>의 주요 설정이다. 코피노에게 가해지는 부조리한 현실을 지적하면서 비인간적인 2차 가해를 범하는 가해자들의 실태를 드러낸다. 물론 여전한 타자의 시선에서 코피노의 정체성을 하나의 성질로 압축하는 성급함이 엿보이며, 차별에의 직설적 언행이 여과 없이 나타나기도 한다. 다만 해당 소재를 캐릭터 설정으로 소비하는 데에서 멈추지 않고 영화의 주제로까지 확장하려는 시도도 일별할 수 있다. 특히 말수 없는 마르코의 내면과 감정을 단단하게 완성해낸 신인배우 강태주의 얼굴, 표정, 움직임이 캐릭터의 당위성을 확보한다.

내가 누구냐고? 네 친구.
귀공자는 마르코를 비롯한 타깃들에게 본인을 ‘친구’라고 소개한다. 언뜻 보면 별 의미 없고 면구한 농담으로 보이지만, 영화의 후반부에서 ‘친구’의 의미는 외연을 확장하여 여러 여운과 질문을 남긴다.

CHECK POINT
<넘버 3> 감독 송능한, 1997
<귀공자>는 누아르와 코미디 사이에서 줄을 탄다. 어느 순간엔 양자간의 균형이 코미디로 확 쏠리기까지 한다. 이러한 태도에서 코미디의 탈을 쓰고 온갖 활력을 추구하다가 문득문득 비장하고 선득한 감각을 일깨웠던 <넘버 3>의 사례가 떠오른다. 물론 쿨한 낭만파 누아르를 추구하는 <귀공자>와 우격다짐의 한국형 조폭물을 표방한 <넘버 3>의 표면은 다르지만, 폭력을 소재 삼아 그것을 종잡을 수 없는 유동적 스타일로 표출했다는 유사성은 분명하다."
좌포청종사관,2,스포일러가 포함되어 내용을 생략했습니다.
이상진,2,흠.... 어... 쩝... 음...
iwastheone,1,관객이 영화의 조각을 직접 맞춰나가야 하는데 그럴 틈도 주지 않고 계속 직접 설명해준다. 그 동안 계속 따라해 와서 본인이 직접 쓴 각본은 많이 자신 없으셨나 봄..
GREED,2.5,저기요 금연?
율은사랑,2,박훈정 감독의 나르시시즘도 후반부에선 코미디로.
빵그르르춘,0.5,"와 영화 진짜 뭐같이도 만들었다
무슨 대학 동아리에서 만든 졸작인줄…
최근 십년 동안 본 영화 중 최악인듯
염치기 없네 이런걸 돈주고 보라니"
소애앵,1.5,영화 본 지 2달 지났는데 내용은 다 까먹고 김선호만 기억남
RHDH,2,몰락해가는 박훈정과 김선호의 재발견.
이태윤,2.5,"나름의 흥행 공식에 조금 다른 것을 섞었더니 개성이 허세로, 매력은 억지로, 뼈대는 없고 알맹이만 남아 버텨 나간다."
B바라기,2.5,"노력한 배우들에 비해
날로 먹으려는 감독."
폭풍,2.5,오로지 매력적인 한명의 인물로만 영화를 이끌어갔지만 영화의 매력은 글쎄..
녹색이념,2,주인공이 의도적으로 제일 불쌍하면 생기는 불상사
조중현,2.5,"보였던 건 배우들의 얼굴과 피
들렸던 건 개그와 총소리
기억나는 건 허무한 반전
느꼈던 건 없다"
칠보,1,자기복제 1인자
단차,2.5,김선호의 재발견. 끝.
Tai Woo  Jung,2.5,마무리만 질질안끌고 분량줄였으면 별점 하나 올라갈텐데…
소재현,2,아직 덜 뻔뻔해진 박훈정의 우라까이
윤한수,0.5,너무 뻔해
홍승수,2.5,천사얼굴로 사람 죽일때 오는 배덕감…. 기분이 나름 좋다.
Rustice Lee,1.5,김선호라도 건졌다.
Sol,2,거듭할수록 단단해지는 그만의 세계... 그렇다고 안이 실하지도 않은데... 단 한명의 배우도 제 역할을 못하지만 두 여배우가 가장 최악... 결국 이건 다 감독탓
잿빛 돼지,1.5,참조 : 아비정전
후루둥,2,마지막 그장면  헛웃음이 나오네..
이진구,2.5,"뭐.. 액션이 난무하지만
정신상태가 좀 이상한 느낌의 주인공 땜시 긴장감도 없고
특별히 잘 짜여진 느낌도 없어
그냥 시간때우기 영화였다는 느낌이었다."
japple,1,"장르가 범죄, 액션이 아님. 주변 분위기는 무겁고 어둡게 하고, 등장인물들은 코미디를 펼치는 새로운 장르. 점점 나락으로 빠져드는 박훈정.."
이현우,2,이정도면 캐릭터와 마지막 액션씬을 위해만 달려오는  단편연출가가 되려는거 같다
Keonhyung Kim,2,"박훈정에 대한 신뢰도 귀공자에서 무너지네
스타일에만 진심인 구멍난 서사
but, 김선호는 내 생각보다 좋은 배우"
정지훈,1,"감독의 기복이 너무 크다, 더 이상 계속되면 신세계는 우연이었던 것으로.."
저질평론가,1.5,"웃기려고 만든건가..
어이없는 실소인가.."
YS.OH,2.5,"귀공자의 깐족거리는 캐릭터가 너무 좋았음.

마녀 1편에서... '귀공자'가 죽어서 너무 아쉬웠는데, 그와 닮은 새로운 귀공자를 다시 보게 되어서 너무 만족스러웠다. (이름이 같네. ㅎ)

이 캐릭터를 중심으로 계속 나왔으면 좋겠음."
만수무강,2.5,범죄도시처럼 못웃길거면 코미디요소 넣지좀마라...분위기 겁나깬다
성창현,2.5,박훈정은 대사에 영어 좀 그만 섞어. 한글 대사도 구린데 영어까지 섞으니 더 구림
양서원,2.5,"김선호가 재밌다
김선호 얼굴, 피지컬이 아니었다면
0.5점도 받지 못했을 것."
김대환,2,"인물은 프로, 판이 아마추어."
김주연,1.5,"김선호 복귀작으로 보러 갔는데
장꾸 미소 그만...
각 배우들 연기력으로 끌고 가는 영화"
로그아웃,2.5,뭐지?
최세정,2.5,"밋밋한 액션, 그냥 그런 유머, 단순한 플롯, 그나마 김선호,김강우.

이렇게 뻔하기도 쉽지 않은데 그렇다고 액션이 재밌지도 않다.
감독은 1차원적으로 캐릭터만 스케치하고 플롯은 그냥 여러 인물을 넣으면 입체적으로 바뀌는 줄 아는 것 같다. 억지스러운 과정에서 고아라같은 인물은 그냥 허무하게 소비되는 것에서 그친다.
아무리 스토리가 단순해도 액션 영화면 액션을 잘 찍으면 되는데 액션도 밋밋하다. 결국 나름 참심한 김선호 캐릭터도 점점 중2병 걸린 킬러로 느껴지기 시작한다."
도도무비,1,"분량 30분짜리 이야기를 1시간30분으로 만들었으니..
불필요한 대사를 남발하고, 어설픈 후까시만 잡아댄다."
양종선,2.5,주인공을 잡기위한 이유가 좀 더 현실적이거나 신선했다면 더 좋았을거 같다 ㅎㅎㅎ 그냥 오락영화 그이상 그이하도 아닌
○□○,2,2시간짜리 김선호 화보
멍멍쿠잉,2,다 필요없고 귀공자의 미소 속에서 콜라나 한사바리 하고 싶다.😍
기멩,2.5,마르코는 괴로워
이종재,2.5,"신세계 신세계 신세계
언제까지 신세계만 다시 보게 할건가요"
xoxosos,2,마지막은 진심 뭐 어쩌라고 소리가 절로 나오네ㅋㅋ
잔인한詩,2.5,"The Childe

귀공자도 코피노였다
죽기 전에 착한 일 한다고
마르코를 이용했다

근데 귀공자는 불법 무허가 병원에서 폐암으로 죽는 줄 알고
헛고생한 것이다
단지 금단현상으로 기침을, 각혈을 했을 뿐 ;;;
***
애초에 이상한게
그렇게 돈이 많으면
심장을 기증을 받지 구태여 친자식의 심장이 필요했을까?
그리고 못 죽이는데
죽여도 심장은 아직 살아있으므로
손상만 없다면 금세 이식하면 될 텐데
왜 마르코를 못 죽이는 걸까?

설정이 좀 필연성이 없다
그리고 더 애초에
친자식 놔두고 둘째 부인 것도 아들도 아니고
딸에게""만"" 전재산을 주는 걸로 유언을 남겼단 게 말이 되는가?
아무리 정신이 오락가락할 때 받은 유언이래도

애초에 변호사라면 심신상실의 지경인데
유언을 받아놨단 게 말이 되는가?"
GoodSoul,2.5,그나마 김선호가 돋보이는 삽질
1주일에 영화 한편,2,잘 모르겠고 너무 뻔한전개라...
위도현,2,"정말 수트 차림에 입꼬리 땡겨 낭만있는 척 웃는 싸패 살인마가 페르소나로 정착한건가.

어쨌든 김선호 끝까지 고집한 이유는 알겠다. 해맑은 도른자가 필요했구나. 그 캐릭터 말곤 없네 보여줄 수 있는 캐릭터가. 나머지 캐릭터들은 못봐주겠다.

아니 근데 이상하게 박훈정스럽지 않구만."
심슨,2.5,"점점 다양한 방식으로 파생되는 박훈정표 장르물. 한 개만 걸려봐라 이건가?
한편으론 한 우물만 파는 장인 같기도."
Danny S Kim,2.5,"감독님, 자꾸 새로운거 하려고 하지 마시고… 그냥 마녀랑 신세계 시리즈에 집중해 주세요 😅"
Vonchio,2.5,"코피노를 향한 박훈정의 추모사. 그 한계와 명암을 여실히 보여준 작품

킬러의 미소는 귀엽고 재밌지만 거기서 끝이었다."
홍기재,2,레퍼런스 없는 박훈정은 앙꼬 없는 찐빵이다
박영채,2.5,카레이싱만은 레퍼런스로 쓸 만 했다
문지은,2,"그냥 뻔하고,, 중간까지는 뭐가 있는거 같이 그래도 궁금했었는데 막판에 공개된 이유는 그냥 빤했음,, 피만 오질나게 나오고 ㅜ 액션영화치고 뭐 액션신도 그닥,, 주인공 배우를 어머니께서 좋아하셔서 따라본거라 그냥 기분환기겸 보았다 ^^;"
노태민,2.5,"귀공자라는 제목의 이중의미.
김선호 분 캐릭터의 은근한 매력.
그 외에는 여러모로 아쉬움이 많이 남는."
LJ,1.5,발암난 가족
이관렬,2.5,"a급과 b급 사이 어딘가
극장보단 ott스러운 영화다. 액션씬이 수준이 높지도 낮지도 않게 중간정도 해준다.
컨셉이나 감성이 이해될듯 말듯 엉정쩡하다."
이하연,2.5,솔직히 재밌음ㅎㅎ
뉴스,2.5,의도한 장르가 코믹이었다면 반의 반 정도 성공
Ji No,2,마녀2를 이은 실망의 연속
TaeKyoungLee,2,영화보면서 제작비 참 알차게 아낀 것 같다란 느낌이 든 영화는 처음임
박강산,2.5,"신세계 이후로 뭘 만들어도 잔혹동화 밖에 안만들어지는 저주에 걸린 감독님, 그래도 PC가 모든걸 망치고 있는 요즘 대놓고 패드립, 성적 비속어, 일방적 폭력 등의 길티플레저를 충족시켜주려는 의도가 마음에 든다."
Immigrant,2.5,선호 얼굴말고는... 나 정말..
jenny,2,"김선호가 가끔 웃겨서 봤다..
줄거리도 모르고 봐서 그래도 끝까지 볼 수 있었다. 당황스러운 결말
영화 끝나고 나왔는데 서로 나눌 이야기가 없음..."
진우영우,0.5,기억 남는거? 김선호가 원래 저런 사람이었나? + 배우들 얼굴만 기억 남음
한예지,2.5,스포일러가 포함되어 내용을 생략했습니다.
송시원,2.5,독특한 캐릭터가 영화 전반을 이끌어간다
자두소르베,2.5,"역시 차는  벤츠
김선호배우 액션도 잘하시네요

#CGV #MOON"
HYOMJAA,2.5,"모두에세 불만족을 주는 공평한 감독.
미국에 마이클 베이가 있다면 한국엔 그가 있다."
즤지,2.5,"감독님 찍으면서 재밌었을 것같다..
코미디에 가까운 느와르.. 솔직히 호감 ㅋㅋ
김빠지는 개그를 자꾸 치면서 병 콜라를 마시는 김선호 캐릭터가 좋았다"
보문동꿀주먹,2.5,수많은 단점을 마지막 한 방으로 겨우 만회하려 한다.
미뇽킴미뇽,1.5,"신세계의 박훈정은 허상이었나..
.
2023.07.02 롯데시네마 은평 가은(2023_021)
무대인사 박훈정 감독 김산호 고아라 김강우 강태주"
뾰뾰,2,김강우씨. 그 의미심장하는척 하느라 목소리 낮추고 말할 때 발음 하나도 안 들려요. 오락 영화 보면서 대체 내가 왜 듣기평가 듣듯이 당신이 뭐라고 하는지 스트레스 받으면서 집중해야 됩니까. 물론 당신보다 당신이 그러고 앉았는데도 오케이 사인 낸 감독이 더 나빴습니다. 하......ㅎㅎㅎ
영배,2,김선호랑 김강우라는 엑스칼리버를 가지고 밭에서 막 딴 무만 주구장창 채썰고 있으면 어캄… ㅠㅜ 캐릭터성이 너무 없어서 아쉬움 서사도 없어 명확한 이유도 목적도 밝히지 않고 전개되는 모든 것들이 아쉬웠음…
푸른 하늘보다도,2.5,"좀 더 밟아도, 좀 더 정신 나가도 괜찮았을 텐데."
Sekang,2.5,"다음과 관련된 누군가에게 주문을 받은 건 아닌지?
1. 김선호
2. 마세라티, 벤츠
3. 코피노"
김민서,2,똘끼 있는 미소만 기억에 남음.
소영,2,자동차 광고같아요.. 전형적인 한국 영화...
chu,0.5,김선호 복귀작
뿡띠,2.5,김선호 안 나왔으면 우얄 뻔 했노...
panicmaker,2,가볍게 쉬어가고팠던 감독? 아니면 마녀월드의 큰 그림?
소센세,2.5,"이야기가 넘 중구난방임
이걸 왜케 길게 하는지 모르겠는데 잘라야 할 부분은 안 자르고 필요하다 싶은 부분은 또 없어"
캐스퍼,1.5,"마녀 느낌이 많이 난다

2023.06.30"
BARI밁,1,한국영화에 xx(욕)이랑 담배 좀 빼줘 지겹다
루루,2.5,본인 영화를 계속 오마주하는 감독.
"김채운 ""Cinéphile""",2,"이 영화를 보고 웃는 것이 장르에 대한 만족이어서 일지, 어이없음이어서 일지.. 그래도 영화가 얻어낸 최대의 수혜는 '김선호'"
Undine,2,역시 오타쿠들의 수장 박훈정!
김동민,2,스포일러가 포함되어 내용을 생략했습니다.
밍8-w,1.5,오디오 어색한 건 마녀 때도 그러더니 일부러 그렇게 연출하는 건가 ... ?
marou,2.5,"배우들의 연기로도 살리기 어려운 식상한 인물 설정, 오글거리는 대사"
yuyuyu,1,"마르코 왤캐 착해.....
얘야 트럭도 강취하고 자전거도 훔쳐타고 그래야지
그렇게 죽어라 뛰기만하면...죽어....ㅎ

하 영화가 있는척 폼은 엄청 재는데 마지막에 껍데기 파보니 과대포장~~~ 아~~~ 무것도 없어

진심 오랜만에 시간아까운 영화였다....

김선호 굳이 왜쓰는거지???
플래시 주인공은 연기라도 그냥 봐줄만했는데 김선호는.... ㅋ 인소에서 튀어나온줄ㅋㅋ
잘생겨서가아니고 개어색하고 오글거려서...ㅋㅋ

외국이든 국내든 논란있는 배우들좀 안썼으면....영화도 재미없는데 두배로 빡치니깐....
보고 욕하기도 이제 지친다~~

한국영화 우짜노....다 비슷하게 노잼인것도 재능이다진짜

재관람의사 X"
미소,2.5,"범죄오락액션 장르로 좋게 흐르다 ..갑자기 결말 부분에서
푸—욱 꺼지는 느낌 아쉽다."
압구정파인만,1,ㅋㅋ
._.,2,"근무 끝나고 관람해서 약간 피곤한 것도 있었지만 초반부가 너무 잔잔하고 씬이 계속 이어지는 게 아니라 끊기면서 다른 이야기들을 해서 이 영화가 무슨 내용일까 감도 잡히지 않았었고, 살짝 졸았던 부분도 있다.

슬매님이 “재미없는데” 해서 충격 먹고 많이 재미없냐고 여쭤봤는데 “농담이야~ 김선호 얼굴이 재밌어~” 하셨다.
정말 김선호 배우님 잘생기셨네요. 부럽다.

그치만.. 1. 초반부 늘어짐 2. 씬이 끊겨서 사전지식 없이 관람하는데 집중이 어렵고 힘들었음 3. 떡밥을 던지기도 전에 예상이 전부 적중한 뻔한 스토리(장기, 재산, 코피노 등등..) 4. 매력 없는 대사들 5. 등장인물들이 굳이 죽을 때 알게 될 거라고 안알려주는데 그냥 답답하고 별로 흥미롭지도 않았음 6. 이해 안가는 서사 7. 그 외 여러 요소
영화보면서 내내 무표정으로 관람했다. 종종 웃는 관객들도 있던데 난…. 왜 안웃기지? 뻔한 예상이 적중했을 때 어이없어서 흘린 실소 몇번?

자꾸 프로 프로 하는데 아니 자기 입으로 프로라고 계속 말하는거 진짜 노매력.. 대사 지워버리고 싶었다. 그놈의 타겟을 놓쳐본적이 없고 프로고 어쩌고 저쩌고
그래도 “엎드려” 는 좋았습니다. 수트가 잘어울리는 김선호 배우님의 섹시한 한마디(?) 뻔했지만 내 설렘포인트인 박력 부분 공략1 성공

김강우 배우님 너무 섹시했다.. 오 ㅏ 진짜.. 김강우 배우님이 나오는 장면은 그래도 다 재밌게 본 것 같다. 연기도 잘하시고 무엇보다 섹시함

아니 근데 영화관람 하면서 진짜 무매너 진짜.., 쿠키영상을 볼거면 앉아서 보던가 앞에서 떡하니 스크린 가로막고, 옆으로 비켜서서 보던가 객석 중간에 떡하니 서서 보는건 진짜 무슨 경우? 덕분에 쿠키 제대로 못봐서 화남. 그리고 딤머등 켜지지도 않았는데 나갈 준비 하면서 후레쉬를 켰으면 빨리 나가던가 쿠키 볼거면 다시 끄던가!!!!ㅠㅠ 불빛 공격 오지네 진짜.. 쿠키 끝날 때까지 꾸역꾸역 켜고 있는 건 진짜 진짜 무슨 생각이지? 영화관 혼자 쓰나. 그럴거면 제발 집에서 티비나 보세요 진짜ㅎ

재밌게 봤던 작품이 있다면 작품성이 뛰어나지 않더라도 훗날 다시 기억이 떠오르거나 ott서비스에서 우연찮게 발견했을 때 다시 보곤 하는데, 귀공자는 다시 볼 일은 없을 것 같다. 빵빵 터지는 것도 아니어서 킬링타임도 안 될 것 같음

근데 사람이 저 높은 다리에서 뛰어내리는데 멀쩡 할 수가 있나요? 보면서 계속 저게 말이 되나? 생각했는데.. 나중에 한 번 뛰어내려 보면 큰일 나겠지… 아무튼 이해 안가는 건 너무 많았지만 김강우 배우님 때문에 참는다.. 섹시해서 참는다 내가 진짜.. 샤워가운입고 총들고 있는 모습 때문에 참는다 내가.."
주인혜,1.5,"귀공자 中 ”난 프로거든 프로“

. . . 영화는 아마추어였다"
꽃가람,2,무엇을 위해 그 곳의 최고가 되었는지
김피디,2.5,"요상한 시각으로 사회를
바라보며 세계관을 만드는 재주가 있어"
박상민,2.5,"가장 적인줄 알았던 존재가 가장 친구였던 상황에 관하여.
두 시간동안 폼나게 등장해서 악만 쓰다 허무하게 사라지는 악당들의 등퇴장과 프로의 액션, 마르코의 리액션만 보는 것은 왠지 모르게 지친다.
재치있다기 보단 헛웃음만 만드는 허무한 유머들도 역시나 아쉬움이 남는다."
지은,2.5,"무슨 인식칩을 심었나 왤케 잘 찾음?

영화 후반부에서 물음표가 머리에 백 만개 찍히는 영화,,"
너에게 가마,2.5,"‘신세계’ 이후 매번 느끼지만, ‘신세계’는 도대체 어떻게 만든거야."
김근표,2,시작은 스릴러 끝은 개그 뭐하자는 걸까
오소리,2,"박훈정 영화의 바닥.
김선호의 발견이 유일한 위안."
남현성,3,귀공자가 등장할때만 잠깐씩 살아나는 영화의 동력.
인간장현우,2.5,"10분만에 보이는 캐릭터
예상치못한 유머는 의외"
Jo NamWook,2.5,조커 웃음 이제 그만
luckyhyh,2.5,"""영화속 귀공자는 프로가 맞는데, 서사의 완성도는 프로스럽지 못하네.""

뛰어난 전투력, 깔끔하고 단정한 스타일, 언제나 여유있는 행동과 능글맞은 미소 등
지금까지 접하지 못했던 '귀공자'라는 새로운 캐릭터의 등장과, 이를 완벽에 가깝게 소화해낸 '김선호'의 연기는 영화의 큰 장점이다.

또한 나쁘지 않은 액션시퀀스와 '박훈정' 감독 영화에서 보기 힘들었던 병맛 개그도 관객들을 즐겁게 해준다.

하지만 전조도 없이 훅 들어오는 '귀공자'의 서사, '마르코'를 둘러싼 개연성 없는 전개가 몰입감을 방해하고,

과장된 총기액션과 권투 선수 '마르코'의 타격감 부족한 권투 액션은 영화의 단점이다."
chchaaee,0.5,김선호 얼굴 덕에 0.5점 줍니다
jjum102,2,이젠 정말 박훈정에 대한 기대감을 내려놓을 때...
김혜림,2.5,"1시간이면 될 이야기를 2시간이나 꾸역꾸역..
신세계를 바란건 아니었지만 고작 마녀3 수준이라니"
MOAAI🗿,2,"이 영화의 장르는 결국 '액션'인데,
액션이 하나도 안 보인다.

액션 연출이 너무 복잡해서
어떻게 찔렀고, 어떻게 때렸는지를 알 수가 없다.
그냥... 피만 분수처럼 쏟아진다.

<마녀2>도 그렇고... 박훈정 감독은...
이제 액션을 그만해야 할지도...

소소하게 터지는 개그들이 있지만,
그건 이 영화의 셀링 포인트가 아니니까.

그리고, 박훈정 영화 캐릭터들은 전부 허세가 그득한데,
그게 박훈정의 색깔이라면 색깔이랄까...?
볼수록 참 매력 없는 색이다."
이수티,2.5,"나갈 채비 한 세월에도 제대로 끝마치지는 못한 준비
큰 틀에서의 오락성은 챙겼으나 조금은 과하고 투박하다"
반성문을영어로하면글로벌,2,신세계와 마녀의 깜찍한 혼종
치즈에,0.5,김강우씨는 그간 필모에서 이렇게 일이 뜻대로 안풀리는 부티나는 남자캐릭터들을 모아서 하나의 세계관으로 만들어도 될 것 같군요. 그보다 고아라씨는 나오는 줄도 몰랐지만.. 그래도 유일한 여성캐릭터로 보여서 시선이 갔는데... 허... 안타깝습니다
Yedam park,2.5,"벤츠
광고 아니냐고,,,"
양성순,2,쓰레기라는 소문에 극장에 와보니 그 정도는 아니지만 많이 쉬긴했다.
초코콧구멍,2,갯마을 김프로
모아이,2,최근 박훈정 감독의 영화들이 너무 별로였었는데 그나마 이번 귀공자는 그나마 볼만했다. 클리셰는 난무했지만 이전 작들에 비교해서는 재미는 있었으니 넘어가고 여고생이나 어린 여자들이 총드는걸 시그니처로 생각하는건지 자주 집어넣는데 상황에 좀 맞게 넣는게 어떨까 생각이든다. 김선호 배우의 연기가 기억에 남는 영화였다
심지연,1.5,명절에 집에서 우연히 접하면 볼만함
유엲,1.5,"캐릭터 빌드가 너무 게으르고 건방지다
그리고 시작부터 한시간정도가 너무 루즈함
음 그리고 딥한 느와르 기대했는데 코미디가 메인인걸까…"
No.A,0.5,스포일러가 포함되어 내용을 생략했습니다.
뚱딸,2,아니 어이없는 게 코미디영화였음ㅋㅋㅋㅋㅋㅋㅋㅋㅋ 웃기긴 웃겨서 별 두 개..
User2777,2.5,뒷부분 내용 설명이 처지고 굳이 싶은 장면이 있음. 너무 관객들의 사고를 일정하게 몰고 싶은 의도가 보여 매력이 있게 다가오지 않음. 액션은 청불 정도는 아닌 것 같지만 중간 중간 웃을 수 있는 요소 있어서 나쁘진 않음
BECKS,2,"홍반장 필리핀 ver.
.
.
신나는 액션을 기대했건만 중반부까지 늘어지는 전개가 아쉬웠다."
허세인간,2.5,스포일러가 포함되어 내용을 생략했습니다.
김지웅,2.5,김선호 팬메이드 영화
백월,2.5,"ㅇㄴ 장난하냐?
김선호를 데리고....하아..., 이거 복귀작인데
내가 진짜 김선호 얼굴 나오는데 앞에서 졸지 몰랐다
2시간말고 앞에 쫌 줄여서 1시간반짜리로 만들지
뒤까지 보면 스토리 괜찮더만
아... 대사도 몇개 너무 오글거리고....진짜...
😒😒😒
선호야... 그래도 니 얼굴 봐서 행복했다
스크린에서 자주 보자
아무리 개떡같아도 또 보러올게
또보자 영화관에서
with T"
송승준,2.5,18세라 좀 더 재밌었지만 18세라 실망스러웠던 영화
이카앞,2,"에이~ 설마 00겠어?
그런데 그 00가 실제로 일어났습니다
가 반복되는 진기한 경험

+감독이 만든 웃음 포인트 100개 중 10개 정도에는 웃어주는 착한 관객들… 이래서 극장에서 영화를 봐야하나봄"
udong,2,msg 맛집이라고 찾아갔더니 그릇에 msg만 담아주는 꼴
김정민,0.5,"박훈정감독 영화 다신 볼일 없을것
그리고 고아라캐스팅은 미스였다.."
복어대가리,1,"재미도 없고 긴장도 안되고 웃기지도 않고 그러니 몰입도 안되고

2023.06.24
동래롯데"
이지윤,2.5,2023.06.24 홍대 롯시 초혜
초코,2.5,김선호 수트빨 멋져… 🩵
민현기,2.5,"경찰을 신뢰하지 않는 코피노와
경찰을 우습게 여기는 업자들
그리고 그들의 믿음에 부응하듯
그 난리에 코빼기도 안비추는 폴리스."
영화로봇,1.5,"새로운 건 단 1%도 없는..
배우만 열심히 한듯!"
sonee.verte,2,"개그요소는 적재적소에서 괜찮았지만, 프로만 볼 수 있는 시야만 보여줘서 어딜가나 싶은 추격씬, 너무 흔들어대서 하나도 못알아보겠는 정신없는 액션씬이 비중에 비해 아쉽다."
영준,2.5,﻿신세계는 틀렸고 마녀시리즈부터 일단 마무리를 지었으면......안 되나???
솨C,1.5,신세계라는 영화가 나왔던 건 박훈정한테 기적이였음
ohddol,2,"2시간짜리 러닝타임치고 내용도 없고, 각 인물들에 대한 설득력 또한 없다. 마지막에 휘몰아치듯 설명해주는 건 너무 올드한 방식 아닌가..?"
darkice,2.5,전체적으로 살짝씩 아쉽고 끝내 선을 넘어버린 1:다수 마지막 총격씬
조경현,2,뚝심만으로 밀어붙이는 컨셉.
원래인생은고통,2.5,"...도대체 무슨 영화임? 뭐라는지 모르겠네

김선호 연기 좋았고 얼굴이 서사이긴 한데
귀공자 캐릭터 자체가 매력적인지는 모르겠음
그냥 낙법 신, 강철 무릎의 사나이 돼버림

캐릭터는 마르코가 좋았다
이리저리 뛰고 어리둥절하다가
그대로 영화가 끝나버린 게 문제지만"
윤성은,2.5,"1. Plot : 4/10
2. Attraction : 5/10
3. Theme : 5/10
4. Acting : 6/10
5. Dialogue : 4/10
6. Cinematography : 6/10
7. Editing : 6/10
8. Soundtrack : 6/10
9. Directing : 6/10
10. The ""It"" Factor : 5/10

Overall : 5.3/10"
이산,2,훈정이가 말아주는 K-사학비리개저느와르노란장판비엘
사이다,2.5,"죽일것인가, 구할것인가
P.S. 프로는 죽지않아"
겨울달,2,감독 말고 캐스팅 디렉터를 하시면 대성하실 거예요.
타이슨,2,바지는 왜내려
북극하이에나,2.5,"재밌지도, 재미없지도않다. 주인공의 독특한이미지가 나에게는 흥미롭지않았다. 감독특유의 느린 빌드업과 이에따른 지루한부분,  다크한분위기는 확실히 호불호가 있을법하다.
좋았던점 : 감독만의 느낌, 색깔
나빴던점 : 스토리, 액션
-23.6.23.금-"
Vacancy,2,"감독님이 신세계에 사시나요?
그곳 대중들 취향인가 봅니다"
우지,2.5,"김선호 아니였으면 사실 안 봤을..

예고편과 본편의 느낌이 사뭇 다르군염"
Kyungjae Choi,2.5,"이름처럼 촌스런 영화
팬들이야 김선호 미소만 봐도 즐겁겠지만,
이따위로 만들어도 계속 투자 받고 개봉하는게 신기하다."
한승엽,2.5,"짜깁기의 짜깁기의 짜깁기의 연속이다.
김선호배우말고는 연기도 어색하고 영화에 묻어나지도 않는다.
그래도 포텐이 단 한번은 아닐꺼라 믿고는 싶다."
gluck,2,"어이가없다 걍
생각보단 괜찮음
김선호 호감"
표표,2,맑은 눈의 김선호만 남기고 모든게 휘발된 영화
novi,2,"박훈정 감독 전작의 장, 단점이 그대로"
Seulet,2.5,왜 이렇게 어색해
박상훈,1,제네시스보단 벤츠지
권나현,2,지루했다
zampano,2,이야기가 아쉽다
쿨쿨,1.5,"2023.6.22
대사도 별로고 영화 내용도 별로였다
김선호는 엄청 좋았다
개인적으로 최악"
스토리인,1,"김강우 영화는 영화 연기보는 맛이 있다
강약조절이 좋다
신기하게 전체적으로 다 그렇게 보이게 한다
다른배우들의 기가 약해보일 때쯤
뽜이팅하자는 느낌으로도 오고
너무 튈 땐 놀자 릴렉스로 올 때도 있다

돋보인다는 건 그런 것 같다
티나지 않지만 아주 안보이진 않게

코피노를 등장시켜 새로운 캐릭터 개발로는 좋은 시도
그 아이들이 성인이 됐을 정도구나
시간의 흐름을 새삼 깨달았다
but 어른들 캐릭터를 눕방으로만 보여 그건 좀 별로였다
아버지역 배우분 나 좋아하는데, 아쉽

빌런 빌런 빌런 그러는데
그냥 지들끼리 빌런이지
사회 악까지는 아닌 거 같아서 잘 모르겠다
그냥 집안싸움의 에피소드 중 하나

그니까
평소 관계정리 잘하고 건강관리 잘하자"
미안해요 래리(이성현),2.5,"길복순보다는 나았고,
액션도 볼 만하다.
근데 제발 그 놈의 후까시 좀..."
충정지애,2,.
사니,2.5,"나도 친구시켜줘 , , ,"
윤정선,1.5,피튀기며 인류애 넘치는 해외봉사 다큐멘터리
you35,3,"박훈정 감독 특유의 진득하게 늘어놓는 장면들을 볼 때면 그 분위기에 취하게 된다.
누군가에겐 단점이자 나에게는 은근 취향에 맞는 편안하면서 심장이 두근거리는 현상이 꽤 중독적이다.
왜 김선호를 끝까지 붙잡았는지 알겠다."
YSM,2.5,"선호형의 중이병 +1.5
강우형의 간지 +1.5
고아라의 연기 -0.5
=2.5점드립니다"
더께,3,무게와 유머의 균형을 적절하게 실어 나른다.
Go Get Em Tiger,2.5,초능력도 없는 인물들의 특유의 거들먹거림에 내성이 있다면 괜찮을지도...
정덤보,2.5,"김선호 배우의 영화 데뷔작으로 화제를 모은 <귀공자>는 귀공자 캐릭터의 잔혹한 소개로 막을 엽니다.
박훈정 감독의 핏빛 액션극에 멀끔한 착장과 인상으로 등장한 김선호는 곧바로 캐릭터를 소화해냅니다.

추격전이 중점이 되기도 하고 쫓기게 되는 인물의 배경이 극의 발판으로 깔리기 때문에 초반부의 대부분이 강태주 배우가 맡은 마르코 역에 할애됩니다.
정보 제공도 제한적이기 때문에 주로 마르코 역의 시점에서 전개가 되어서 관객이 마르코 역에 몰입하게끔 각본이 짜여있고요.
(그래서인지 전반적으로 원제인 <슬픈 열대>가 더 어울려보이기도 하네요)

주요 소재인 ‘코피노’는 후반부(스포성이라 자세한 설명은 삼가)를 위해 기능하는 장치인데, 꼭 코피노였어야 할 당위성이 부족해서 편리성을 취해보이는 단점이 있습니다.
또한, 영화 내내 코피노에 대한 비하적 표현이 잦아서 불편함을 초래하기도 하고요.

박훈정 감독의 연출 답게 피칠갑 액션이 극악무도하게 벌어지는데 이번에 액션 연출은 고문포르노에 가까웠던 <VIP>보다 <마녀>시리즈의 그것과 비슷합니다.
초인적 설정은 뺐지만 ‘존윅’ 뺨치는 만화적인 캐릭터 설정으로 액션씬이 연출되거든요.

사실 이 영화의 주요 강점 혹은 매력은 캐릭터 코미디입니다.
메인 타이틀롤인 귀공자 캐릭터가 그 점이 가장 두드러집니다.

등장할 때는 음료를 마시면서 등장한다거나 퇴장할 때는 용모를 단정하는 등 캐릭터 설정이 확실하죠.
고난도의 액션을 소화하기도 하지만 무거운 상황에 반하는 애티듀드 등으로 대다수의 코미디를 담당하기도 하며 영화의 톤앤무드 자체로 봐도 무방하고요.
소년성과 남성성이 공존하는 김선호 배우의 캐스팅은 매우 적격해보이고 이질적이지 않게 첫 스크린 데뷔작에서 톤앤무드를 조성해내 성공적인 데뷔식으로 이끌어냅니다.

다음으로 가장 눈에 띄는 배우는 김강우 배우입니다.
<돈의 맛>의 주영작 캐릭터 등을 제외하면 크게 눈에 띄는 배역을 만나지 못했던 김강우 배우는 이번에 극악무도하고 욕심으로 뒤틀린 한이사 역을 맡으면서 딱 맞는 옷을 입은 것 같은 연기로 강한 인상을 남겼습니다.

이야기에 필요한 발판을 깔아둔 후 러닝타임의 50분이 되는 지점에서 마르코 역과 귀공자 역이 재회하면서 극이 본격적으로 전개됩니다.

총격전과 카체이싱, 육탄전 등 추격전이 펼쳐지고 80분이 되는 지점에서 윤주역의 대사를 빌어 친절하게 극의 흐름을 정리해주는데요.
이렇게 중요한 정보를 제공하는데 있어 <마녀>와 같이 크게 고민 하지 않고 인물의 대사를 빌려 설명하는 식의 작법은 영화를 게을러보이게 합니다.

후반부에 등장하는 반전은 극 전체를 허탈하게 만들어서 의구심이 들기도 하고요.

엔딩 이후 거의 바로 쿠키 영상이 있는데 장난스러운 연출이라 특정 캐릭터의 심각성을 허탈하게 만들어보여서 영화 스스로가 뻘한 웃음으로 막을 내리게 됩니다.

 한 줄 평 : 피칠갑 액션도 배우의 열연도 소재에 대한 태도에도 곳곳에 심어진 뻘한 장난기"
라따구리,2,SNL 코리아 호스트로 나온 김선호
Pacific_Rim👀,1.5,훈정이형 이런식이면 곤란해ㅠㅠ 더이상 믿고 볼수 없잖어..
포뇨사스케스키,1.5,"귀공자 : “자, 이제 누가 귀공자라고?”"
지은이,1,#230621 #LL #3
장재희,2,필리핀 사람이나까… 많이 실망했음. 코피노 이야기 많이 있는데… 왜 이렇게 나쁜 아이디어만 나오고 로케이션도 왜 태국(?)에 골랐고… 엑션만 집중하는 것 같아요 ㅠㅠ 실망. 실망.
peanutjhy,2,"너 이런거 못 보잖냐
뭐한다고 잔인한 영화를

그냥 20분 일찍 나와서 스파이더맨 봤으면 좀 좋아

감독님 그냥 마녀에 전념하실 생각은 없나요?

영화 이렇게 만들면 화가 나요"
선우박,2.5,프로라서 다 봤다
단발의신사,2,긴장감 없는 이도 저도 아닌 보급형 액션물
김두영,1.5,각계각층의 인물들의 똑같은 욕을 하는 모습이 참 후져보였는데 물론 의도된 후짐이겠지요? 세상에…
유티지,2.5,김선호가 나올 때만 맛있다
땅콩,1,"너무유치하다 ㅜㅜ
개연성도 개판.

신세계하나로 너무 오래버티신다..."
모아나,2.5,"김선호 존잘!!!!! 김선호 재밌는 배우네요 얼굴이 대유잼🫶🏻
무대인사로 실물영접까지 해서 기분째져,,, 존잘ㅜㅜㅜㅜ

-2023.06.18(일) 우리동네cgv"
Unknown,2,"박훈정만큼 남미새가 될 자신은 없다..
마지막 액션씬은 인정하기 싫지만 내 취향"
김희진,2,"글쎄,, 강태주라는 배우가 정말 매력적이긴 함."
댕청미,2.5,"일반인 버전 마녀1
킬링타임 용은 된다"
박현욱,2.5,2023년 06월 16일
영화구름,2.5,"씹다 보니 조금씩 새어나오는 단물, 묘한 중독성을 지녔네"
Sehan Kim,2,"이제 박훈정은 영화를 자기 꼴리는대로 만드는듯
김강우 김선호 연기는 괜찮은데 이야기가 영 아니올시다 다"
ElinKim,2.5,김선호의 단독쇼
1castle,2.5,"답습하는 이야기 구성
+이도저도 아닌 개그 붙이기"
No.1 Jun K,2,"박훈정 감독은 이제 막가기로 작정했구나!
오히려 말도 안되는 캐릭터인 김선호가 살았다고 생각"
내성적인 윤도치🦔,2.5,"박훈정 감독님의 필모그래피를 한데 뒤섞으면 '귀공자'가 탄생한다.

- CGV 회원 시사회 관람 (23.06.16)"
김동현,2.5,웃으러 간 거 아닌데 웃기기만 하다
아리토,2,"<귀공자 a.k.a 마녀3/신세계2> 요약

내가 누군지 궁금해? 잠깐만..
네가 누군지 궁금해? 잠깐만…
아 진짜 조금만 더 기다려봐

- 앞으로 각색 정도만 참여하시는게 어떠실지"
Jaemin Bae,2,철지난 액션만화 보는 줄
신겟타,2,뭘 하고 싶었던 걸까?
Nn,2.5,"어떤 것에 대한 혐오를 적나라하게 다 보여주고
실은 주인공도 그렇다, 그게 내가 보여주고자 했던 역설이었다
라고 하면 다 용서가 되는 걸까?
이 감독은 전개방식을 매번 왜 이런식으로 하는 걸까.
아니 생각해보면 좋거나 호의적이면 안되는 나쁜행동에 대해 과하게 표현해놓고(심지어 웃음코드로 활용까지 하니) 뒷수습을 이렇게 하는 게 우리나라 영화 종특이었나.
예전엔 영화를 다 보고난 다음에 평가하는데 이런 요소들이 영향을 주지 않았지만
요즘은 영화를 보는 중 이런 씬들을 보면 생각이 많아지다보니 영화에 집중하기가 어렵다."
심야할인,2,역배만 노리니 중간이 없다.
Daydreamer,2.5,"잘 이끌어가던 긴장감을 후반에 너무 풀어준다.
결말도 좀 더 진중한 내용이였음 좋았을 텐데...
너무 얕고 넓은 대중을 타겟으로 하다보니 이도 저도 아니게 된 듯 하다.
추가로 대사가 뭉게지는게 더러 있어 안들린다."
소우,2.5,아 코카콜라 마시고 싶네
창개구리,2.5,대사가 적을 수록 높아지는 평타는 치는 박훈정 유니버스
경민,2.5,예고편 봤는데 이런 역할에 김선호 마스크 개잘어울림 ㅋㅋㅋㅋ 김강우도. 솔직히 독보적이긴 함 왜 자꾸 캐스팅되는지는 알겠음 ㅋㅋ
아아,N/A,"김강우 배우님 흥행하는거 좀 보고싶음 나는....

근데 이 영화 예고편 보니까
평범한 인간들이 나오는 마녀1일거 같음"
ZelKun,N/A,믿고보는 김강우(?) 인데 별로 안땡기는건 왜죠
토나리노 토토로,2.5,적어도 김선호의 캐릭터 하나만은 최고다.
한송두송세송네송,2.5,김선호.....................................
지민,2.5,김선호 잘생김
남자배용현,3,조금 조악한 영화
찬미,1.5,"이 지루한 추격을 한 시간을 해...? 감독님. 제가 나름 작품들 다 챙겨보는데, 진짜 이러시면 나 섭섭해!"
rorty,4,주절주절 재밌네요
오몽,1,무슨 내용인지 모르겠다
짬타이거사육사,1.5,그놈의 잡종 벤츠 프로
..,3.5,박훈정 특유의 액션신 마음에 들었어요
구맹꽁,2.5,킬링 타임 도파민
사문난적,3.5,"대놓고 코미디 노린 것 같긴 함
삼각 구도의 기본은 함"
Gamjamonk,2,"TV연등이 아니었다면 안봤을듯..
먼 김선호가 코피노야;;"
박세훈,3,낫뱃. 새롭고 액션이 맛있다
이사과,0.5,"멋있다고 생각하고 만들었겠지
그 점이 최악임"
Eun-Young Kim,1,"총체적 난국
그나마 주연배우 1인의 선방"
uncun,N/A,오로지 김선호.
이상민,2.5,김선호 델꼬 스토리 짜임새 그저 그렇고 중2병 첨가된 영화
김종욱,3.5,"박훈정식 겉멋
- 항마력이 있다면 나름..?"
쩝쩝이,N/A,악불사
파주 시청자,0.5,훈정아
규뱀,3.5,맑눈광의 김선호 배우가 넉살 떨며 말아주는 액션에 매료될 수밖에.
마왕,1.5,"철학 없이 폼만 잡아대니
가볍기 그지없다"
bbukkyubbukkyu,2,아… 나 미치겠네 진짜 ㅋㅋ
BN,3.5,그래도 난 이런 거 좋음 ㅎ
가강,3.5,ㅋㅋㅋㅋㅋ재밌네 초반엔 좀 집중이 안되다가 중후반갈수록 흥미진진해짐
정주영,3,괜찮은 소재인데 전반적으로 아쉽네
이진,3.5,"“내가 누구냐고? 그냥 친구 정도로만 알아두자.”

- 불상사로 인해 한 때 장내를 떠들썩하게 만들었던 김선호의 첫 스크린작이자 복귀작. 결과는 성공적이었다고 본다.

박훈정 감독은 김선호를 필두에 내세워 작품을 만들었지만 왠지 ‘한이사’역의 김강우와 ’마르코‘역의 강태주가 눈에 밟힌다. 주연보다는 탄탄한 조연들의 빛이 발했던 작품. 그리고 나머지 한 명은...

’내가 얘기했었나. 난 단 한번도 타겟을 놓쳐본 적이 없다고. 난 프로거든, 프로.‘"
디귿,2.5,스포일러가 포함되어 내용을 생략했습니다.
권석현,5,"정체불명의 추격자와 광기의 귀공자가 뒤엉킨, 숨 돌릴 틈 없이 몰아치는 박훈정표 액션 누아르 추격극"
아트문,4,솔직히 몰입감 좋게 만들었고 가볍게 볼수있는 팝콘무비로 이정도면 역할 다 하지 않았나 싶다
김민수,3,난 아무래도 이 감독님 영화 남들보다 더 좋아하는것 같다.
윤비,4,김선호 미소 정말 좋았다
Paramount,5,내가 이걸 왜 이렇게 좋아할까
조팝나무라고,3,킬링타임의 표준
여운,3.5,뻔하달까 그래도 꿀떡꿀떡 넘어갔다 난
다다단,3,재밌네 시리즈로 나왔으면
유수민,3,왜 재밌지?
김민지천재,4,"김선호얼굴 설렘
재밌음"
흠。,3.5,"(쿠팡플레이)

솔직히 장르 코미디로 했으면 이렇게까지 욕 안 먹었을 것 같음.."
Uebermensch,2,코미디의 타율이 너무 낮다.
나은,4,"<김선호 매력 차력쇼>

❤️
김선호를 좋아하는 사람이라면.. 김선호의 사이코패스적 연기를 볼 수 있는데 굉장히 섹시하고 매력있다..
화려한 액션과 잔인한 장면을 개그로 잘 버무려놨다.
신인 배우도 연기를 잘 하고! 그냥~ 김선호가~ 좋다;

💔
잔인하다. (하지만 코믹으로 무마되긴 한다)
후속작이 나와야할 것 같은.. 이어지는 내용이 더 필요할 것 같다."
John kwak,2.5,후까시도 풍년이군
유영준,4.5,피 섞이지 않은 두 피코노 친구들의 피 튀기는 만남
건방시오,1.5,"내려놓고 보니 즐겨웠다. ㅆ ㅏ ㅇ

김선호 음... 김강우가 신스틸러

박훈정한데 또 속았다.ㅆ ㅂㅂㅂ"
제이준,4,전반의 루즈함을 잊을만큼 후반에 몰아치는 전개에 적당한 유머가 감미된 김선호의 화려한 스크린데뷔작인 추격 액션 느와르
shin,2,액션은 볼만했다. 그외 시나리오 캐릭터 개연성은 뻔하고 지루했음..
아르캄,3.5,"기대감 없이 맛있게 먹는 국밥과도 같은
늘 본전은 하는 박훈정의 캐릭터 쇼."
몽실,1.5,마녀2보단 낫다
성경나무아미타불떨어진내발등,2,김선호가 잘생겼어요 밖에 기억안남
이상진,2.5,"주인공의 압도적인 강함이 영화를 완성해주는 경우도 있고, 물음표를 줄때도 있다. 아쉽게도 나에게 이 영화는 후자였다. 그러나 강함을 표현하는 기술과 방식은 매력적었다. 특히 악역의 캐릭터와 연기가 그 매력을 돋보이도록 잘 만들어진 것 같았다."
강썸,3.5,아무튼 해피엔딩
두쪽,4,김선호의 화려한 부활
신민주,N/A,"김선호 배우를 좋아해서 봄
그렇기에 별점은 따로 추가하지 않겠다…"
이누리,4,3.5 줄려다 김선호 미소에 4점. 장르는 코미디 액션인듯.
떡하나주면안잡아먹지,2,너 왜 그렇게 웃어?
jj,2.5,무근본영화
김준우,3,박훈정스러운… 매력적인 김선호…
일동,3.5,목숨이 오가는 상황에서도 능글맞은 여유를 잃지 않고 세상을 가볍게 여기는 김선호 배우의 연기가 너무나 프로 다웠다. 그래 프로란 이거지
트러리,4,"김선호와 김강우의 흡입력 있는 연기. 개그코드도 나와 잘 맞다. 마녀에서 본듯한 초능력 물 같은 액션은 조금 실망. 아무리 ""프로""라도..."
구구콘,3,액션이 시원해서 좋다
파르파르,2.5,"배우가 아무리 좋아도 느와르는 완성이 안되나보다
김선호는 너무 좋다"
박혜은,3,김선호 하드캐리 …🫢
FOR_EVER,1,"재벌가의 숨겨진 아이라면 좋겠다는 나의 아이야, 이게 쉬운 일이 아니란다. 넘어야 할   산이 많지?"
ParkDrama,2.5,"돈을 들인듯 안들인듯
한국에서 너무 총질이야"
코난,3,"2025.05.05
영화판에 프레쉬한 배우를 기용해
새로운 장르인 것처럼 만들어 낸 노멀액션"
이미교,3.5,"아니 이렇게 좋은 캐릭터를 한번으로 끝낸다고....
왜 2편, 3편 안나오냐???

ps) 디즈니 플러스의 '폭군'을 먼저 보고 나서 이 영화를 보니, '김선호' 배우의 스타일이 약간 어색하게 느껴질 수 있었다.

김강우 배우의 악역 연기는 진짜 미쳤다. 이야기는 딱히 신선할 게 없지만, 배우들의 연기력으로 모든게 커버된다. ㅎㅎ"
오!,2,애매한 액션 코미디..
감자탕,1.5,"추격씬 결말 개그 다 재미없었음
무료로 봤음에도 후회했던 영화"
라미,3,"주연들 연기도 좋았고 만화같은 구성과 액션도 매력있는데
어떻게 이렇게까지 아쉬울까?"
고민서,3,그냥저냥. 혼합
Uoo,3,"2.7~8점

김선호가 생각보다 연기를 굉장히 잘하는구나
졸라 또라이 같고 괜찮았음
걍 아무 생각없이 보기 괜찮은 액션영화
근데 결말이 너무 별로임 ㅋㅋㅋㅋㅋㅋ
갑자기 신파여 뭐여ㅠ"
강천모,3.5,25년도에 감독도 배우도 모른 상태에서 재밌게 봤다.. 별점 4개줄라고 보니 왓챠가 내 예상 별점이 2.8개라한다. 그래도 모처럼 영화를 재밌게봤으니 별점 4개 찍는다
문정제,2.5,도대체 신세계는 어떻게 찍은걸까..
nasty,2.5,감독의 전작에서 봐왔던 인물들이 나온다
콱씨,2.5,"시간낭비
근데 묘함 박훈정식 좋아하는가봐 나 ..."
졸렬,4,"맛이 날 거 같았는데 향만 맡아진다.
뭔가 감이 잡힐 거 같았는데 손끝에서 흩어진다."
김잘생,3,뭬야 이건 박훈정 잠깐 쉬어가는 페이지인가
황금엉덩이,4,유쾌 상쾌 통쾌
채언,1.5,뭔 내용인지 하나도 모르겠는데 김선호가 연기를 너무 잘해… 걍 눈이 돌아있음.
엠케,2.5,"프론데 프로같지가 않아. 그래서 예능같아.
그런데 이 분위기에 예능이 어울린다고 생각하는거야?
그래도 배우들의 연기력이 너무 수려하여서 이정도 평점은 준다.."
AA,3,저 근데 심장 이식은 가족 아니여도 돼요..
손혁,3,캐릭터의 개발없이 가짜같은 이야기지만 전형적인 갱스터 영화에 인상적인 장면의 순간이 있고 화려한 배우를 보는 맛이 있다.
이용민,2.5,"일본만화 실사화 작품을 보는듯한 기시감과 과장된
모든것"
충분이,2,구멍뚫린 서사의 빈틈을 배우 한명에게 몸빵치는 교만함
최덕훈,2,주인공을 띄우기 위해 조연들을 병풍세우다.
DDLINE,2.5,다른 길을 가는 듯 보이지만 자세히 보면 뱅뱅 돌기만 하는 그.
뉴나,1,반에서 공부만 하던 애가 나 몰래 델꼬 골목길 가서 담배 필 줄 안다며 가오 잡는데 필터부분에 불을 붙이는 걸 본 느낌.....
Ayla,2,"대사 진짜 오글거려서 힘들어요,, 배우들이 커버하는 것도 한계가 있지"
movie runner,2.5,액션이 좀 산만하네
김종원,2.5,영화 자체가 귀공자의 캐릭터와 같다. 깔끔한 미친놈.
ele,3.5,프로의 맛 !
natural_alice,3.5,"곧죽어도 쓰리피스에 섹시한 보조개 어쩔껀데
탑티어 프로, 비주얼 액팅이란 이런 것"
게살버거,3.5,"김선호가 잘생겨서 3점
웃음코드는 맞아서 0.5점
그저그런 킬링타임용 영화
기침 소리가 이상해
스릴러는 아니에요"
드리머,3,예상가능한 반전.
다빈치,2.5,"그냥 무난무난~ 김선호 때문에 봤는데, 진짜 딱 김선호만 보였다.

전체적으로 ISO를 굉장히 높여 찍었는지, 자글자글한 노이즈가 눈에 띄었고, 쨍한 색감과 다양한 촬영기법은 너무 좋았다. 연출이나 촬영, 미술은 좋았는데 아...시나리오가...ㅋㅋ"
김승욱,2,아무리 고급스러움을 펴발라도 뼈대부터가 썩어있다
jaku,2.5,"킬탐용으로 적당하다.
반훈정 감독 기대감 때문인지 감다죽."
mokzzi,2,"예상 가능한 스토리의 달리기 활주극
다음 대사를 다 맞추고 있는 내가
어이가 없었다

고아라는 정말 미스캐스팅"
에이든,2,"급하게 만드셨나 이런 난해하고 근본없는 작품이 다있나..
+이제 다음 작품은 기대하지 않을래요
+김선호의 연기가 빛을 내는가 싶다가 애매한 캐릭터로 다 망쳐버렸다"
김짱어,2.5,코미디가 하고 싶은 건가..?
로온,4.5,김선호 연기 ㅋㅋㅋㅋㅋㅋㅋ 간만에 재밌는 영화 봐서 기분 좋다
윤회,2.5,생각보다 잘 붙는 코미디에 놀람.
섭웨,4,스포일러가 포함되어 내용을 생략했습니다.
임호섭,3,"김선호 캐스팅은 좋은데..
고아라는 그런 캐릭터가 어울리냐??"
CHOPA,4,어우 김선호 매력 터지네 진짜
hammer,2.5,후반부까지 풀리지 않는 의문 속 지루한 전개. 자동차씬과 김선호의 액션씬마저 없다면 1점짜리 지루한 영화일듯. 나름 명작인 신세계감독님 작품인데.
보리스포에버,2.5,고아라는 왜 나왔는지 모르겠지만 코피노한테 코피노라고 하면 코피터질 수 있음
냠냠,3,스포일러가 포함되어 내용을 생략했습니다.
십일,3.5,약간 이런 허접 무근본 코미디 재밌음
mary,1.5,25.03.15
동네불패,3.5,의외로 재밌는데...
민경,3,거 액션을 주둥이로 합니까?
이승하,2.5,"애매한 컨셉질과 남은건 김선호의 연기뿐

롯데시네마 부천역 9관 D열 6번"
이상인,1,"재밌게 만들기 좋은 각본인데 감독이 참 … 별로다

같은 내용에 핵존잼 영화를 보고 싶으면 스모킨 에이시스를 보세요. 사실 그냥 무허가 복제 영화인데 퀄리티가 좀 많이 떨어지는 수준

P.S 극적인 반전은 죽어가는 큰형의 심장을 아빠한테 이식하는 거였여 영화가 그래야 재미지지"
달래리,3.5,"아무런 기대도 하지 않고 간 영화이지만
김선호의 논란 뒤 복귀작으로 손색 없었다.
박훈정 감독의 특유의 서늘한 필름과 잔혹하면서도 튀어나오는 코미디가 나의 취향이었다"
유겸,2,빨갛고 밍밍한 짬뽕
pacino,0.5,이런건 중2병 걸린 넘들이나 좋아할 영화
정수,3.5,캐릭터가 빛을 발한다
기매진,3.5,"나는 왜이렇게 박훈정 시리즈가 좋지,
유치하더라도 매력적인 캐릭터를
뽑는건 확실한 듯"
radio,3,뒤에 설명만 뺐음 진짜 좋았음
박선진,2.5,우리 부장님처럼 못 어울리고 겉도는 분위기
이만월,4,의사한테 속은거니? 못 알아들은거니?
추락,1.5,박훈정의 시간은 거꾸로 간다
2_Jar,1.5,#NAME?
이븐 Leeven,2.5,"'마녀'의 삼탕이라 생각했다면, 분명 한 방 먹을 것.

5.5 / 10"
레드,2.5,"액션, 캐릭터, 스토리, 전체적으로 어색함만 돋보인다."
찐따모션,2,남는 건 김선호 배우 하나 뿐.
우르르쾅쾅,2.5,"김선호, 그거 하나만 끝까지 봤다.
그거 하나는 인상에 박혔다."
미미,2,2025.2.18(월) 새벽영화🌚
lllllIllIllI,1.5,플롯만 봐도 아... 했는데 역시나.
누구시,0.5,뭐하자는 거냐
창엽,2,하하하 우다다다다.
네오걸,1.5,결말너무뻔해
Moon heejin,2,"그 귀공자가 마르코 쫓아서 다리에서 뛰어내릴때
슈퍼히어로 랜딩이 생각나서 너무 피식 웃어버렸다

감독 특유의 중2병 스러운 대사들이 이젠 슬슬 무언가 듣기가 조금 조금씩 거북?해지는 그런 느낌...
대사도 행동도 멋만 부리는 캐릭들이 득실득실한 박훈정감독의 작품들이 슬슬 질려가긴 하다...."
슴슴허다,2.5,고질적인 후카시와 가벼운 유머.
채채,1.5,"존윅 따라한거같은 장면들
사람들 뭉처있을때 덩어리감 vs 그와 맞서는 단 1명"
이준현,3,김선호 돋보이기
ten egg,3,김선호는 프로다
somcotton,3,3.3
PPAPPER,3,어? 의외로 괜찮다?
암마르,1,이걸 2023년에 내놓는 대담함
Presenttime,3.5,생각보다 진짜 재밌음. 주인공 캐릭터성이 굉장히 매력있고 전투도 좋아서 그냥 이 주인공가지고 처음부터 끝까지 존윅마냥 계속 싸우게 하는 내용으로 가도 재밌었을듯
겨울,2.5,김선호의 미소와 강태주의 코피노 연기
영화보는부엉이,1.5,김선호의 연기쇼
헐리우드영화인생30년,3,한마디로 허세 쩐다
마린,2.5,영화 제목이 곧 내용이다
회덮밥,2,건질 건 김강우 비주얼 정도
z m,2,큰 병이면 병원을 여러군데 가봐야지 ㅉㅉ
평론가인척하는놈,3.5,액션 연출은 괜찮은데 다른 연출이나 스토리텔링이 세련되지 못하다
마니아#,3,"기대했던거보다는 훨낫다
요즘 본 한국영화마다실망해서인지는몰라도"
윤수야,4,"김선호 특유의 대사 치는 말투가 너무 맛깔남
내용은 별거없지만 나름 반전도있고 비현실적인 액션 좋아해서 재밌었음"
서초동조니뎁,3,마닐라 로케를 왜 방콕에서 했을까? 하는 의문만 기억나는걸 보니 작품 자체는 큰 임팩트가 없었나보다. 김선호 캐릭터는 매력적
MUJO,2,"아.. 아 왜 빠져들지
고아라 대박 ㄷㄷ"
영화마왕,3,스포일러가 포함되어 내용을 생략했습니다.
한이경,5,나 이런거 좋아하네
고래,2,피식 조차 하기싫은 박훈정식 코미디
🐥스노,3,코미디로 본다면 꽤 괜..?
주디,4,김강우 넘 섹시한 것입니다…*
안재경,1.5,"마녀부터 귀공자까지
겉 멋 잔뜩 들어간 양아치 캐릭터와 시크하게 웃기려는 수준 미달 유머 코드를
더는 못 봐주겠다"
D노마드,1.5,폭군을 본 뒤에 봤더니 세계선이 연장된 느낌을 받았다.
뚱구와뗑구,4,"신세계, 마녀, 낙원의 밤 등을 연출한 박훈정감독 작품이다. 기존 작품들과 비교하면 색깔이 조금 다르다. 주인공들의 썰렁한 농담때문에 그런건지 분위기도 조금 밝은 편이고, 마지막도 해피엔딩이다. 김선호의 허세연기가 좀 불편하긴한데, 김강우의 망나니 재벌2세 연기는 아주 지대로다. (한줄평) 김선호의 팬이라면 무조건 볼 것, 박훈정감독 스타일을 좋아하는 사람도 꽤나 즐겁게 감상 가능함"
김호연,2.5,임상의 모티브.
장민호,2.5,김선호 혼자 별 2.5개
Paulter,4,어찌됐든 난 재미있게 봤다.
이시영,2.5,유치해
고구마군,2,"날아오는 총알은 다 피하고, 내가 쏘는 총알은 다 맞추기."
뢰베,4,"재밌는데?ㅋㅋㅋ
만화같은 영화 잘 만드는데
마녀2 보다 백번 낫다"
김상현,4.5,김선호의 다른 면을 볼 수 있게 해준 영화
영화,2.5,김선호의 재발견
이동훈,2,생각보다 괜찮음!
람머스,3,이게 청불인게 말이되나 김선호의 연기는 볼만했다
seon,3,"그래도 나름 킬링타임으로
나쁘지 아니한가

근데 너무 쓸데없는 인물과 씬이 많다"
ablaxas,2,폼은..
kimyhducky2024,4.5,박훈정감독님과 김선호배우님 좋아하는 팬으로서 꼭 보시라고 추천하고 싶은 영화. 재미있고 귀공자 캐릭터 너무 매력있어요. 김선호배우님 왜 신인상 받았는지 알수있어요
coolbasher,3.5,왜들 그러지? 괜춘하잖아?
Dongmin Yang,3,멍청한 놈이 계속 도로로 뛰쳐나가네
고민잉,3,넘 무섭고 잘생기셨어요 선호씨
EricKim,3.5,"폭군 다 보고 넘어왔습니다.
와.. 진짜 캐릭터 장인 감사합니다.

한국판 킬빌의 엘드라이버 너무 감사합니다.
아 너무 행복한 얼굴이 차이인가?

우리 한국에도 이런거 하나 가저봐요.

폭군으로 완성되는 캐릭터 연기 너무 감사합니다.
쉽지 않은 결정일텐데.. 너무 너무 너무 재미있었어요."
송치코,2.5,정말 많은걸 가려준 ”때깔“
0,5,"화면, 연기, 전개, 마무리, 내 취향. 박훈정, 김선호 사랑해."
hpreverie,2.5,가볍다. 감독이 이정도의 가벼움을 의도한거 같진 않아서 평가가 낮아진다. 가벼움과 유쾌함의 미학. 그 완성도가 떨어진다. 김선호 캐릭터의 원맨쇼. 악역인지 선역인지 알 수 없는 저새끼는 대체 뭐하는 새끼인가 하는 궁금증 하나로 이야기를 이어가다 모든게 밝혀졌을 때 생각보다 더 김이 빠진다.
KM,2.5,캐릭터는 좋은데 추격의 호흡이나 스토리 구성이 단조로워서 아쉽다.
ueti,3,김선호는 반짝인다
배정인,3,그의 작품엔 온통 소시오패스. 온통 이중구의 쿨 척 화법. 제발 멋을 내려놓고 캐릭터와 사건에 집중하길….
방배동백구,3.5,전 프로
영화 매니아,0.5,"진짜 쓰레기 스토리!!!
재벌- 배 다른 형제- 유산
김강우 캐릭터는 재벌 도련님이 아니라 그냥 삼류조폭
근대 왜 코피노 설정은 왜!!!

박정훈 각본하면서 감독까지 하는대
각본은 하지 말자
와 스토리가 완전 짜집기 창의성은 전혀 없음

와 나중에 알려주는 죽이려고 했던 이유
반전을 노린 건가????
욕 나왔다!!!

“그러니까 이걸 뭐라고 일일이 설명해주 기가,. 근데 뭐 걱정하지마 굳이 일일이 얘기 안해 줘도 네가 죽을 때면되 알게 될꺼니까.”

짜증난다 그냥 왜 죽어야 하는지 알려줘
긴장감도 없으니 처음부터 알려주면 좋지
﻿﻿"
한금회,2.5,좀 과하다 싶을때 두발쯤 더 간다.
MS,2,진짜 웃으면서 영어 그만 좀 하자
Chanmyeon,3,포스터만 봐도 누가 만들었는지 알겠다..
키타키타앙,3,어둡고 리얼한 영화적 톤 안에서 만화 같은 캐릭터들이 뛰노는 게 재미있다
권민형,2,"짜다 짜!! 짠내나는통에 도저히 못봐주겠다 그만좀 뛰어라;; 얼마나 별로일지 잔뜩 기대했는데 그 기대를 아득히 뛰어넘어준 영화! 김선호의 매력 뒤지는 마스크와 김강우의 개쩌는 연기(둘다 감독하곤 쥐뿔 상관없는 배우의 역량) 빼곤 건질게 진짜 하~나도 진짜 요만~큼도 없다. 아니 강우형 제발 그런 미친 연기력으로 왜 맨날 이딴 영화에만 나오는거요? 나 진짜 이해할 수가 없어.

박훈정의 퇴보 3부작 쨉쨉펀치(대호-브이아이피-낙원의밤 레쓰고)이후 이런 영화는 안나올 줄 알았는데 또 내놓는 패기와 오기에 박수를 보낸다! 이제 박훈정의 비빌 언덕은 마녀 세계관 하나뿐이지만ㅋㅋ 말을 아낀다 화이팅!

영화 내내 프로정신에 대해 씨부리는데, 나는 개인적으로 후까시와 프로정신을 착각하지 말라고 김성모와 박훈정에게 부탁하고 싶다.
신세계2는 절대 만들지 않길 바란다. 그냥 하지 말라면 하지 마!

(감상전)
이젠 막던지다가 뭐 하나 건져서 어떻게든 재기하려고 각 재는 것 같다
제발 차분히 무게감 기르고 묵직한 영화로 돌아왔으면;
매번 유치하고 가볍기 짝이없는 허무맹랑한 각본으로만 돌아오네
낙원의밤까진 기대라도 했는데(철저히 배반당했지만) 이제는 뭐 일말의 기대조차 안 생긴다 ^_^,,, 부당거래 신세계같은 각본을 다시는 못뽑는 이유가 뭐임 도대체 왜 그러는 거지?

물론 아직 안 봐서 섣불리 판단하면 안 되겠지만 예고편과 컨셉에서부터 이미 참을 수 없는 가벼움이 솔솔 풍김...ㅎ
폭군도 당연 기대 안됨"
NN,2,"마녀에 나오는 귀공자인 줄
김선호 캐릭터는 매력적이다"
천상환,2,16년 이후로 감독님 영화에 평점준게 3점미만들뿐이다..
여래,3,"재미가 있음ㅋㅋㅋㅋ
범죄도시 말고 이런게 필수교양이 돼야하는데"
삼선짬뽕,3,매력적인 캐릭터를 오늘거림 한방으로 박살내는 고질병
포스트말론브란도,1.5,컨셉에 충실하지 못한 장르는 끄응..
울감,2,조금만 더 고심해서 만드시지
Yacha18,2,"박감독 작품은 여전히 때깔만 좋네.
아무리 짱구를 굴려봐도 도저히 동기를 모르겠다."
밤빵,5,미스터리에서 오는 섹시
정수기,2.5,추격씬만 좋았다
이유,2.5,김선호 연기 하나는 기깔나다.
Jihwan Cha,2.5,자동차 추격씬은 왜이렇게 길었지..?
꿀꽈배기,3,캐릭터의 서사를 숨김으로써 더욱 집중되는 액션
구경만하다가구경꾼된다,3.5,세계관안에 빠져드는 맛. 현대판 홍길동전. 다만 초반 구성이 아쉽다.
Kimjungsoo,3.5,ㆍ
루돌프사슴,4,난 이런 등장 좋더라
Jay,2,이렇게 불편한 캐릭터는 처음이네
헬레나,3.5,김선호 액션 존윅인줄 능글거리고 웃을때 무서우면서 매력적임 재밌게 잘봤음
캡틴영화,3,신선했음
이나딩스,3,"영화관, 어쩔수없는 이런류 좋아하는 사람에겐 적격"
정욱,1.5,ㅠㅠ
우성,4,재.. 재밌다
권혁인,3,"ㅋㅋㅋ 코미디 영화였네
요새 태그 잘못붙인 영화들이 좀 많은듯"
경우,1,김선호배우님의 부활
L.Y,2,"어디에서 본 설정, 어디에서 본 장면, 어디에서 본 캐릭터 박훈정의 자기복제. 그나마 제주도는 또 안가서 다행"
유승현,2.5,뭐지? 왜? 네?
나잇무비,3,시원시원한 액션과 빠르게 전개되는 스토리 가볍게 보기 좋다
이현진,1.5,"심각한 소재를 최악의 형태로 다루는 재주. 짜치는 아재개그까지 더해서 영화가 심각해졌다.

솔직히 이쯤 되면 신세계가 럭키펀치 아니었을까 하는 의심이 안 들수가 없다."
Mj,1.5,나랑 지금 장난쳐요?
마르틴,3,"킬링타임용
기대를 아예 안하고 봤더니
오히려 재밌었음"
붕붕,2,스포일러가 포함되어 내용을 생략했습니다.
lnonvne,2,대사가 유치한건지 연기가 모지란건지 연출이 문재인
정종혁,2.5,매력을 내리누르는 클리셰 사이로 붕 뜨는 나른한 코미디가 흥미롭지만 기세만으로 밀고 나가는 단순한 작법이 아쉽다. 무엇보다도 캐릭터를 만드는 과정 상의 윤리 의식은 이번에도 결여.
해피엔딩 덕후,3,김선호 귀공자역으로 진짜 찰떡이다
현혜,2,본격 김선호 얼굴 제대로 즐기기
16,2,핫도그만 아니었어도 이런 영화 안 봤을 텐데
지누씨네,2.5,"#귀공자 ★★☆
허세에도 이유가 필요하다"
7,3.5,2편 ㄱㄱ
에어팟프로,2,"김선호 연기가 별로였다. 고아라 캐스팅 미스. 형아는 잘하더라
드리프트. 뭥미.?
느와르. 액션. 코미디. 짬뽕. 근데 잘못볶음. 맛없음.
다신안볼듯. 대사가 진짜 구림
신선한 반전을. 노린듯 하지만. 이게뭐야"
삶삶,4,"재미있네
다죽이는거빼고
김선호  강태주 김강우 연기가 좋네
뭔가 생각속
뭔가 꿈속에서
파바박"
차가운비,3.5,"일단 마녀2보다는 백배 더 재밌는게 확실하다
그리고 김선호 강태주 김강우 얼굴이 더 재밌는것도 확실하다"
식놀,4,액션만큼은 좋았다
씨네쿤,2.5,"거 박형, 이거 허세가 너무 심한 거 아니요?"
ㅎㄱㅎ,2.5,"2023.06.28(수)
영화의 전당"
78,1,"뭐하고싶은진 알겠는데
프로야 프로 이거 대사 너무 짜치고
코피노 어쩌구도 짜치고
걍 김선호로 이런 거 만들고 싶고
외국 로케도 찍고 싶으니까 대충 끼워넣은 느낌
코피노가 이 영화에서 자리하는 위치는? 전혀 없고
후속편 만들려고 했던건지
스탠드 보여주고 어쩌구 빌런 죽을 때 여지남기는 연출 들어갔는데 무산된 듯ㅋㅋ
노래도 구림
차 자랑은 왜이렇게 많이 함?
왜이렇게 영화에서 동남아를 혐오함?"
Junhyeok,1.5,2023.06.23 롯데시네마 동래
정원석,2,"김선호의 미소만 생각나는 피의 유혈상태,
부족한 여학생의 연기"
앙버터,2.5,코피노 도화살 존나 낌
긴꼬딱,2.5,"아니 수술실에서 탈출할 때 마르코를 인질로 끝까지 데리고 갔어야지… 돈 받았다고 걔를 홀라당 넘겨주면 당연히 통수 맞지 ㅠ ㅋ
중간까진 좋았는데 결말이 똥이네…… 이런 반전 별로임…… 중간중간 대사도 좀 구림… 오글거림…
캐릭터 하나하나는 매력있음 특히 김선호가 좀 짱인 듯???? ㅋ 김강우 강태주 모두모두 짱"
함성규,2,"쓰레기 작품계의 크리스토퍼 놀란 박훈정과 김선호의 만남(&국밥 배우계의 신)

당연히 기대치는 기대치라는 단어를 쓰는 것조차 아깝고 작품 시작한 지 5분 만에 구두에서 피 닦을 때 이번에도 제대로 말아먹겠구나 생각밖에 안 든다.

""한국인들은 영어라면 환장한다""라는 대사는 감독 본인한테나 해주면 좋은 대사 같은데 이번 작품 역시 도저히 이해 안 가는 한국어와 영어의 이상한 혼종 그리고 무의미하게 지나가는 씬들은 작품 시작한 지 1시간 10분이 돼야지 ""아 이거 보여주려고 그 개지랄들을 떨었구나""라는 생각이 절로 들며

전작들에서 보여준 것들처럼 허세 들린 담배 입에 물고 어쩌고저쩌고 대사들, 피 칠갑, 10원짜리 욕들 그리고 김선호가 ""착지할 때마다"" 박훈정이 한국 영화감독이라는 게 너무 자랑스럽게 느껴진다.

감독 본인은 늘 그렇듯 새로운 느와르 장르의 작품을 만들어보고 싶어 하는 것 같은데 코미디 영화로서의 재능이 더 월등한 것 같다. (비꼬는 게 아니고 진짜 코미디 영화라고 생각하면 꽤 웃긴 장면이랑 대사가 많다.)

박훈정 작품들에 나오는 배우들이 내 머리로는 이해가 안 가지만 박훈정 유니버스에 나온 이전 배우들 돌려 막기 + 그리고 이번 작품에 출연한 김선호 + 국밥 배우계의 신 + 감독이랑 무슨 연고가 있어서 나온 건지 궁금한 고아라 + 그리고 강태주라는 신인배우의 연기는 꽤 조화로웠다.

이전에도 그랬고 앞으로도 그럴 테지만 어거지로 시작해서 어거지로 연출하고 어거지로 끝나는 개거지 같은 영화였지만 나름 웃긴 쿠키영상도 있고 카피 닌자 박훈정이 만든 영화들 중에 가장 괜찮았다.

아 물론 박훈정이 만든 저급한 작품들을 ""영화""라고 불러주는 저능아들이 지구상에 존재한다면 가능한 말이지만.."
맨앞줄지키미,2.5,신세계는 뽀록인걸로~
윤다영,1.5,배우 김선호 프로 인정
ARAKO,2,-
